{"version":218,"hash":{"type":"Buffer","data":"/Dv0kGqi9iALS7TnP13DtxkKX4DrL4emMPhAxEKbDFUgK+7h8xiVU7Ex2elUNLPhgIBpta/Nhgh3iLn7QL9z04bS2OFA06sw3nWRSkWcYTOqdXlzFSWNOQrJzaQ3jsEkCOpfEFZTuld+BcC/Z++k9W/Sb9+cLh2TiUahRyybuQs="},"indexValueMap":{"AF+RAQ1g/4uTrh0aHEvRjgKJI2gHEKuKL+JwnCgmo8A=":{"valueMac":{"type":"Buffer","data":"imYaJIc76NnUe2YsBodLHpEFyLfvvVzzML4d8my1CLg="}},"AInu3XevQREmfypFdNlJb9NXO6vQRZ3U6h/ZajsGvFw=":{"valueMac":{"type":"Buffer","data":"Ge88v+SUS8Dmi9SJ2I8xl8ZJijyh4x6wgSCjE684V9o="}},"AgfhpHMkGHV0yrxpPl4odiIvdXM5IUap7l22LA5df00=":{"valueMac":{"type":"Buffer","data":"qHdxIFePEk/e9g3i7uMDFatJw8vrADMZ3CEL+i+TA5c="}},"AjoBqLZgFRNrBW5B7NfEgrjoAL27+3pxWHzn5UJb+ak=":{"valueMac":{"type":"Buffer","data":"CBgZku5h4EeU+t7xMHp8cFNHztbjjHjtPxxfbbqA7tU="}},"AycgMeET1tmTljwgigVu40DOR0gu3pRyO6yBlHb07s4=":{"valueMac":{"type":"Buffer","data":"PMOMlY36yb2+XlKMu92BirVqFLksQpUhZ8PmbCmCYmk="}},"BFxJiYOvv7S81UajrLnNv41d9pZvYhzVcaY5LArFUE0=":{"valueMac":{"type":"Buffer","data":"SB5+4kQ3455AHh/DWFpEquXty5B9xiHJUerJZ9X7LKA="}},"BZpaXoJ3MX99rIB9YR2Lxwa1YXcFVm+Kz41RNEUeMEg=":{"valueMac":{"type":"Buffer","data":"nXMXVEzRhk80PPx0LGCh8I8BD6BSxdcL7QbMIE6li6o="}},"Bh4bvk0lGQSdIjpDaFGNU1kglSBUkR/1rzzjEU+EP5o=":{"valueMac":{"type":"Buffer","data":"hfDuxbaBrOG9BLUaL4pej1RtAJHaG4cxpWRS0rIeD6k="}},"BjpRLYVKz/nZ3QzeggTZllNehRuOysH1IXf1Tbe9ENI=":{"valueMac":{"type":"Buffer","data":"TFRZpYIhzaDynkqOYIYbB4wJ6FZaa9L/gF5TRwiaa7U="}},"BpMrJ/5d4iDqiMkb10mgw6EH27yqvgUXwj/+yHqUTnE=":{"valueMac":{"type":"Buffer","data":"IZBqytZeUkSx/pQkMMk2sCfVnKkyQgR+RmPLbfZ+bWA="}},"Bt55YYpXhvKqmFWE7K6cluj7jIGlDtrCPwoyWdOX/v8=":{"valueMac":{"type":"Buffer","data":"XVsjAcCOCQ4UDJmVvPHv2JAf8ibFtFLstLs2Nlgpss0="}},"Bt6oHz1Yz7wxNQpDGtH17C23cORFL69e35a74IG2m40=":{"valueMac":{"type":"Buffer","data":"UJdMhUe89UKYaOJYm9MhrMQ7zHgVPlnRLPGXHyivYYo="}},"BvmP+Kt3MAwFVV7DDxNcavLuWWBPLQKxUQNf0SoJT1o=":{"valueMac":{"type":"Buffer","data":"J2VUDh9ea6sk8rbEQOyiI3MVBg/Wo/T82VEicVI4EeY="}},"Bvq/kF0+uuMD8gkXJAEDnSpCdp5B0eSmJaGMawwYL1A=":{"valueMac":{"type":"Buffer","data":"G13dRc8NHdmXJ+Ilwy29YRIknot/3eSgF60jr0k4wSk="}},"B7tTmrtv73LXnowbYIZsB1rJrRHY1AlRToF9vV5IbdI=":{"valueMac":{"type":"Buffer","data":"yqnJTeZuuoodjO8gqyomGORvMtO33+l/rZU2Zs+rY7s="}},"CoUZXKUz7eLD305DUwypnmlUzhAeUktFe71ub6G/DZM=":{"valueMac":{"type":"Buffer","data":"hQc6q8L9z8mh7lH/ZjJvcE0X5pQR9F+I6V44x7j3aiM="}},"CuA96LgW8UoCUDn4PxuR0flutWpAu+y4kt6S3OuvQHs=":{"valueMac":{"type":"Buffer","data":"wveWMJmQUCvYc54W7BVLWkRYSO16Gl6hGQIFjSQqvbM="}},"CvE4pG6uuAPUSaYCpNMFkD/o8NFp7OSLwr/3EQRA2aU=":{"valueMac":{"type":"Buffer","data":"ry2p5moodgkPEgVe5BHBrkwPALPtlOoERPo0RR1yb4Q="}},"DGIQE5YKFqANVFhrD3NNaSLvSWGW2hNqysjh5noA2Wo=":{"valueMac":{"type":"Buffer","data":"dCaRmJ4V4zoQP+6pwYolP5E1+VOQWrWvatjMi7EAncA="}},"DJlUocJBPrbWo5ajOZuqH2Cjz2kkuZsd5vI0hOsco88=":{"valueMac":{"type":"Buffer","data":"+1RfvVllDYwpc+CNPvoADk93iWy2UhLhZY+yHEA2mKs="}},"DMOe6ObWC2doYr0DcX9OMC/D/H21w+IBrKLn2sOOsWQ=":{"valueMac":{"type":"Buffer","data":"vDYd2K2xppT0utjemyjhjWh8qdTRBWuTM3oafQK6bKk="}},"DmK6D8LxaQ4TsSfqtjkABLylKJ9oPfA4HS1JFCBD9HU=":{"valueMac":{"type":"Buffer","data":"6DKPL6sqzRILJ+BH1AHKm7O8E9ca0OItJxRBTmhH9zA="}},"Dseryn+9jA7XzRY0TA+YC9GXehOIbZLYfolfbpWaVWQ=":{"valueMac":{"type":"Buffer","data":"OTZen5l1uiqYAmZS+ZpIsy2YZOdtQJu8EE14vgUPt/w="}},"D2qWcMn+8JQAEXR1zWLjPw522AafI+LFRr+ZWI9CaDg=":{"valueMac":{"type":"Buffer","data":"l2SCqa835ZrRaXbn/kxyGwQahFRK5LrQFKfMjTsrHa4="}},"D7nMuoQusNj58mZOjlqExk0iiy0j3SarMfGY0TgOWHE=":{"valueMac":{"type":"Buffer","data":"R4Kf7spyaKi+XmXqCx0Na9UHaNFdHvNn1Kp7lqdx4m0="}},"D8VZLWO1nKCq3rWrfGIDIy21hlXrYOUqtp/UPFBnGsY=":{"valueMac":{"type":"Buffer","data":"2oMtu4O+yH0hjifm0M2Uq6drzGF65sl14/41f51XEE0="}},"D97ixEzX9sxGXKJfQ3xctPbJXAP2Fq2CfVWWEA6Yu+M=":{"valueMac":{"type":"Buffer","data":"8tosRWHfabAaFHd2GhmgNMPiz9fzsnGq1KisGVFWTYs="}},"EHSbBJoMeLcHZCNtiCGOqpTNwMB+S7qv15wPtUi+UMQ=":{"valueMac":{"type":"Buffer","data":"27VpHyZfTI6NXk6ABoNF9/en+VxgdiBM7fQsOGlX+Fs="}},"EWHyisd8lN2mwkkPAGoiahyaXPc8GcFxi3HAZqoHbCo=":{"valueMac":{"type":"Buffer","data":"UEg04FQvJZe/zN6vCE/x4qMLXMFY8Pb4ws76XNhyzwk="}},"EXBKjxK837UptQMXbPLZreaI4wGAqcBJL6DngPCtcN8=":{"valueMac":{"type":"Buffer","data":"Wgvoe7+z93OjT4SCAYpAb4maVlctaO2zPEupK+BtFtA="}},"EeVhlUwDM3+heqhp2TGURS/LuM8rV2qtZzhqQHq5fyQ=":{"valueMac":{"type":"Buffer","data":"W12WWXGfvBv/Mcy2m5lKutnYNDlE4DkxZ8W4Pz2/clE="}},"EoHJ8KUbkXqaBpG1byZM8a8x8BT7yB4ot9kjZbwqN+E=":{"valueMac":{"type":"Buffer","data":"/hBfSVmciDkPdLj989oFSxDfFQqGN/2s8u+eZZ/BlRg="}},"FCc7K7c/ZOapnHO788rSX3rw1fK02FcOGPzGbAcmlrk=":{"valueMac":{"type":"Buffer","data":"Otm4OfbucOtkLMr94RNnHUxacNpRC6PYMUONMgJXN/U="}},"FRzaA7d+fymjVQwCpajU2Cmv59QwdPb3EknuIHdXRtU=":{"valueMac":{"type":"Buffer","data":"ZgbDxXvoxtyXoS4kH0QyQZPeuSMJbG9jMwUwGIQQqvc="}},"FlGNrxuGqEy0jhJgTiPC3I1smxf3Fd3ZxaSjXYhG3/A=":{"valueMac":{"type":"Buffer","data":"puQSKkpSWnePMu7mRSvjY0qQf5Ht/nOvGQHGgrzXNys="}},"FoXhro9RlDJ1G72o6PboV6IoBuI82dEe3VAWTHEpOVc=":{"valueMac":{"type":"Buffer","data":"VYMahgHPIKPjZBkzfXMP5PiQvHBxI3bHRdsw7UveKhU="}},"FvkrGTZsFNAF++2hs1TgO/aXbkv0g5LDQdLCstHnB9w=":{"valueMac":{"type":"Buffer","data":"ZF3gqSwcjL7ZDaXDTbWTuDnCAC31+EEeo8LjQas0HW0="}},"Fvq1+FrDTkhUqtzEpMbzsTE0Bg1oHioePsCtT/GzEls=":{"valueMac":{"type":"Buffer","data":"J4DIrdTKXq7HlVpQCgPbpDECUzgfIWDErmIWzXcK/iU="}},"F24HWVZouW+nFNTeR6jjTu/tl0rqofKRbXCRGr1WZd4=":{"valueMac":{"type":"Buffer","data":"Aqs562TqQl4YNB7+R1RSc3aQymuL4tDMRugQAGqAv/o="}},"F78iadXraBKc0HhSzyKS2GVlTdeZcpoFiTaDkP8QqME=":{"valueMac":{"type":"Buffer","data":"lNZ+68+/BxAEyEjrwYeLRhTMa9B/0Im+nWP/r2doEng="}},"GFiXf/P7sof3MEEffI/mkFkHZUpMxS1stknPzXj0CMA=":{"valueMac":{"type":"Buffer","data":"lESY+Moih0x956wXT9qjQ0toK5SL10gfXOdjBnyZJyw="}},"GSzJOZ1Och0YtZzLV2B6v36671r2pXWDiLIVcJ9WiqM=":{"valueMac":{"type":"Buffer","data":"PvK00tenTm0hRs1gtouItruVEdIBAeQkkWFEdzENjNQ="}},"GbDWDBjQ299Bome7fp+K/IbGCdHQO5CrXZo6qo5TTUQ=":{"valueMac":{"type":"Buffer","data":"14ZeNYhc8lI6KGutDQJft/VuS3sDc3Cd/o+a8OgZVrU="}},"Gra2a7/l7WikArqhPRt7MojqiMDpTJwGbpSe+ZXmB6M=":{"valueMac":{"type":"Buffer","data":"RmWJm5t51uoAtijMefqO34tk8CZ3EMbxWc/BowBqPP0="}},"Gxp2Lz8U0iBfFjw9OlWuTLbrr3zls2rbIcE4pslyBHk=":{"valueMac":{"type":"Buffer","data":"EUx98rRo4WxZUAzwtZuKLnzf6ouH9H/bvXoAGw/8jDk="}},"G2y4lYjLCT8c3O6RUc4TIrZHOD1J+uMAuyGF+trSPew=":{"valueMac":{"type":"Buffer","data":"6/FcQJ3JNlnPAhOa03mJdfwbqh2QfA+D5zQ0sYwk22U="}},"HGggK0KCaq3hbXMPt8SpFbPEmwFfR50ur01AINH4ajI=":{"valueMac":{"type":"Buffer","data":"b5rREVimuPdETzuf9TZ8cB8fe2rAXKq6JOv6P0rHwuM="}},"HICa4cyfC87yIHbmX+/VtrkeUNiZ2WlKuQeEyo2Sj84=":{"valueMac":{"type":"Buffer","data":"an7tRYJl4jfuka5UDxu36aC/Bbv12HwuLBCKf6ZXgYk="}},"HQji6EFmTrKW5IJ3WXMNLbYWvbLkOFdohY3SzF7WyaA=":{"valueMac":{"type":"Buffer","data":"tj29aI+g1GrS6RlsKywTORwyD+8EG+K4r6z5C7qSVjU="}},"HUf2K+wZwIN0dmyuNDI/oN+5avWAKJbP+TVA0+g28ZY=":{"valueMac":{"type":"Buffer","data":"iEcmvctPJ21FFymj5EfB6Ga3/09N85dgFJxAq1su4vQ="}},"HfTB+ws9OnwvlFJoAvY24NwH+ZQFjPM3lDsdqX1IdSg=":{"valueMac":{"type":"Buffer","data":"8d0YkAAH7XsCgENi70gWl4fW7Zmu7QYS1VN0/DNNwjE="}},"HffyMtvYV1ls9kTh/MdDZF7Uk3wkjtJmyi1zaLpzLsA=":{"valueMac":{"type":"Buffer","data":"NlgQSe50cHWZDkIrxg1H+KQoR6L0jWU7GnYO/73I43s="}},"IBZSNI5BDz/IwT/w5B8j0KJV/F4WIPQ/10ZBBqIMal8=":{"valueMac":{"type":"Buffer","data":"j9qThvcRvnmE7Ut4uuBRk2OSnOKelYbRY2FrV1ITiO0="}},"IO8G4zT1dJ1EQe8Zk0EDy7M2LZ7ffBjm+0TOECvczUU=":{"valueMac":{"type":"Buffer","data":"el43E3eeGrK7CJyRrswr+gEgNrRJ/w0et81Jiniv/Z4="}},"IRWxVscfyBsGflXgVBDXHAb31+61xiVR67LVsLp8qgU=":{"valueMac":{"type":"Buffer","data":"m5qj4hnbcKFB0LFmO416bgDoXfAAXG9X8TXPsvfIFTE="}},"IWRNUedMX49lW4otvCJb0ezI6y+eFEgFkWnnLigd3b4=":{"valueMac":{"type":"Buffer","data":"tP1LkPa5KO1R/jisPFt8xcXL+ZE/kJxtbT/sP7NO1sU="}},"IX3qAtExouZ4eyUaqf0t8M5l473QOa0xLni1DxxP7N0=":{"valueMac":{"type":"Buffer","data":"pjEzuI8ALqpbKFWsqrO0aZEY6pkxbKnLx8M3TK7wja8="}},"IuP2wpzXNdEXJF2zmjGYn1UCXHAmf0z9ueZDXtzrNgY=":{"valueMac":{"type":"Buffer","data":"sUo325CR5vV3q5BoWZTRNu12lnMAAZSj2v1GRc4Aeo0="}},"I0nPjlIxLfMySliFfnGg4NhGbje9r+KFlfRzessABwg=":{"valueMac":{"type":"Buffer","data":"wejs+/+1qTNvHWoktTapFZaoUzHXlQllQriebTlBLCE="}},"I7vkk5UtFwe5MqM68KJyv0k9ZoMNTKloqMtA4DJvFCo=":{"valueMac":{"type":"Buffer","data":"+EJmrACA+xHqrcRLABomZMF3aJRVKfF1Sjj8rab39QU="}},"JNR5EVt1WIG2SHYcioiw/zv6lReEVZUelp2W9GE++ZI=":{"valueMac":{"type":"Buffer","data":"aFVtT1A1t5/LIh34kKEOz+IRoZrByvknKLtKmGFhS1s="}},"JWNxxA3S1VWswCAdDgPyVB4Pc48bhRBJBhDW+1aL7bM=":{"valueMac":{"type":"Buffer","data":"hH6rr1bcY+5OFs+CWCn6ZDAjEO6mnwxqzIN0Hr4hmvk="}},"Jl3Z1MSjLRvcC8l0yADakckqGT8wjJO3h6BUb9YRjf4=":{"valueMac":{"type":"Buffer","data":"BqPxb3B42NUcYgdHqM/oLFFaNT+Hjb2I99P8Ive94XU="}},"JnM71/lnyI4zgjCZzosBr9cjQioyg2xaNEQWiqTBwe8=":{"valueMac":{"type":"Buffer","data":"Ivfy3XE+RqnPYm4q4xoKyWHAk2t3cnEyQCQVRJi3nPQ="}},"KOAa5Z48qSm0Y8LEArzPGBJykk1y2s0Ghw1IZJPfOM4=":{"valueMac":{"type":"Buffer","data":"MqnTT5GQDvJ6VabZgUlYJBDtcNxY27FThsEERx9P7Bw="}},"KPqwfFCFkPAnDo6ALrTpu9h42KeD1qef/FvGenjY8Y0=":{"valueMac":{"type":"Buffer","data":"ga0TEYNnE0jBRJEInQQJ3N7ZnpRY8kE06r0vjYrfBiM="}},"KS+N9uAmO543kgZwtsFRwvB+yKCTlFsu4OefggGoBgA=":{"valueMac":{"type":"Buffer","data":"78vScxIdk/BDNy4gKSYp26v8jX1u1/PwENJFW3UCJ1M="}},"KWGjfMVLJjom9WLX4EEPWuKgdkoNfXTN62EN8ZOJcpI=":{"valueMac":{"type":"Buffer","data":"GyawHsPbZ41X/3Y28e43lArcVZggigekAr38jdPYlHo="}},"KdCij/D+RHA4Pa19/+aZl5IUgSS9fmjfiN2ddSKxeGY=":{"valueMac":{"type":"Buffer","data":"Xj79iLLm7MXy+XbLB6lDjs6D9SfMw/kagFasPzWng4o="}},"KpMhqoYuewTo4FdxBlNpXd1EMvBVnX3OHAYmNX5w1zU=":{"valueMac":{"type":"Buffer","data":"d0FakH595pVj6lyzNWdKvSR+1t4kEDing4JZMF+QDuM="}},"KrxL8BZVLHQZE093hA8qB6AxqicXLEuBFAuGwS91AI8=":{"valueMac":{"type":"Buffer","data":"D64YQsNVr1SWLm9ha8CjtrTHwNlLuPEEs2HZG27YZM8="}},"Lk/tWUeQ7ZaevPOoDpMdDILEld9y2TPxoolNQyaygDA=":{"valueMac":{"type":"Buffer","data":"o/o4DLS+xpTN58r2nHEmVLJiiOfFjrGuH2IP9oLbcLQ="}},"L4W3iWssp1d/s2vY+vas45NA9ZQh7Zqc8njm+aEp6kY=":{"valueMac":{"type":"Buffer","data":"KWhBxwfqBqZbXFw8hxoj3upBE07eeNrtGwd9wO2mW68="}},"MGncLkEI51bcZ2lbxsXJTWtS0mmjiabgV55p+jYUAKA=":{"valueMac":{"type":"Buffer","data":"AsHI4610cutKdjKbSKl1KgetqaoAzNpm2p1VhvUL57Q="}},"MTaI9E5x0mlvdxeb7H2bcvI6CF6vDQqCSqPqOJ4HvuQ=":{"valueMac":{"type":"Buffer","data":"6hY2Q0fmNWi+On3+GIb3eLdXW8u2E1lAn3q2bzyGq8I="}},"Mjnb8W4L5v1kmttG2T3yydJfLRqa6+b+1x1H13zSSI4=":{"valueMac":{"type":"Buffer","data":"rYvllLIgrDgm/1Ifm6X4sl+oqZE0XBu7yXmSRcIim6k="}},"MkxP9tSI3zsG7l4/pwNrvzq2sLQMuwIxUaLn+TbQi6o=":{"valueMac":{"type":"Buffer","data":"VjIYQ2hgXHkv9pYB0v3pxP91rhx796dc1Ihq2wGzFlM="}},"Mnbhf4Ng853zw5qPNuK+IpHpk0cy17e0x+NK4ckUTnA=":{"valueMac":{"type":"Buffer","data":"C4D2783aiJZTXMvK21bpgY83JGqLFKdGVhkX5Ped2FI="}},"MpBYJOV7NBDxoMTZ51krI5dlgWOhEEoJOTIBa8lgvq4=":{"valueMac":{"type":"Buffer","data":"ZT7pK5y7eXn2tLVqx+vS893+JhxUFIf7Zt1h0JZlQEU="}},"M4bsQVwmcXevWseqq3pcMZxy7/7d0m1FIUv46y+Kowk=":{"valueMac":{"type":"Buffer","data":"r1xCOqNp+5Jbsc2J2y3YksDYSeTn1r4/7F3wogZelvY="}},"NED7daPL0dvPBAEBsOnSOwe5SIFRb6lGtqw652WmEbs=":{"valueMac":{"type":"Buffer","data":"5LBOV9mZAmQnWP6ieLVjH62RYlgkeN3HfqGz3KoZsls="}},"NPDyk0utfKuljH98T25coMtCKxBM2Yr5BKWuBWi3ygY=":{"valueMac":{"type":"Buffer","data":"6hXVKY5XhGrqX49n3VdO1b9MTmbNYOb6MzxdWyaFORc="}},"Nzezesc1FkH4u+kYOV5xq2SJGel7wCKdfDOhEZcSy7o=":{"valueMac":{"type":"Buffer","data":"0xxqZo9vUfA6KkBjTD333fH/SxtA1GIWva+flQkObSk="}},"N6Bqm9TI8JdC0Fxpl1F/xDhCpPFeO6feh93TJo70RFE=":{"valueMac":{"type":"Buffer","data":"ITAquaQRYovrG+rqKZXkzG59MKZxRX2DKL5ckigebS8="}},"N9g/sVeb9XWl3uLAaxOHB6cm4Vp6w9MaXhyEf/INwvM=":{"valueMac":{"type":"Buffer","data":"ogjGl4ASf1a+K6sEcrrLRWAxxqJkPRHGLt3GCr7uW9Q="}},"OO/RL3cCtLCm528efxElJ/E2TANS84ql6SHiyQLqHwE=":{"valueMac":{"type":"Buffer","data":"QuUZDFI4g4k9ohCdDu+n1ielep4hBqaoXKyH0jLgFoE="}},"OlwzVkwV5FT5NjOdtPozQ1SsFVgTgiYr3xYfTripjbI=":{"valueMac":{"type":"Buffer","data":"ubW/BeijiSqrKYf2JbJQzIDiD4Bb7N/7Vxj+TQlgRHA="}},"OzgBQLCIYbmfvCpSU1P+hLdKVuc0WBkXsI94Do58fk8=":{"valueMac":{"type":"Buffer","data":"S3yeJjd9o7MPlopYM8Byk3u0a36e0CBv+k4XISAj8rQ="}},"O1EEsIM4NjxeoVLiaB7wSNf4EQK9pckkNPdUIV4t4GM=":{"valueMac":{"type":"Buffer","data":"kevHJ1nbY30H49UffFpMYCsh776OX/RMYVX1xcP8RRQ="}},"O+F3eL3UqfXQGES+eAkE600xdpLQ4JepAwciSyqAAAE=":{"valueMac":{"type":"Buffer","data":"OlZKh3xrqJ17wgKO1UV2sdE8jqG3W/7ZKH39YcL9wVg="}},"PDDq/nuoTn07REQkj3c/+d6hZ4DDc4N4bJQtwItSRCU=":{"valueMac":{"type":"Buffer","data":"YztPPeoZdB6w8/LRxe5d8RYW8OLcqfN6Eto3YdQuMhM="}},"PEEvxC/aqf0p1vETNH486qqvA+CSjyS04nbvI9td1og=":{"valueMac":{"type":"Buffer","data":"S0eCjG7vizffWdUBSiIYDkP/Amcfj/UHAG/AaAjM7TA="}},"PGdKT9meIHpb0BI1RyQxEfF7gHuG1uykeBQiPlNV/u0=":{"valueMac":{"type":"Buffer","data":"TlQj4wLaj44PsAXXA+LgQRdll/HDTWUDsX+zrS3cqv0="}},"PHpQKyxNMGbMbP5BE/8IitXZQy0whXEBVX5vh9PHmyM=":{"valueMac":{"type":"Buffer","data":"puRraP4okZXFM0Wbwo6D4j5XlMqZ7rXT0tH3VGsgMSU="}},"PcPlMfI/njf9MdmhD1g9ntuJJIq65PTJwMcE13RD3vs=":{"valueMac":{"type":"Buffer","data":"CrkGhMG0GNJWZmnCGAdvw599z0ePqUEFZ+/5Fvr0fiM="}},"PgqIMKm1HuOq+ADx3ra0sfSQ5hXTI0NyyshF50eMo5s=":{"valueMac":{"type":"Buffer","data":"gbhUd4S37RPBk7kHnKmFAj+CcyDwF/GxLM5Z/DlGZyM="}},"Pic3UlUzqUsw9MShv1P1pWPPZHPqaQMv6QGeXGD3Gzw=":{"valueMac":{"type":"Buffer","data":"kt4aC5hAIcObWRNXhCh2IF4IXQ1ILJZQXuUfg1HhLXU="}},"PjHUKPAfsEYGZB4cV2Mh1XWUS+xqPj4pXsq1Iie45Qk=":{"valueMac":{"type":"Buffer","data":"exm5BfzEWZd8fygM39Ms/D+/36ir1v8m2qELDNb5/h0="}},"PqCbbxDc/owiKtyDjSD6pUpjNwdz6cStbE0WeiFIdrA=":{"valueMac":{"type":"Buffer","data":"ctq9IasBhbgx0dFLuHXiWuG4e6IVC6cfIr+HsLkNqo0="}},"PzmdA2zj5rVqAfXpIKfi9zePM42GZjivv1HQU+xy6tc=":{"valueMac":{"type":"Buffer","data":"P09ht/9xSUaLA8AytmbcNfxB5Ke5Z3LWk/z8iKsqcEU="}},"P4obsQB0HkE0qrskqIzF7rKDaf7uuJRjEb8zEsMPkBo=":{"valueMac":{"type":"Buffer","data":"gUSZF0PSdnuC5jlb0KGRmgoGNH8KOz5sOow8i8+Wers="}},"QHhQsrrngXsVAzr+8ak1RXkgoVakLNNTz8jenjfWZao=":{"valueMac":{"type":"Buffer","data":"JidwR9/o4siowHr6J1dPqr4IOWgYhadw9E+qb2B22rI="}},"QPALdPT76QMxQoz1Y0DGQeZv/0dF/+/eIURmhHNiYIo=":{"valueMac":{"type":"Buffer","data":"aQD/5vmsB7NORtNb829/M9TS50rpmYWYWR9voAWSTTg="}},"REhGf2hlIDIa5/J3VDSj8H4EusUeCv7V1vqZc+/cbgU=":{"valueMac":{"type":"Buffer","data":"0suWx/6HS9zn9o2VxoWoYa6yTOsHW6SOveyz6LBsc1U="}},"RPa0Upvxwt6CEPWkYhGaE4bLWly2HLTNKms26CXeXzM=":{"valueMac":{"type":"Buffer","data":"N4u9CNuiaVQIOtPiVpKal2CrMyUXpo0d/07h+z9LCzM="}},"RUbP5YuWd6OAuOqyktIz6lbdzXHr+d+QdoZlKNeCNj0=":{"valueMac":{"type":"Buffer","data":"H75+xCpmvAuELm0V9alwxVxVlf2pvlrw6DGLM+daLA8="}},"Rc37iguoSgl9serDa3siNMcJqM+LMeFhE1OkcwYTO+0=":{"valueMac":{"type":"Buffer","data":"9V8GeriQMldJD9p/23XitHNyxP1gOm5waqIVmqIt3gI="}},"R7+2CndlLv5KokYZAdi2mJTC2WeNMdhksQNyvzjJg0M=":{"valueMac":{"type":"Buffer","data":"Ox+Axi7DUWbaMdJQEll9T5Ne4iWfZnl55oJUrnSTtzE="}},"R9SdBR6XHoB1+f1/sRyUP4DFHV4hrPo0bDXb59GTvKU=":{"valueMac":{"type":"Buffer","data":"RsSxtLEcgrAT7oACuDnfn2EhVrfYW5J3ldo8ph4TeOE="}},"SCPLLOgqi35G+Wt2q0LAMzARsntr44BUAV5Yosvs5iM=":{"valueMac":{"type":"Buffer","data":"QNSLdHuIS8xzJ4PB4tBMYcdkVGaLO7+3sTc7gXL3wm0="}},"SHfR4GeNRHhLaDBlQi9GMLBrX7TmgtBSfH1jOa6nzaM=":{"valueMac":{"type":"Buffer","data":"5TWz4NjOFaHT8HLh93yq6jzG+34+f78JSaC460dmqmg="}},"SMSrGqtzBYxT8ygRcEQy/jCRaJX+s4In9B8VvOXZm5g=":{"valueMac":{"type":"Buffer","data":"lJI6dLshjYXXXfY+KPAlkSCFkzw1IZ3pYSbG/awriZ4="}},"STPoRgOsH5qopdlQ8AcNhDuHoYahrmZYBrkA+TbzcJw=":{"valueMac":{"type":"Buffer","data":"jh3D8AzIibkdUg6dHhEjsyGvTvLzh5Lp/MiPm9eRCpY="}},"Sa1WOHJdVDk933g+WQq7ZD0fTxU+qM+1nouoc7rQNWY=":{"valueMac":{"type":"Buffer","data":"zBtGTADNsyhqfq7NudH1e4DMlZcsl2/PG6Dp+yYXFN0="}},"SjSRKvkE4IiVeOc6dwE/sYN+3SN74+m5clotEKchZBs=":{"valueMac":{"type":"Buffer","data":"JHm4elKYOMVtzq8vQm8/7cIwt9NQsa602xMGJS3L4YU="}},"SnGjEf4WZIIKm0QLfvgEw0fQXrfJDfKOnEGIYlL8Yf4=":{"valueMac":{"type":"Buffer","data":"/RptEpMolE69SZDx3r/wFDZDx6VZRrbjtV5/duVu0wk="}},"SpGLRdb0q0SsVEG799E1o2MC3/jnGEYrVPwi81fb/oA=":{"valueMac":{"type":"Buffer","data":"xGoKtusLCgE4mD45GTyZbuqvfYi75yrvZ/GArAr0MNI="}},"SuXHW1UyLZn9G/HeC6Ob1Qj+C9gAmjaUZGvK5XJobSU=":{"valueMac":{"type":"Buffer","data":"kwUnM6puxiiWOZduvGs/8lbjB9eZKlKkKF1sMZuKPQY="}},"S3qiOVgslfeqmVr5kK/cBsT1BWf56GfahHRQXkcAjQA=":{"valueMac":{"type":"Buffer","data":"7FxGR3p/aWSKo0dTuAERJkpyYRfgdGP2eIXnot01Vbw="}},"S+Pj7NHSCvY0aX+4r/NJ3Om9UmMfOvZewVIL4wulU24=":{"valueMac":{"type":"Buffer","data":"oWyCxnPL9yAkmDwJvHge3bHw7FuaFcM0fPiT5hwCefE="}},"TAEltiD6nZHtjB35CxgJ83VNLvBlRiylrkZPunHf6e4=":{"valueMac":{"type":"Buffer","data":"bXqMVgHUwdPUg6VBczgkMkaxSrxWL3SGdfORJdgUZWk="}},"TBteWGfrYklrZf3JNTY87gIOnxbS93yHVLJ/HGX4AIU=":{"valueMac":{"type":"Buffer","data":"ehfCwaXpSCJ6V4R0uXpTADbDzHKFZsp74ec4jQZvzCQ="}},"THoZMenYqBZDyLjpjWq3a3rRMCz2TdY+93ysz+4c9Jg=":{"valueMac":{"type":"Buffer","data":"aUKq2+Dk1G/r4ep4VHaHBfyQ7E/MIwpC57tsTX2V+Mo="}},"TR0bAsmqw8t2g0Q9RCChCzY9nyVI/nXvnXPFhShBCwc=":{"valueMac":{"type":"Buffer","data":"pyQOEyqCNUayNudXdOrb+XUAxV0TlteKczM8ZlBS4Fw="}},"TWOaoqlag1cOmYM8sqmPsJnmDOxc+uF9845P5fOt3aQ=":{"valueMac":{"type":"Buffer","data":"SGBTSU5Cp6WpsvY/kLQsAgXEzlnQrP840b13QJC4wko="}},"T3x4gCz/BjzjGu9Z4F7QHQKCHsqFPiAq+kt57TtonJg=":{"valueMac":{"type":"Buffer","data":"uv7Gv2RZ+rdrRvXZKniK8D0pL+okxwzKXKEXey/cdqQ="}},"UHIWEW0SszsZb8g1s8Hy/LepTcUvVc4k8Ilc58vdfcE=":{"valueMac":{"type":"Buffer","data":"hqtoFxDBeabOqDQaCuwqs3HYTpZpGTFyp9HLwXG9veA="}},"UJtS9p+Ris7VTBy37V8wTF2VAEvRcfas+VNLTESPRLY=":{"valueMac":{"type":"Buffer","data":"sltzRD5IhQvXnbMUnZ2aBFf7ffkYiHRbTCGT7WC1B08="}},"UJzYOmKUA1/ECVozT0MbrdPYZdEqQiCFKfPw37TrH+I=":{"valueMac":{"type":"Buffer","data":"LmfczqS/TLTVeNvgaij35JK8zFI+78QR8uROcOU/rWc="}},"ULQ1SUkqdS7bNK0Z6CqGWYukhrdJS1zG4cMkZNahHfY=":{"valueMac":{"type":"Buffer","data":"YSFAqe8n7JzhWSVBbG9kirGYvT0227BczlW/30lhp1o="}},"UhYVNTxjLF9Xorguk9dQgsO978P3oS+uzlLfXxn3gIg=":{"valueMac":{"type":"Buffer","data":"EvpXUKrBwUC0GlzujBVKU38XcMioIoMzj0j95S94FSk="}},"UwGizYK0JW7mdDGxfBP0bdXxPoMNeAvr2/cRf7LqrNo=":{"valueMac":{"type":"Buffer","data":"7grX1oIlM91Rrgd0MHVIV4/ZAFWBa5IwOLK2Gm2wVFE="}},"Uwg6S6eTpa4peIxpCRBRN7SIZhXVnnVD4s1gsqkTvLk=":{"valueMac":{"type":"Buffer","data":"lAQjJgIvXKCG+VQM3Wk4kZJ5cQSCAwiKyAy/mNsw1pU="}},"U6/BW33EOQwRq0LYvUAVRmRhO0+Tltl+ntuN7XcxxDo=":{"valueMac":{"type":"Buffer","data":"9bqXJMZ/tGgRNSGL1hUWqiU9+JjKAECAhjOTBywDIng="}},"U9n5mHUTevciyjlAv2eP46lLI/8ArKW92D8ahQ25Qlc=":{"valueMac":{"type":"Buffer","data":"wgtwwxffa6NB9PF0yGEzI+jpX13PGqM6TOdOccIjRgk="}},"VR303055msXg0xnM7mqBECgOlXSAbK7wUjF05T2IujM=":{"valueMac":{"type":"Buffer","data":"L1EZJu281KRCq8Zm6P31px0lh6XIlLuHvLAc6nlUQgo="}},"VSnmewhgPaqeptUrwwpkgZlXuGd8ypPgIPBJFevUfxw=":{"valueMac":{"type":"Buffer","data":"Fr9MjxObv8f8npCYAgs/RNs+Oe4GF+AHesAHOtapBRo="}},"VbPQ387cYk4JTslqeehOL6Nx5LKZLokyQEDdRT75ecE=":{"valueMac":{"type":"Buffer","data":"hpyB7O1AHdJ/lgiRylOphFEUyzBMy9RL2o4jzvP0yzA="}},"VcKAYI3VvxrmqxSj9eWuXPe4t5HYf74hguy0JuINrnY=":{"valueMac":{"type":"Buffer","data":"8FbsgZ9zBdpanuZt+HXYri8rPstpnOTkEmdxrTSpxAc="}},"VoxjBvK6emys23Y6/DKKIKg53fxtb8kgkWU2Jr30hQc=":{"valueMac":{"type":"Buffer","data":"4kY+fd684eStWRRNTjYD+0c/ysA8e16aFIUHRiLOnO0="}},"Vq9swylEDweBx0KIoeyggU5lGtz2tgJjDfEqGh8dhCw=":{"valueMac":{"type":"Buffer","data":"T7eOFEUxHLa4/gSq+pco+a9zfi2f25xLoxtNSzu5fVM="}},"VvxxDQj5YLDKLAY13ceF4yMfy/10fL11SwnAz6s6FLU=":{"valueMac":{"type":"Buffer","data":"JaUlRSPLs64bK9C5mKPWOSGPGTSPVrwbQrwC2uEDbPY="}},"V0Uacu6MCRTHYccsl8FgylAypuMhtALkS0tEUBeCjj0=":{"valueMac":{"type":"Buffer","data":"I1Hns/kWScPHQI6Csxld8ozbrK/34t8ZrCoFmt1Tj1s="}},"WCUeEt2mf+c/QURUJEBWVmSFP8t/6/4YwWmbj/XwqaQ=":{"valueMac":{"type":"Buffer","data":"yK/jB6mBcNkwfjhUT0+qe3XnadNp1Wde7OTaAWybV9c="}},"WGIWppSseLOJd+I4m/zW880DOHz1SdJp9t0rIIjSitI=":{"valueMac":{"type":"Buffer","data":"HQJ5/D0i7NKRVNaCUxrhmiQH1NyRtflQICvIbvijP+k="}},"WNdFmUqWXimsrh9DVnAL63VvF0YQdYEoNRhQookZL/k=":{"valueMac":{"type":"Buffer","data":"KDIM5WJuzkAD8iP6VZCXSrA94DawRKA9hV/KLs2qwOA="}},"WPaIuCOpX3Oxf+k9fPjTcnLRBSwtWkPL34NepVmV3Ps=":{"valueMac":{"type":"Buffer","data":"gG/c+CSPq9sV0Hlx+SDrUVttyj5wIw4FBuyr+AlCitA="}},"WYWJntiY/7/2teXqrQzwFYLHxv0Us14zfuKl1Z1irS0=":{"valueMac":{"type":"Buffer","data":"XfRBLQSfjKfC5vZ19PS6F07KJuuMAyLwgXSvXPzTkfY="}},"WaCKin5mlsyJAOb2iH4ASYizTi1SL3aKlwL5O0DVFlE=":{"valueMac":{"type":"Buffer","data":"Su74NdrDsBDVmQFAJPfbNwuVKFsA5v4KFZs692HNHoY="}},"We03dNJhukLI/tdYQpY+Aut1e3kCErt+bQY8E/q0OAc=":{"valueMac":{"type":"Buffer","data":"Ap0f4nxCPW9DwzISsPFRaQaTTJoOk89ABkNIPNc0ZUk="}},"WokBAiu2MNh/B9hRbe/wRjScJuhVg3+S2L/2OdE826Q=":{"valueMac":{"type":"Buffer","data":"hK6GLYIb2H/mRvLVoYa20pi4uX+120cu9+LoSAbnPy0="}},"Ww93PLaWAY49Bu5qRB/C2QgEw916nmDgzdWLruJQLBo=":{"valueMac":{"type":"Buffer","data":"WahRYP3VD2OI1eDAlJlB6sVokZfA3Kw3DkPkmDbepso="}},"W3bZdTaJiRfL1GelHXvBYX8V6k9oX5aMQiqMGD0nylQ=":{"valueMac":{"type":"Buffer","data":"8PJq11IFbDOwzq2aqWlc/XXL4DvlJ5Im9EhXMrV01VU="}},"W5eYdfLlS7uuKskJLnymywnVzUkOQ3bj5RICivhaSuE=":{"valueMac":{"type":"Buffer","data":"iYi3FdS2/sstbu+/S7IBfQfPuN+MR2fLSGovbP+hhG0="}},"W/xIgHyRxggNzr+0n4N4j/7cyzXhdsr6tXSU/F/n1BA=":{"valueMac":{"type":"Buffer","data":"SWnP68PZInfZYdP/Vuo3KRHPQvFsOg2622vV53UIRiw="}},"XFWpp8v7yiRhwmrTzzmi4SvpY+Mre+7UpLu6/kRICS0=":{"valueMac":{"type":"Buffer","data":"+N2YChFOey/4whINtxPDSGV6KPZ1DQT0s0XewJ7K7zk="}},"XemdIdQd1BAEEz9TDQKNBGd1pBURaKRmHyH7c9xxM9I=":{"valueMac":{"type":"Buffer","data":"rqcXSKiyt8T1q0tqRq7OGm5KhOuxF5Jxwl4aaRz4ncM="}},"XkOvb+/ALG1PSQOIqHhmRAcKgYld0T0eTl6uTWpRObI=":{"valueMac":{"type":"Buffer","data":"6M/M3m2rmtgqt3RirJq/Eh/3uToK9cQcUwn8MjBKvjM="}},"XnI/8gIIjUHuzpwUitdyIg5vzqyF9q3MbsaOrg3E+W4=":{"valueMac":{"type":"Buffer","data":"TQjQeonn21r4CSmgTLCkuqLGzMOhsBgPgAyFcErFc5k="}},"XnUZgJg5uzG1fsZXs6yfATscM0zmkT19FhD/UofMilM=":{"valueMac":{"type":"Buffer","data":"7rEWTIvN59BJ9J+HsKVfJFAxjDl71ZCwAlVziC9Di4w="}},"XrKwfjOAy5HTrhv4qxCj2KnbEvBinEI47Ap9aCHFpKA=":{"valueMac":{"type":"Buffer","data":"VH+WoYQHij/Lp6VcevcsBjGA9MRbYtcfQ1S7XlIXA6k="}},"XygGCptDAfR1NsFCU/5YriLLL8CFMcWLGwLrAXBpEFg=":{"valueMac":{"type":"Buffer","data":"IE09LifWFcEHbViEdBPCTEpq85Wd8ywc0byNAaqqszc="}},"X24qPPOs1zr62lZ2UoQkHiRsoT2if+fpp7cJ/4w8JSU=":{"valueMac":{"type":"Buffer","data":"g0FsMgZ1g9MQ7Y7P9PJM+HUj0cV42buoWJlljZGTi6Q="}},"X6gwmQBxN0Zki5aDSSHFgoYgS1E1lOv6KaEHuo/KMTU=":{"valueMac":{"type":"Buffer","data":"M065BLRZsyuFW+jZ6vWWQwxLbOrX8GHIXMHa8/Z6SIw="}},"YJumNLF6uCVvZZ2lD6PulryqY/0IQPnuOweC8UhGCmE=":{"valueMac":{"type":"Buffer","data":"SriXnaHngeBV0h0j7bE2t+vBE7NTWdHtdMRvTx6ZJYM="}},"YQQ+T/9USddefiAUHtxmT6h9Og0HZE3utH3GguR9DWM=":{"valueMac":{"type":"Buffer","data":"aIF4F1kp2SbIst4JnR4H3k9vnO6DksGtsCPdZ66Ka10="}},"YRgnLFcdTA1Fd+14pmFhpR/s4CCH3UlojE2f8pTu5pM=":{"valueMac":{"type":"Buffer","data":"RoP30JbbiI+0PwhUhV5aZWzSzV8B5YeJKr8WkB+cAg8="}},"Yg9gAtXRzb49vPj4OYymWrCttA7Xprm8HD7Dcg6bduY=":{"valueMac":{"type":"Buffer","data":"7pKXRRd6xHg85WcuW7lFRE+6d9/eEF+88ytd6LQmu7I="}},"YhfNhd+/BQ9W5H8SlNq0i/ARZOwDo6N2B2phat2Uez4=":{"valueMac":{"type":"Buffer","data":"1l4pJnUs2v9m9W9+ef5eD9A95RVvdTKB91ljxl4EWpY="}},"YvFao0CpoN4X9Och5i+zApk+csOlS6GLvYBnFoFH2y0=":{"valueMac":{"type":"Buffer","data":"avvOsfUBceG9I4kVbi0mTJQzydQlKOe/uHU3XHMZ/s4="}},"Y+DvelyfJLhAPsVB3Ohvz5FGhTFA7nzHbKDgouggyz8=":{"valueMac":{"type":"Buffer","data":"Ry3ifaX0zgyECZgIgYQnoWwD2OXeGw/pVi2Zvu8UWwI="}},"ZAYqFesAVKTXYsHs6/QLnXT228lgNCv2VJ6hyi3xInQ=":{"valueMac":{"type":"Buffer","data":"4b9n4Y1QdBbAEVxvZVmxsUoSm+3JdpATAoj8M11wk9E="}},"ZINuqBTxDnJnrRmrlzIBbQq+9LkDCnzUKYCuMS3BKV0=":{"valueMac":{"type":"Buffer","data":"CuxBR83tDCLEA0axBSMl4Ae4q60B6XEIGvYoqOYFl3I="}},"ZK+iC91qhoK+/SblohxkowDGe6SzCVGra4wW1/Z2ZX0=":{"valueMac":{"type":"Buffer","data":"mojxw7TrMi+jO6mYA32ejA8Bx3MaKHX2c1wVLzK5k7w="}},"Zk3kxgKoE+5VcXTdWF1B6k3vR7PVl0fQ3ScMppMGOpg=":{"valueMac":{"type":"Buffer","data":"3XHt2t7IDgFJtiMjuHA94ENn1JsQMQptZ9KdAqmSEOU="}},"ZoUZXa1g0r95P+ubuIxoT/uDPYOLBy0GVbWXUJraG6g=":{"valueMac":{"type":"Buffer","data":"VFuJhbKKdEUTUV76DTWQW0i28FYzLfKOMnQfQSKwJ8M="}},"aLfTEOSR7f767G0jMRVTDyi7ebeAGcrbad5iAZZi38Y=":{"valueMac":{"type":"Buffer","data":"x5xQbLdtgm0JPOhSPngxTmoeTsvLlHaFAxIHgsd+Q7g="}},"aXo20Rojgw/kDsyCbDmJMNfSsQ/lcmRrvA2u7MomnuA=":{"valueMac":{"type":"Buffer","data":"Wf+jqqBUSsDadt5mgpw8gCdEM4XVhcsc5MflTdsnkDI="}},"aemZxIS3luXGCM+FzrAmfJIkytOBN5d73JX2N9DWcHM=":{"valueMac":{"type":"Buffer","data":"zzFA5am1mCxsUKtAzE6JmqYCvQj7TXjFjKkj1TpFzk8="}},"agkiDZ2X5L4n6+Z5cbcw+E9CldRlqIzreisHvD4/sXE=":{"valueMac":{"type":"Buffer","data":"3Iqvlux4lb4gkBmAWoqSkR1U4otyvA9djJzXQG3Namo="}},"ag0F1fSj9ysn6BTr7n5M+nrcRm2LnUQwHqhQYhpNuHc=":{"valueMac":{"type":"Buffer","data":"n8I4jZ7LizRPm9d9PIVT+TOm3bN2Tovp1DK/v2awgOw="}},"ajazgqLHFMQtBHNTHrObJhKVDdluuqB1t5qDvVTajnI=":{"valueMac":{"type":"Buffer","data":"F9oyEujCTlisNdMuck831bJZn+ALAyoadc2pjJmMXQI="}},"ap7yZ+zOHXm9akX6L4Ych++DSVpqdmv+jL4hV2RMn4o=":{"valueMac":{"type":"Buffer","data":"Z++llhBuppEhOFTYtpRctITBW5JUg1MKAtCxUKDqxpw="}},"asOHdrdNyXYk4Mv8X9yLo3cDf4wZsBopBQKZN9Xc/bo=":{"valueMac":{"type":"Buffer","data":"XH+MdqZDtJbr5lc/fZIpxtnQEv4CLI73uIn7+GgmXaU="}},"at22sJ3OQaiNR3GTlP2kYJ9AH/W+fUn6hg+X+2f0Foo=":{"valueMac":{"type":"Buffer","data":"LIhu9J4VoGdhe5XnH/FCV7Nn+2wVnsjI5ItZOgu5jYM="}},"awCPKMThUQ3cQUAddgURu6TEo2730oUfX8nJrrB20+A=":{"valueMac":{"type":"Buffer","data":"12xHbbz5JLRse3GkHAr6lP+I26ODzxDFy5oFZ1BGolI="}},"bDQSIZcAywFMoWxaS0g2+q2+3CObsxLOvzXVd0K+tQ4=":{"valueMac":{"type":"Buffer","data":"dJjYxAMsDvWrTEqe8vaEX1uyaFGAXVAgntMl/eKJadQ="}},"bF4LjCdCazp0UMpRefRTfkprLT4T/CPLGOIC0jvX/uo=":{"valueMac":{"type":"Buffer","data":"P0NNmsIM2IcUz6csWQW8xIx7Zkm3smV1cD0u8ScwHXU="}},"bPrqOOBwKfSTSUrfNGYdm5I7kl4IhMpHAzx6F2sbvzQ=":{"valueMac":{"type":"Buffer","data":"pio6HrjAMWHo43GKiVvb9mwaTB5FKQwdi5qVud5Vk8M="}},"bfnnJDcGZfkYF6f7toVng+WtV4pbDu77IbAADFUGDjI=":{"valueMac":{"type":"Buffer","data":"KaXoCpGv4k68a4POq3QPN6yP8vbQTsmK+0/nCtqipcg="}},"bnOh/g8NyPrQ9f/Pg76BMYq6Jb1LErou3NJiFZwCR2A=":{"valueMac":{"type":"Buffer","data":"vJQQT7cbQWcsipnSUk9VcLBFISAsqnYzLRRklR6ZVJ8="}},"btW3gNiFUHH4gsy7ZmTB/fb+girCUDmFoZJARapgg8c=":{"valueMac":{"type":"Buffer","data":"fSZwVOzLbKuq+KXBu5fYXsWgXIxY4vcsITpxKgModGY="}},"buWtYybdcOB/6iZaTHcKJ8zgw7H+5j6+QDiS/WErUtQ=":{"valueMac":{"type":"Buffer","data":"XFn4viHyTrqj7TmT4RmEyg9G+7zJiNHfOscIuYwA0ro="}},"cDHp706RCuQ7A9MelbIRoGDleVESM63FylW9rtKJ40g=":{"valueMac":{"type":"Buffer","data":"VgCPn+hKWwXXXqdYq18SzAs6qIgz+b7ut5p7CtO/RGM="}},"cOyoW0jNSB6JvFmSQK42L3hJsaUk2aEuz1MAETiUwPQ=":{"valueMac":{"type":"Buffer","data":"1NUwVrZuKppkJAIATXHfuhtXfJfs10qGCUpz/QEa0es="}},"cQ1ZAppKdRa+PDgvC8I4L89dTXTSPk1v8hAWQVgp7/k=":{"valueMac":{"type":"Buffer","data":"3WMRrSFjxSj06qcC2ahO3fOppje8+/ROgJ0CoE5B8+0="}},"cT1hMg6v348JLMk/AD+JmMq1BvcUF8d3ra0x+vjI+z4=":{"valueMac":{"type":"Buffer","data":"3NvUZExICijxfuDpxz93Aenytjjojnco49sP3j/gMec="}},"cVdyMbYcHaOw+M65+pXS1+XL7ShMlP6S++HvUeITgGI=":{"valueMac":{"type":"Buffer","data":"At0cDROOqNcGTgq3Sl233YysIjb989trc8ig/tpCSfk="}},"cYHuDkm122TTLBliPfT2t6VuFpP6JHNsvK3AWMbcAKI=":{"valueMac":{"type":"Buffer","data":"hyWmNTld1bTY4u5gYf6kV2q207UUehRI1pwqCHSUmMM="}},"cdyx+S257QhmRajXFKKcnPMDJXLHPvtcaV3L1HqJVIk=":{"valueMac":{"type":"Buffer","data":"m4aMMdXhr8aP/amLrX1Vk3cqejDGt1fAqjelOVdUTqs="}},"cfvDbvhQzQKfcRt+nfOQDnnHm6IgvTbhhqVYyavfS1I=":{"valueMac":{"type":"Buffer","data":"RlGggQdYRY6Ho8dPckqrG0/axR3LuMDvnHp00Dgh/Os="}},"cf/dsemUmVyutwsY99K6qAXLpqB7xVgiJucu15Jk9Kw=":{"valueMac":{"type":"Buffer","data":"iqZN47dznCK7+1bm7vlGsObKcoSyFxzQxwBEp6E0TDk="}},"ckmPDHmCS+fvo3xZ2vPBFYA/9dxcSa3obbhB2RF+vqQ=":{"valueMac":{"type":"Buffer","data":"6UbPqMX2OT62KJK7zoXaFRZjWXtxvh21C8jcc+CEncU="}},"czyyiXGY2jgfbPLZQvU0WjJcUT72j75CfsG9XIPuIRQ=":{"valueMac":{"type":"Buffer","data":"7ynf1LuY7+S/irkRFA8k/l1TL1GrbLcb3+WhTo5lprQ="}},"dBZj+hGX3e9leT8klFLyKIwWyIkENJu10k+7dHqMaYk=":{"valueMac":{"type":"Buffer","data":"/BUma0fPlTZemDd9+nPZ7rIIQfNYdYYHNA6+rciGnYU="}},"dFCZFwkQjq2g46PDg3lNQB8kftAP1c4L2UwNcDY1Lk8=":{"valueMac":{"type":"Buffer","data":"PJw83iIjZQI+iH0Gua7WDMsMstcX1hZVloVENy7iSug="}},"dRcwPfiXJZJSEOrsf4NBYjsHzMKSOL3tkrRq78cXCc0=":{"valueMac":{"type":"Buffer","data":"NNhYoc8anioXK1hh/pCv5wEtJPv6wS79VCn8pTyfJnM="}},"denTspsar6QMFnsqwZWo+cCNgFV8jjOrpqcJwSmotgU=":{"valueMac":{"type":"Buffer","data":"EO0qYi0fuSsL2x/IO4wEnLBp38b2lG3aKkQWaYLlEME="}},"detU5ubSHaif6O13VRs8NCwIMM2ZYYdt+cfefaRi0G0=":{"valueMac":{"type":"Buffer","data":"yPTVkgiXZLg6zeBWtZjsHmK6W80ZLTBvASQ4H3+CnLw="}},"dmmCBuJV9b0Sg0oJn/OJ3QgW6/Qi+U2a+zaZhwpB9do=":{"valueMac":{"type":"Buffer","data":"EOOs8zKddqr2V9WkGcR67+Dh6TRvPAFMlL3e16/PKc8="}},"drDxgob7kG0a30R2vGeXLrz+Le1+hVJfk4XEcL3RKP0=":{"valueMac":{"type":"Buffer","data":"ODZXv79nCr2dm+TgTQIB1HswE/+77uaGKxaMLrEdb2A="}},"dva6fDImJ5TdZ3c9o+fzoseO6BDzGmDazIkeQrdZheU=":{"valueMac":{"type":"Buffer","data":"tP6EzjA6TcBQaNZg1XRv+RWQAPumdv0mQquY4D2vrN4="}},"d1rwtfJrOQDLs5oyk8g6v8+6gKZ00Lr60b26cgHy2yE=":{"valueMac":{"type":"Buffer","data":"sE6zwW9ILHk9MR3BKOEaboExSZLdesKuajgZFh8y8G4="}},"eJyBwl3LyK+Xi2Nv27CjmLRUCw0I65sF8WXd/brdCo0=":{"valueMac":{"type":"Buffer","data":"ln+gUteorlVVYBO0gABW8VKb2/LY6AA91ZoeCFr1ALg="}},"eWUPM06bQplwBzA9W6YE6t5apvoj81JpDTCTgDYqz8I=":{"valueMac":{"type":"Buffer","data":"ZYHAwJunKTipyUIzUBL/uzkcDoKzDAWthk49ip+Earw="}},"ecydg+Ipj6RT6DIRfS45zMPtWNvmfNctwlZmXDLI0Xw=":{"valueMac":{"type":"Buffer","data":"JQypSEYQKZFX2vxAohYEuzHhjUT3JSrQ1d3gjyervok="}},"el+mnISelQvmNnKosUPw080Wcq/jWXR1MEhWVumSmnY=":{"valueMac":{"type":"Buffer","data":"Km8GGFImd8o1HQgltD7za+lFlGUSj9Fr8S6q1wFqauA="}},"eoyMyrR/uT9KY3e5vw75y3NFI2agpAdg3XdBcIgyGjI=":{"valueMac":{"type":"Buffer","data":"yKmM1TeruQdwcEmi4nW8dgG1U9vYd+d1JKt5Z0MdeC4="}},"fAvTOEiP/zDNb0KmBMoW7e9FI1gUHPRhOcnboXnddW8=":{"valueMac":{"type":"Buffer","data":"2vkOY/iLnPDouE4D6Nks04nK3bnP8/zhQdq2SNaEpQY="}},"fFB+TRg93AJxOPOX82wAE6ijeqtdN7FZQ/F39Xmf86w=":{"valueMac":{"type":"Buffer","data":"iUecqmSgK7NPnZo3L9Hr15eu+c9PH9iU4/jbZfuNOuU="}},"fHev2NaTuW0V56XhiZcW3lPqtOQjkdz8Pr8d4TIIS5Q=":{"valueMac":{"type":"Buffer","data":"ix7qMF+0dVgwS0/3MCGv4hbWiRMKeaFDjoDkNPFMLbc="}},"fNk4SPBFzLysipMngN6AaT8G/dLOGEvIn6XxZn4O0eA=":{"valueMac":{"type":"Buffer","data":"2fu4tkT4pasd/09+bDAU+jvYv0ShSlzZ65y61UzCgzw="}},"ffkNf9aMAy8Zmy0gjzcUl67uWSHaMxjcN7AiG0VeIxI=":{"valueMac":{"type":"Buffer","data":"+dG4ioYMJDS1dT8oSe+D6HfLBauRgcxKjHKJT+hYOEU="}},"fohOd2htRox8VvAsubNTINgzvVLJYK5zb6IfS7A7j6A=":{"valueMac":{"type":"Buffer","data":"ek0IRLA6PeNFU+DduQLrf9BXSs2mf/TanLQb4SdkavA="}},"ftdfIjWh9Bz1+fr4Sn/2u83HHcPlBBdykPL3zz0eYpA=":{"valueMac":{"type":"Buffer","data":"Ib7KaX6usindfLNcRDmGsr8qXYDICugllwWtqZXV3Ro="}},"f3EFIuy+l0+NysbcVBZXBFcSe3vXV42LvHnqtD2U5lc=":{"valueMac":{"type":"Buffer","data":"ENMZVOwN1+Dl7CTyIZBrH6QPSGwABhzEmAMmvIilNSM="}},"gAwG9Ts6723Oe4BI8XOrlQ/UQ6pUGn820rwF/QCidlU=":{"valueMac":{"type":"Buffer","data":"Asy8XjYkVXn7Sw949LDXOoSEF4nqOMHVNWM7RiIXdVc="}},"gGtBgVT/qhMK4Lrx91qsvFjdMa/+YhKSvH2MkT9hjfs=":{"valueMac":{"type":"Buffer","data":"TNXzuBD/HuDo7HvSA4/CIIjjQMGLLsVFv2ZFD8ilDHI="}},"gHlaLrWJFRyCUw6019pFtLkw4TX2PjCgUxopNvmrIcM=":{"valueMac":{"type":"Buffer","data":"vXjEUMfkwkjIQjYDk6LZUb2a0WevbUd5cmzNxSpdK6A="}},"gHogNRSrxnMclSDUxtvJY8H9mcCjEkOFgaYFWZLF5dE=":{"valueMac":{"type":"Buffer","data":"krzI85HGRuig4/CO2qKEjqajvTtAdm964OooZNpEQ0E="}},"gjOP7mZ4fMqAzo2f71sPEkArAmRiAtui4f5dIlLOJDQ=":{"valueMac":{"type":"Buffer","data":"jeJoU+XonpxbMEbvnQ8gNwgyAcub6W4bro+/WkdITSo="}},"hCGS8I8NAZB9keytTVSZt3eyYHFvanLeFnr1JZLO2SQ=":{"valueMac":{"type":"Buffer","data":"/3qRFMhCUd+PIbCkuwqflrcnpBbaA8Q/RwqzoSOvWjQ="}},"hCkKpW0sHWhXVrdeG5r/SIBaMGLMQYvgGY0d22ip01g=":{"valueMac":{"type":"Buffer","data":"Qw+sApsQ2rSInUgmXy9varbtjY3bEvpYQUPOQwEWQkA="}},"hJTZZstsQJ1cePozCgSy9o1wWylsIhTA5Sr4AZuDwX4=":{"valueMac":{"type":"Buffer","data":"zvIkT2vrTfU597vS9ZLpvJa1cuLlbmuoLqLRUYOf/38="}},"hS/udpnE2a58+9nO7ymU3ajJRe0dyelLfyvh2sMsOcA=":{"valueMac":{"type":"Buffer","data":"wv9AT7CvT0QnNpzsp6BmIE80lhUckhvvCi9Bea+LWi8="}},"h5EdsLPyuoLFlwHuSTu5phrYCZ0yzEp/OV4WETdFCHE=":{"valueMac":{"type":"Buffer","data":"Dpm2b4KkTrhoPYkGanIrPYTLEyxW6Wcm1zSEhTuHMIE="}},"h5b5ukU7Z+atDFx3XpQ41/Q1mf8hfKPxBUYxU6h8G4E=":{"valueMac":{"type":"Buffer","data":"QhLxhoGXslAVP54VQuVOV++VPSVWebhtpDc8cA01Ip8="}},"iEMEjMaBgI95l47ML9YcBBTnxGQVragsbHVVerP4AVc=":{"valueMac":{"type":"Buffer","data":"7uATizhzXH2wqmXzfqpsU9SuIecYMBuip+GnwOdQejE="}},"ikEias1oRYK8NVsvpqdvcxTUKZuPYBXSsUXk/zM1bTM=":{"valueMac":{"type":"Buffer","data":"qEVHjDXNTP6MA2pWD9nM04Tp6M7kMNH4GDCoE04lF0c="}},"imKlH6eZyreh36E1Y8qkYIr1yj5wCt4ZwDm2I6DXznk=":{"valueMac":{"type":"Buffer","data":"IT2QEuU2w3KrASYuE4YXmvBrDkK6a4m+3CNXQKYp8FM="}},"inT1B5oaDYhluJUKzk3hDw9zT7Bcb5xZO2QhOFBZ04I=":{"valueMac":{"type":"Buffer","data":"XLfV8LcFQueZOlV9nT6hBcLpTkz74aUY6qAxHZUPoHg="}},"inhU+BzY7ULYd+ie47tXjVk3NXSqRORZzpenzhTYlik=":{"valueMac":{"type":"Buffer","data":"5FXTsNm/z/s+qgNFC492DHFUwdqXT2qqsqzNgg/eLRc="}},"irEFgOBQWCV5Cf0jNYYM2yMNh6AZ+AA5XyxdakKg6VQ=":{"valueMac":{"type":"Buffer","data":"PQp/YXYohNvQ/zJ9K57XA8SVxnUH6vQprmWSIjtTa1E="}},"irwjUtE1aWetSqyI0LPtIll1OEVa+8hw7n69bML6iAc=":{"valueMac":{"type":"Buffer","data":"Xit4qD7B3IO9c4mGHbWvxoOP+PD2lamUUTF+8SDD+ws="}},"itYVE9wXsAL9c/GwFc0a6m08cPyx+QbZBW3DPXwVBtk=":{"valueMac":{"type":"Buffer","data":"8YEgB3BXrNQ9J0188qiecO52fM5k5BQZovtHluM+0s8="}},"itjds9oAF69deYbeUrVOfXI98VK8wCA1NhwS2hEioPs=":{"valueMac":{"type":"Buffer","data":"3+TvGoCbD3fwpU+Uua+Fr3iAeVmggHd+atwr1VlXjdU="}},"iubXjeeNL3WGayIDQ5OpcZ7B0m5S/pYGiIYmIzvGGfg=":{"valueMac":{"type":"Buffer","data":"RCD+LZANyjG1vrsatuAHx54AWU/bb+hirziEpha1Hkc="}},"ivab9PsUF5vlAbENrRaHo5P72h3OLJ7nhdvYzH19hBY=":{"valueMac":{"type":"Buffer","data":"B6BZamwGoOb6OK6zaSHQaIQ572zJ2LQcrRd44ACj+Ps="}},"ixRXZvxlXUvjqMKf8mNnzOznJDS/EkskCNX3Tp5JJGk=":{"valueMac":{"type":"Buffer","data":"apADwS6nPCDDf8CKXrWtKKL/UmvSR6wz188M0P05cTw="}},"i054+RoIFHar4nZxAWqReHNLHIzGLAAaDR880OAqwhc=":{"valueMac":{"type":"Buffer","data":"fliE7OSKewQFM76GVYerp4eQQvfulm59BoYURmyI8SY="}},"jCkBl9F/1JTdArUgSKiC/tl/rzP90L4wxnj0X5UPO4Y=":{"valueMac":{"type":"Buffer","data":"35jvTx99GmkbjWEdlRh2Tzck71PSHJdtjUKhI2iSbz4="}},"jUF4PziYQfrnY6Ng+gucFIAHgLQH/Qy8JgvZ82h/cUo=":{"valueMac":{"type":"Buffer","data":"JFw3UIHCrxfSu8Om0L/LBEwajr9x0Lghjbl5d9m4hhk="}},"jVW6qWt62cZmzOWcaHnMXV3HS0mAHqm5wu7g3D/I0SE=":{"valueMac":{"type":"Buffer","data":"r7RM4FtM8LSWUar8Sxtel4xUb/704GfKTF0zFN0IloU="}},"jcdIA3jE1BNd7V04Nv3zBxhtAbL8xvG6IiK39tL9rks=":{"valueMac":{"type":"Buffer","data":"0ebBIUVCKRHFmiDxK1rnDAw/nyrfxVD/O8/7IFHY6GE="}},"jtthNVKn7vLEBLK+pwjF43dU9tTF48vks2Fq/O6YDJM=":{"valueMac":{"type":"Buffer","data":"PNMjaR14ngW8QcjDxiYEWvbrEn82d/EPD0Z0jalu8Yc="}},"jz2rBABgwUsVGOlkCB23A7AMcIM9mvHXyg7Vwo2id54=":{"valueMac":{"type":"Buffer","data":"YhhLOccS8sRQ8NjSEtUlk31bNJz5V+qUy4n0xS+du7o="}},"j0WsDbAKPoyDUu030C8aySGkKyBa17YJGMBwIh8Wlqg=":{"valueMac":{"type":"Buffer","data":"xPMKYM0glUm/5kINRXgRlH2Z4KQFO0TX2CIzbFZl+vI="}},"j6F3UOF6MTNU/4zYhsBh0LhIjyJ4gh0kMbXNSLeOzhA=":{"valueMac":{"type":"Buffer","data":"VjYc29d+urDLG0G0bjy2buhdfst8Rg8tzlKQGha7Keo="}},"kRaBRXmOr2qQj/q62ppOHwFVgNqmyyzJtYmUh9CQ7L4=":{"valueMac":{"type":"Buffer","data":"PIyJPD2PxUEFJpQHlQG7mM//bJ9vUb9I2PMwi55NdC4="}},"ktSdeC84nPMLLEfLBFDaR4AkeQWcvaWCH02PcRb56oc=":{"valueMac":{"type":"Buffer","data":"PeyfIyjiH3WGq2iK+qf0hTgU1ROvBy7PKBQKDNPJrM4="}},"lDMG/I8+ZgExLWwPd9d2exZDBKc07RPDa7hRZv7xrnQ=":{"valueMac":{"type":"Buffer","data":"K7Kd10xiUURmbbs5su+dA7H1ZGn469ao/UhXh0FW7hU="}},"lJ9nXDl0UCETeFXco3bRYy1zVtmaBvLGrwDpxkdCn08=":{"valueMac":{"type":"Buffer","data":"k9qK563aPvYBO8bd0wHsQVjpuwNexDNfi9YlDKlHMGQ="}},"lYZpm++CEKnniwv8j6MkhbxG/ynTfxbRjf+KF5yiAlQ=":{"valueMac":{"type":"Buffer","data":"w6//+XCI7eHMUWtPHT/QPOEx2lnSBidZb2DqQxoOwbQ="}},"lgJ0n0xX2snfuL+HkEn2J7K54Nh4Ln3R5B/pXbX59s0=":{"valueMac":{"type":"Buffer","data":"BAHEKFahPJA56Z8vdyBxfqSw1pJKDHL6zU3hZUxBSkQ="}},"lpyt++xSCUUiXY+rO3k6RPx6/xiNNRGcATqosf5cCXg=":{"valueMac":{"type":"Buffer","data":"iBJIEGWsJMXZI0uZhbQ7liVHJ8UBg1aDx5rVK+n8A/A="}},"luuGh8SXhll9JOu/ydaGvY7G77sVDCQ9zLBECHOjTRo=":{"valueMac":{"type":"Buffer","data":"W4bwLKodZMuYocHYfTPTWlHJuTy3i/BO5xykzpS19G0="}},"l1X6kkX4c6BsMt85Z685Km5Dogjr5SAbPJVm7how2hk=":{"valueMac":{"type":"Buffer","data":"KwRk3HQIOODqNWmrso5jW8Mjm2mysSotSMPittsZjmo="}},"l54EfvNOlRe4FPxas4qzhP1kw2EgrGNbFklk45AgAAo=":{"valueMac":{"type":"Buffer","data":"Cgo9toqOIzWIyngAF1vx4+DFzf3df/DizsVaykkVwtQ="}},"l66MKWKoH7uVC3ZoWqEtRLsGuPI2OV8euYD4/2U7eNQ=":{"valueMac":{"type":"Buffer","data":"S8ZXpH7eqw0pbz0eGCv/lfXekHwIQnMAcQPeYOX0f5w="}},"mAumx2GXARFvfKTAlCb23A2f0qO+BYouZPLZZo3mpy0=":{"valueMac":{"type":"Buffer","data":"O83d6+nT5aRKD9ZPQAOWRfXEDDyw8MO//ibg5jBQZug="}},"mGuZq9mc+uuZVn9LCIUlmOFtKp5rgYfnbPlbSiG5FL0=":{"valueMac":{"type":"Buffer","data":"nhe4ijKgj4fgQxBlTgJIW9vF9fUkF880TjGrP/XYFOk="}},"mNJ5WzgE6QMdQv3YuTMm++OcBXKk1V9TZXWiiSFyr5w=":{"valueMac":{"type":"Buffer","data":"rkmg8ZGrbYh/VDpg53q+uTlzocPnQOv6ze+/mHOWLbs="}},"mSgOZcrVJhH+/sO90UG3PfJOL+cP2ZQOCkCzJ3WMjvI=":{"valueMac":{"type":"Buffer","data":"ozvRgB8X6PKkpyCXcPrF0gquyOWvHrjiztqTFdCgxIY="}},"mVB+aIT/FLRLoJO+8kZt+4lU4VpxT+GqzVque9HL0t4=":{"valueMac":{"type":"Buffer","data":"kSwspqYKY3NkqyNj+HSk0/LsopUkaySSjCphtnBnbis="}},"mWICmW/oV8a+qA9Xm+ZtadvfLYFIrPEvVwu+5jZdboY=":{"valueMac":{"type":"Buffer","data":"SoJchCFBm8BBbyHd0W7Zm+BsVJvVWtGrxZE2u7Lk4sc="}},"mknPjU6uicqbuvejVr8vhhLIhn0ZcjMkhYXa8kZjxpY=":{"valueMac":{"type":"Buffer","data":"IYsQY2eJ+MZZpsp+DHedeUk59UvjNP+5GIY4d8JCzHo="}},"mmVehP+OBoax58QWwN8NKHG0NJD+l9WT0GVJP9w5DHY=":{"valueMac":{"type":"Buffer","data":"1RS0OJgPy0vwZ5PbfliGzn6nie3gVKBPOzNMcuO9EjA="}},"mzoFrDm4qhDEvqLJWYnEqmuzFVlLz69bASbewXkh6Ts=":{"valueMac":{"type":"Buffer","data":"r9GF49EYM+a6mqQtwGay1ussmrH1ovw1YHquCl0mgj8="}},"m4MPmORqN8LBxtzSQp0f8IgOWNwf3yK31u5BWS6oj18=":{"valueMac":{"type":"Buffer","data":"XhrTqSndjc1lZi+pc42RmngtsM5cy2mCmzI0eIDzcKo="}},"m5lu7Vqp7XC128xupdM/KoeSUwUcuV17TYpsYwW6jpg=":{"valueMac":{"type":"Buffer","data":"a0pKiboRCbMVwV5Cs8qDr0LSI8wrXuVTy3awyBUwPrA="}},"m8mkI5y3v8RKE9JgsiS0qfx78imnuDXZ2LhPhUHvZGw=":{"valueMac":{"type":"Buffer","data":"9JPnh52kgs66qU4Fot+tthZpeMkG3+6Z75gi7yjd7Zc="}},"nhHy7cQPKYTOoeJJ467UkHPoBCR7DK18GrwJpDEJKm8=":{"valueMac":{"type":"Buffer","data":"nKX/w++szQWeGNwZajvbhUaqNtpzl0L4Y5E66tYEOpw="}},"nw6OkKHInzPl6Yk3f3YuMZ04jZUf1P3uZUs6xpTMv9w=":{"valueMac":{"type":"Buffer","data":"INT0eD8wxeDWpnLlxXPlHFjGszN/GyIvJpxFUneVYH4="}},"nyh5eXVTwbRX1h96brhgkkUnPCDKNi9Rdpeaee3YrFA=":{"valueMac":{"type":"Buffer","data":"HcOewduyTQNpVPbKhHS1cl/tpnk6NYsZ5rOOi7t+rv8="}},"oAlCvFdnB0Tf/U54YAGUu3GBIhrLM/NNH0qmPy5V8R0=":{"valueMac":{"type":"Buffer","data":"IzgT1D7FECyiWnAjgsFKLvScRwjj2hG2hgKuJH5cB9I="}},"oGnlMZqjQTqk1KJZ+yAT/V2maXcT76FZrdH14kl3Bvg=":{"valueMac":{"type":"Buffer","data":"G+ThPNYwq5AJ8RQJsfaN17x5XfRuv+QT2BAyx1O4oHs="}},"ohOHhG4AQTBqv/bYk/RPn/yrAbtfDvOXqKLMlJ8luO8=":{"valueMac":{"type":"Buffer","data":"+PkgUl1/sNvo8Kx9GSDKuSnB3ZfyCqyFTAbCb8KW1QY="}},"oiQr6Jime8+2yyO1NNHJ+CWnS1F6RHv5oL95f/Fssto=":{"valueMac":{"type":"Buffer","data":"/rBz9SIsY8HV+CfL3CqgQjsFWYwgCMk3EnHobMwXnWQ="}},"o9am1e2usb4CW67Ij2a44wNXKtgOyNpDDa6R6ZWJqYE=":{"valueMac":{"type":"Buffer","data":"ad+9ub+F0gmEkaoWwtDNYQbr2mwnM07s9CtB6qn21MU="}},"pARYhsks+7SkThurUOoit8W5kEsMzsgYBLBrB0KeQPI=":{"valueMac":{"type":"Buffer","data":"hOhtz/Kvwgm1Ea7HT7I1pSXpx4JDqzBPZYpG7WQ0KFs="}},"pAip+BopbDm2b57AVHAj6GJK78zo+MgYyl3PbTL2+us=":{"valueMac":{"type":"Buffer","data":"A/aOeICnCF3q/3QtytS5PIJ7lzfm41YSW8SYGTePabY="}},"pLxqQesi8Y25GwG6urTqT6xTIFeskLl9ooxWrHaRxcU=":{"valueMac":{"type":"Buffer","data":"gfm1THrltdPvlhk4rGOcg5bTGiLwlb05R4FOdOPOwWo="}},"pXJ/nmBzniu9A4jTn3rYYmz/kXleQQmH2oK3uJCSUUw=":{"valueMac":{"type":"Buffer","data":"I9BUdArsiuCeWbr2i/I3cjpCoGTkDxRo0n72KkguLu8="}},"pcHU9pQss+sYgsfj//PPd0NvutFz6l0zkDr1FDntgag=":{"valueMac":{"type":"Buffer","data":"a+fONSE1cdAbWMLXpq+/bUTmdaT2GEPEIRX3HmbOl4o="}},"peZ46HZqsVdrA+npFWSs2w0lltR0DIbnc+TG8PYawWI=":{"valueMac":{"type":"Buffer","data":"1iDUG0tl3JI+NUjBosHSBU5W4JdJGumHi3gqKWHlaj8="}},"pe+cL2RoeN5NfkphDDK8RMwcC+if5Dg/Piok66BvXjc=":{"valueMac":{"type":"Buffer","data":"pnIha19dod1B7L3YJtnS+wIIDcsIJ88UtdZ+5+VFpRo="}},"plFdBV+umhEyqSRG642qwUlqZSrPGEuLRJb4U9Y2Hqk=":{"valueMac":{"type":"Buffer","data":"KgrtV5FMz80ciViaQy1kpJ5Hk5YqY7FWQutpUVOFruw="}},"pyYPJQL/Mk5lMZlFKzj0ifrOnYhS0UIcX9la7wQoUe0=":{"valueMac":{"type":"Buffer","data":"lePvR0XSq6J1Kc8X5tbrKbYcBg/fDVRygiNwo/iBsQA="}},"p99sQVs+2gmju2REfLcrtnzoY5Ch0+H8xcHVBpux6sY=":{"valueMac":{"type":"Buffer","data":"DfS2P9Y4Fmm7viAy+z3yEBofpbkfCoGzp1PEGgPymjE="}},"ql5Q9u007JQcOv1EQV8xb43fBQPtAXTPI4Kx277rDfM=":{"valueMac":{"type":"Buffer","data":"FJMQ3MCjpVaHJdDVHbTSYaQ8P4x1i58bYms9fVjGnGo="}},"q1yFyYxaKRkp99WIa7rBmzJ8SJh8h2RwSmO/PmyLflA=":{"valueMac":{"type":"Buffer","data":"ZXWfUl1IkVp7WXiG3x9QKzKuFCb4Zf2PYsbFRjnMlv0="}},"rAxyQJ0TZscvT0Hx6IonSDtAkF6ArgNJh32+8El4J0A=":{"valueMac":{"type":"Buffer","data":"Dw/OX9QBQ/GVmmQZ5EwIHYpcOUKSh3Gvvn9u2YlfM9M="}},"rCK+rO9K09Zp40yWKTxLsD7p4zDRfQFcU40vby+ixhw=":{"valueMac":{"type":"Buffer","data":"uOsDZsu2RNrVQ2fhUe27VdWZu6x4zen4lD8aO59LSIc="}},"rIp5zPoHppCBcXwI6QpBuVOF3Om5rupJDlWrdERy1+A=":{"valueMac":{"type":"Buffer","data":"vR07/4Q+ZMdJVvkaYdV8DwF/qg2S9XcjXCJX4zrv23k="}},"rbfdI6Zqmw1g7j1FsDS0b/ZTyyUZ/LEHPU1MZ4E3t+0=":{"valueMac":{"type":"Buffer","data":"l3LB1YEsZe8NNG+a/7tsqeC7rajZxF5yWlI/u+PnAaY="}},"rexLAGULbqedEWwnPkl2IWzzLpIzFU1zwLS3xcbArPs=":{"valueMac":{"type":"Buffer","data":"N5zuM+Bxjpav/UqdiHwGQPXMnLwEvoACto/+Z3w68UM="}},"rfg2f14XB8cW0i7vCfFUuuEAnOw8YlH74n5GpXk5DCc=":{"valueMac":{"type":"Buffer","data":"Nfdt8CNH8xbhclmQPFz/1NYgnif2Lgm5cLW0o5nr6F8="}},"rjjLiR8S7OuTRBSRzeYE82QoDOki0AXyjAG/paMJBAE=":{"valueMac":{"type":"Buffer","data":"7bLWz3CBnY/+Gq43Q9nseFipr9k4f/fOpzGok58ic8Q="}},"ryNA3kRUti2EOArtDNOcY+GjPbfE68+XOjqzDQfB54s=":{"valueMac":{"type":"Buffer","data":"MbSQXZ6B6U1RCjmKwb5qEmdVFaaPhZ5ktchZCBR+BPw="}},"r5HMTFa7Y6jFtpx57ByVutk1Qz6rYs0HgWCgQzo4+Jw=":{"valueMac":{"type":"Buffer","data":"K65wIa1EtvxfiuYp+V6Bvtf4ORYuKwruUFLMnYioODM="}},"r7NenMxdsQgS7m+UN9dvdKVDh05HZemNSjNtyEETXog=":{"valueMac":{"type":"Buffer","data":"gbkfbLW0AP4XXp4vf9nN/1aAHC5OVhOe5dlii1kjSo0="}},"sPyq8ttzviLzAobkDxk1wBm5jmzVO99ZcgVecgiL3NE=":{"valueMac":{"type":"Buffer","data":"4JGrgo7XRJ2EB5hckA38/vE5a9S/1LP123BU+3N4KBw="}},"sSS8cW0kh7u28wi8waKmiSu96jzr4ZtH5HAoqquzLBc=":{"valueMac":{"type":"Buffer","data":"cwFII6a/SYRza54hzUW56sjsEp/4vrec/+Qda+7zWGs="}},"sS5YhXdfxjvhX9RSeRsKUGaDlbR4r3NM4RHFE3BeDGM=":{"valueMac":{"type":"Buffer","data":"54iRV12YZ29W/iPFkT434gSULwGbB2BKzur8B59XC58="}},"sYiSNC2gGhPEjWBPKNy9qhamEKPZlqTxUj1n5vj+O/U=":{"valueMac":{"type":"Buffer","data":"trBRT+oWOFJigKW7ELl+LPBqWMmpcIeVCwkKql6oyx0="}},"sofOz7+FV+RpzCbWTApKf46biRAA4Ed70n3+GX8RCn4=":{"valueMac":{"type":"Buffer","data":"UrKMKS9aoGEactI13CtSswK1mlU1yf1xN/2HUKmWI9w="}},"swi9QarM8eo/MNrwiilvZPApFLYKqZunIRmGJSMM3Es=":{"valueMac":{"type":"Buffer","data":"iOYaVrw11EMWnrA9bFWAKUcpXGR4wYE7du7dfr4i8js="}},"s5Mh0/+zdAQC1h8oh18vE7tRyKcdO/+bHptv3nrDWtk=":{"valueMac":{"type":"Buffer","data":"NfRvYt6xBt4yZUu9cHmJ+Jxhh3fRnxAtTQKnxIwgXJk="}},"s938b3J7geCqep/DTxYf3xB8vdFAt7zKvY4wQF8XczI=":{"valueMac":{"type":"Buffer","data":"LoMqrmoouHdt3+tWj4c2c1j7F2bEPLpfsTgamREjyP0="}},"tOVHmliX+xD1+tYpDT+N/3PljCaMB5Kg58ANqfBj3BA=":{"valueMac":{"type":"Buffer","data":"8we8IdtcFPTnCB9GG7UaJrr50J/MwyjvzGaZ9ySTOqs="}},"tiLzIGmXR3Kb52rZiS8ayz5mCpBwIebz2Uvh1NchoA4=":{"valueMac":{"type":"Buffer","data":"ueAUSlbhE2fxKiScetWm+pr0PmZZ53Lq2cMMfA7Ghq4="}},"t/eSLbPWnVrxKQ//8loKvX1atZ4XToqNgCF8GLQSito=":{"valueMac":{"type":"Buffer","data":"tLfH0Rj2w/jHWI+pFy9yCzxRlbjNEwA8Gh28ZFQIQK4="}},"uhy86leWwDvby1xNSH6ehsutV4c2zb0i1kv3xnSpD+Q=":{"valueMac":{"type":"Buffer","data":"7Cs9GMzAV6qzynhIyU+PNHYwrmEg3XgayNZHJR+bvLc="}},"uvaqZR+2rUI0cpYXmdVFRPPUwSACQugVEIEDgxRsTF8=":{"valueMac":{"type":"Buffer","data":"7EJMDa7jleZqoWeYOv4okM7a7FP4E1uJENP0SpjBAJw="}},"u0fGGb0K+87h878TzxX5/4Ayg7rKGY9sjz8lo58o0SE=":{"valueMac":{"type":"Buffer","data":"BgyBPSjiIZJPFjRk6CM3cKY8OCkyPF+iUakklFoXiro="}},"u2uOObZdFmiq5AqoOg/lpIpQPkMzwDXFoEcNwh/nFXI=":{"valueMac":{"type":"Buffer","data":"eNuNxW7mQIMvoDxSgAyjA2TwPZPdscYIZhUwaBnzObc="}},"vTnrq6q/TXFvTv0doKVM72XMntfVILrsl2bIQGQaW4k=":{"valueMac":{"type":"Buffer","data":"Z4GZEEj6gugEY5rGbA3eOo4Wke2cHhTf5XIbgQKipOU="}},"vbhfBVzxpBtp59kfmXybNK/bbxn1enwVDdb4P9UIu4I=":{"valueMac":{"type":"Buffer","data":"Znsr2qK2s7Pp6YSjfwZjDX07yt+z2Mmp3lApGCR1sI0="}},"vbplIo9vveGqN5sq8KIAGqlYys1icL8+/0uvqjp14QM=":{"valueMac":{"type":"Buffer","data":"DRQK5pRm4gank+qsATEBgbaYJLGOyWivfoe23Hc2KVc="}},"vj98aNoaOIC+L5RPvozVnpgZ5sCa+Rh3hBezLmLWr3A=":{"valueMac":{"type":"Buffer","data":"z1NJilIQ0Ip3584A3xLyCM3+VHUhcBjSDnz21x+09CI="}},"v0425FhK5dKSzcTY+JDA9kBp9mb1iXJroYtjsm7deDU=":{"valueMac":{"type":"Buffer","data":"6DXjTXklbHcEYUTWOoN4upDLhlcVmkRp6kFN1d5Cf6M="}},"wJE0y/7yGlYiBRhkDASfwV06/bEEc7g1aj3rgQjhLqI=":{"valueMac":{"type":"Buffer","data":"TPSgwCx8yobGFqO80dbPwQoBEBlWEYxp1JRWzHN13yI="}},"wS1BbjRJbm/JBYIaXfVqj9R6PgJK2sh+W3i+hdoEyyk=":{"valueMac":{"type":"Buffer","data":"xBQhVDiL1cYbTGqdyqRNUDrBaqo+AeqY+Lfvh90IMFA="}},"wb7hnW5I4nIBhqTsbT86PBpkNBbxBCDpwWelKlo2CME=":{"valueMac":{"type":"Buffer","data":"7jTnVnPMxtcSIzz/7AM3CZ14q4UKJM17cpe3/wal8BI="}},"wcaXFuOUwY2Y5WfYbSClD2jLcfYFbbHKxxZUjJIyEEQ=":{"valueMac":{"type":"Buffer","data":"CV07dV/QzSJ6p1Knx3CzPpz9Rv9DBetUV5ebiqPCYhQ="}},"wd8awXIKWy00Awc96YzZxOs9P1wmzexMoi5yWXr0ILQ=":{"valueMac":{"type":"Buffer","data":"IKMxmxG72e+hpEhtM23FTppz9qeRCsk5uV6i61MOf/Y="}},"wnG8T8eK2pa8B2pQx1FcPAZjaNm4gwXVCnbgE2GYgLs=":{"valueMac":{"type":"Buffer","data":"T2JOtL+nHsPezqMG/BFeuEhgewCr2QhyeE4qN+2W48c="}},"wxLH2xKu0MK+D615BedLlalSa+W/D2/OlnW0F+l+bIg=":{"valueMac":{"type":"Buffer","data":"xpeViv1Efin1IL/M1fEPYDyyzrZJS49mBsPcxxrofbE="}},"xBUZuinJpSkq/+LPJ11CmHWXYcbhxXwQB+VnYZGil04=":{"valueMac":{"type":"Buffer","data":"Td6NrqIH3GDooi0lNwSBGqJ0EuJM8LRNl0eiZqjxT0o="}},"xB3VYhL5+239MbEhrzZ2QAg8kgy6SXGDRd9MkMKLhd4=":{"valueMac":{"type":"Buffer","data":"oMeMU3RVJH1wUw/avv1LNCaC3kldo4QrBaEU7+jy2NM="}},"xHjfXGIxwTeNJYL00pIhAycCUO0oe7R6lvJBBzKDKqw=":{"valueMac":{"type":"Buffer","data":"uBt+iHmCtfWX8CRF0bwkH5OBAtE43dsMb/7HZg5Dv70="}},"xWVZsWy9XBZSBb99jhRzI+Rnp+vWpl89xLAEsQkkhCU=":{"valueMac":{"type":"Buffer","data":"AOh+uVUsSrO6ciCTRuOx7JXVWdM6Eg4yzyVZAzeXTIA="}},"xpCgSHjqu8yIhbVXuIXQFGxOKErkmhqK3jFQKi66gL8=":{"valueMac":{"type":"Buffer","data":"HiW5NKDq+HLt6UL5n/x3bhPgrtaPCyLA+wMH13RXSEg="}},"xu5I76e7y/afjSPSXvxBzTTes5fFlnfRWqqg+epNOoM=":{"valueMac":{"type":"Buffer","data":"2b2t3f0SKkXr0kCf9QYrdeQKfy6sjh/mwZwvGO062+8="}},"xwaWWNJDUNM1jE+8ElU6hu8matJJRE02t4p30JmPyAQ=":{"valueMac":{"type":"Buffer","data":"8pwxpRZ1ZFsDsNksqhBqvHTG/jl8rL8148KdKkcxVIM="}},"xyWHp9xAAIs/Y1D0kkcN95L7fzr9TgJu0IFXFS0kzPU=":{"valueMac":{"type":"Buffer","data":"vH4Sh+vB1tvG8CtahUiArYAchVo0sJ3mtSI8GW/4Uz8="}},"x+EPnZtYGeitRSPdTbZGFEwu5ViBT74c0XqXV33w0rE=":{"valueMac":{"type":"Buffer","data":"ycmPDsbCZas3myH2hZDOl9RMnweGyQ8syepWdla6HoM="}},"yW4Lrm2lJQM0BzZiFum4U8Nd3rQWBPjSiTYQGiR+kgw=":{"valueMac":{"type":"Buffer","data":"swFTPNLPNwNdBYcqo4iQX5E+YwqXpU+htMUddiGSZrQ="}},"yYstsFqP/WhAZ5J9PK7hrJHrzZG/YEpwD15FHJ9aM/U=":{"valueMac":{"type":"Buffer","data":"zH9bWQZ3zDgw6NDOjtRQRtC5nYqBlqKmGgKCgvQdnS0="}},"yjJIqbDLTlAjfhp8Y+aRr6yPijfAyP92QJwS6i0K1zQ=":{"valueMac":{"type":"Buffer","data":"/0MXg/2dxIO6mOiGL8J92kL92vR3KzVfUl+C3WJB/FE="}},"y1RT2Nhof0shSjCW01rl4ffi39AphcBAtG68lskDdpE=":{"valueMac":{"type":"Buffer","data":"6TK0pggSsknMAyiGaE0hBnGhoMutEqv20LFuLAEp90A="}},"y8nZuY2VtrSl5oB+SyTAmEg/hRKYI0wVs7ud6a2+xcQ=":{"valueMac":{"type":"Buffer","data":"XEj9n2DIQTKSyqIghyeOKoRpntSnhU0tA4W16ad+EXc="}},"zB6rIgigrwoB48h+So9POwyuq0oLN02K3mVw7SggdZY=":{"valueMac":{"type":"Buffer","data":"fKEzot8ebSFIdr85Cg9fdZ7D2l7CvRmA21nGn+ADNsA="}},"zJzS7ZoIBNNxj00J2+qR4gomM5t21njfQm/3s39Abm0=":{"valueMac":{"type":"Buffer","data":"ZWzH5/9Zjd6BhNcfFRFSBegFs0NaMQcXECp/Hltfp9c="}},"zXb3iiUgMmsZNk5fqeB0I1FuhcOIncvspiW3NueE0yI=":{"valueMac":{"type":"Buffer","data":"pmZcNGmsQKwDrhUArgGtyUB4NI3UjraUFmnbJNEzWwA="}},"znjl6pNAB3Z5RyGiCeRKxocYsbYAD1Jev4g+aJ+5Bo4=":{"valueMac":{"type":"Buffer","data":"/yGpB5JXb9Na7lzsLh8LfdtQf3k6l4SVOG3VcPa+s5M="}},"zuPZT344UdcZqr8+aqUrddPcb/XoD3vmXt2VQfme8Aw=":{"valueMac":{"type":"Buffer","data":"DeqVZn9immPB6jYLprux31/TDep4EZnSY1ZD+YTpQDo="}},"zz4ZWIRzmALLxURKyINwXOKiKgltD0jUJkeTxFuTByw=":{"valueMac":{"type":"Buffer","data":"JjwtuFLkxjlLkvpJP+zTsx4ZOo79PiNxA7REjunA9/Q="}},"z/89tMd737E3F7kcyLSmHnkMiE94+KAkDOqspVfpc3U=":{"valueMac":{"type":"Buffer","data":"bkW/vjtCHJerCT5m7OCR1Aj3y2579CsWO7xuuzpRhdc="}},"0Es/Ou6PBn+3pfawuIZNCibXk1580t1uAgr39xfP3vQ=":{"valueMac":{"type":"Buffer","data":"A6vT/BSzufqHdfrInxqlK1fn/FCFms3b1omDwB6U9WA="}},"0RroZ7rMmbJMlngExzP+O0txVxVlknDvQP6uZ8j2UTI=":{"valueMac":{"type":"Buffer","data":"HYstL56xQ88HGqEjY1fH9KxEaKHqiaRh0H9qIvO5rLw="}},"0R3ItRt2vUI9t3juGcF5Dx00HFUGnRQAO284WhiBjS0=":{"valueMac":{"type":"Buffer","data":"nOeB7DxTcWMc7d+btX0o/tsyT5x3z48tX8N7LgFMLzo="}},"0U30vYIficxFt7agWPykATpoPkrFkuy3fHpAEE7H3t0=":{"valueMac":{"type":"Buffer","data":"WrPVQUcTOVBG41fn2I3BPosedUIMKkGIOcNJMP/SK9A="}},"0ZPT744aufyWj8QpTUWH+nUF/U/uQqXMgqs5Hz3vQGU=":{"valueMac":{"type":"Buffer","data":"WjO06yirUinmfWCswO73Nkfq3Ejdwn8YYJGu6Zc25u4="}},"0mlp6UG8ihj8OKMvpwu1Ue7t7lApNRPVsBRSvZ0gya0=":{"valueMac":{"type":"Buffer","data":"KzRnieNArI3lbcMQUm+3hD2LJMXWXnDYmTvrHZQFVcc="}},"0nBD4oLjBZuv9qK0HW5DU0bPffZyuVis1GfTCwjXuzg=":{"valueMac":{"type":"Buffer","data":"OBNj98zegxjunEyD1K+P+/rKrm7p9kvM26BqEXuqqdM="}},"0vxSS35hhiQCelI87rPbYt4e8O8C3h1Czb2o2nzVQ+Y=":{"valueMac":{"type":"Buffer","data":"0zE80xg8n4cEFfzZUIGoNyzI2PNr4jwO8L07P2inZdw="}},"01TRh+pctunfTufDs6ojAt86LfGemFrKIEDM3HXOolU=":{"valueMac":{"type":"Buffer","data":"FJC1UdXlyp/k4PLnyGghSp4mcVP4VG/yItVmDsv+vIM="}},"1Lak+imP00bSWm0PiNZjwXiB5Llda47mGKhssvrehOw=":{"valueMac":{"type":"Buffer","data":"Dx64nsvMzTBpSSAE20P3XOJkbvkfvV8qvd6lTRGL9+A="}},"1QRYZActzbwsXP8p3gmSa0Ck9WRteKEvljv5v2ll+gE=":{"valueMac":{"type":"Buffer","data":"ZtC5C7Wo3/ag9rM1EIgRE1DCNpMItkg8lr0cKzUmAOc="}},"1Q/4RlTWH1OzU1IN0La59fyeAyT1p7cIsSXnuKp4vk8=":{"valueMac":{"type":"Buffer","data":"n0aP0u2MQGAaMzaxrDscR4nwGdt4UKkET2C3gtERses="}},"1WjYMkH4kjTcTTonSfwdjFrSTerm8wOL9Dmn7kABCPE=":{"valueMac":{"type":"Buffer","data":"AtWYq8Xf+Nr/IEIkeGswhT1ptQ9gSQjbWFTyYx3Lg+M="}},"1gbA+zPU7gjHyHclUTQLq8DO8cJ6jfevwofTYPtKWss=":{"valueMac":{"type":"Buffer","data":"4esq/HA+3ED5eGyk4Wv70ou8ZtKbRo/u/ohWVsc3Ah4="}},"11PQdwv/NKpIGUxU/mC+YDrvIhUDRz4aA2w70ATuexM=":{"valueMac":{"type":"Buffer","data":"7/es6FeFtbkQb8goKuislWVjU+0pagb/KDaI8cV05BY="}},"13h+FnGrSfNyneM7psQ1KCQ+IQD5Ilb8EleANPcxmYA=":{"valueMac":{"type":"Buffer","data":"OjMrLcO9k14qAFgNAy/nbKm1X6GbUG+MPh4M0M/BuZU="}},"2CaBgFrxYgB3fGH+JvcYDHmfVuk6WxJYz3Wwr+kGcgM=":{"valueMac":{"type":"Buffer","data":"JN2TG4UC3mhinBtQqNsiq2ivEZCCQ+hvb921SNFp100="}},"2DL7OB2wLTrQaMQe8b5sAlrGgVUmuIk4nfcGO0nQvp0=":{"valueMac":{"type":"Buffer","data":"4q8GPATYoiq+2LVeK9c6wBcD4mADp1dc4Ox6n8ourbQ="}},"2OJEll8mky9buoV5a5iYjhPckr1I2McyZs4B0PY/BTg=":{"valueMac":{"type":"Buffer","data":"N9yDrmfirhtnWBrBV2XjAdx9PHAHiIHeP3W76iAprxE="}},"2Tay5AEWGgWahxhUx7No12h12cKcrr/ALED7+5f4tx8=":{"valueMac":{"type":"Buffer","data":"H604gfkQe9TEtHx5YcNFHk70jgsj/DIcohfRRcM6Uww="}},"2fn5KBfhdE0RVpy7gGmrcuv467w3qnS2wdXZcutoM7A=":{"valueMac":{"type":"Buffer","data":"MASXw0O93q8aV+mrwcUKAlJlB4aFZ8ZubCqTXrjMEGA="}},"2gQJmuQW7SvfcG4KJhX5+RPINROGUjh1btlOoBmZ5cs=":{"valueMac":{"type":"Buffer","data":"QpMZAVu3k9kyNxrw5PbEfpRIb46xTJ2yM7uhj+e8X+E="}},"21VpmpovLHNllpVlQIEYBoHbewt0Wn7YcZ988OmaUSU=":{"valueMac":{"type":"Buffer","data":"0DClTCt7MtK/a7T2gPtCyf06iZnBjbXnFO3285Tsa/8="}},"3BIoadCCLzgUNEcBt7DMKnN367op2QZk3seC2ME/Fvk=":{"valueMac":{"type":"Buffer","data":"kmc1JyuchMM0gq+UABDlieLDgK8Vdm0UGJtNd9Buzyw="}},"3FfLyHZ4Er2n89GQj5x1pvJNgfzMhVtyDLQcy9z/Swk=":{"valueMac":{"type":"Buffer","data":"/L2l8sviZtL0PCLjgyuevzKkJBpfRVCqJTwl/vs3WPQ="}},"3TKAoebHb0XVwIhIwoJ85b0WnfwjOHkQMBm4w/dwXKk=":{"valueMac":{"type":"Buffer","data":"9vI4/anods+7vlRoq76dK03C2U7r2BKtGDmKROYmsT4="}},"3Zg4a+FRZnpKpNKHGC4ThgsnuCksKjLps1mZEtNDYKE=":{"valueMac":{"type":"Buffer","data":"bzxae1cpClf/dRiSQxe39QyFMPAe6cikU8wpCuCH1YI="}},"3av5APpijvDLAL7EHeMbUdOg+BdRlpi/+rf60dbhzRQ=":{"valueMac":{"type":"Buffer","data":"AGJrUi2gbnA+pcOdxh6sPu9pKLnq3BHF1aDBaa1N/ww="}},"3bgKPCZA66Os2eJbXyQpV41G+Jtr25qSZV2cokMfQAA=":{"valueMac":{"type":"Buffer","data":"sbig+b4Wk6BCkd1i84rq7rfa/WFRYc+HGYlGsdnandM="}},"3csmPNdmBKcsm3EPI7lcZnFqnxCrr68vrskrQ/UHK7A=":{"valueMac":{"type":"Buffer","data":"OgtnVAJs4te3CyZsfcXp5SKRwBReGwKaK8UgzbLUjLQ="}},"3htQYqAsJrrRJQ1LIfGzj8MCnYNl7TXbBPa2Fb4Skwo=":{"valueMac":{"type":"Buffer","data":"ZHYt+bQ08sIMSIXMsAyvKIup8QLwqY5rRyiV1Wyi2YU="}},"3h6xynRv0vEVUfIFtwAFfhiGPzvhOI8jb/+tfVaQ7Xc=":{"valueMac":{"type":"Buffer","data":"TwFB+eJbAo/lo8X1ebc/GfbeegbDQUHlkmD24nJjWAQ="}},"3yiEnlLPHlMmu+KcRzibtQQrd6+Lbyvq5qOF/NOq2c4=":{"valueMac":{"type":"Buffer","data":"m+ExM/5qFBKdmtDcBv/IiCA7soTI2Jxu/G6BKe7qxH0="}},"3y/TkgiMbHOil5M76IqZZ0Fdw856AgBB8AWFWwFrYNM=":{"valueMac":{"type":"Buffer","data":"yUohijensGjHCqPbO8Xv73Otd/7i2mG9ZjzGm9zfr4o="}},"37VkAp4I6IFGTpx60dU3cViyiiRHz5AxGofe8IrpQKk=":{"valueMac":{"type":"Buffer","data":"J0ZYc6eFSTn/00PD56K34lGG0PYYNr3rhj0/KPQUoqg="}},"4AGyaKBK562OD6ObUn+vuFjmmuFEgKLSI8SvEXnpJHc=":{"valueMac":{"type":"Buffer","data":"XcIJ5BoMipRbqPSRW/OL7BdgJqIU90t0SvrbuqC+mPA="}},"4E4oeB9FgszsHIH81sqorX7J0T0kmUCx+We14ofk3As=":{"valueMac":{"type":"Buffer","data":"IXipH8Ml3NAIZzv7qc9xKZu4eJLLdD7CVoj2IYIu3Q0="}},"4H5osGqFVv1I9G2bpEqf52opG5BVzud7yHcpV8YGsEU=":{"valueMac":{"type":"Buffer","data":"3jN1YeYCggiDEqvXDYbE+qZogoDhr1W5KtsYlWqfQgU="}},"4mfydQyMncgEBaMQkpTxBjHimLHszBTS2TY9FF9cb6g=":{"valueMac":{"type":"Buffer","data":"gRfMYDUTElJudhvSAB6IuKt5NTSqruL4ukSf4ePD8ts="}},"4n9j9ddQNZytxfXhPJQuX9F+pcMm1MPIz5V2KWDVHws=":{"valueMac":{"type":"Buffer","data":"Bo9w9tSvbSMKDx8AkpJFsuFF05YPYe5TA3VMqSC9sxU="}},"4rf1/TcS1sN85/lM2fcjZsK5ZAdM84B1uIyRr14wimU=":{"valueMac":{"type":"Buffer","data":"aga3PoGXINSfZ/hxgiEmohf/ZrSMVRl6LTY9iRogWxA="}},"4t1kfMOPzz4V8Dro57mToK6Twlc6zEEGqZkpmDiX10o=":{"valueMac":{"type":"Buffer","data":"ezmIB+p6/dcVyBzXVrpoVZ73aDt+YBEA/ntkerNH6E0="}},"5KnzkFfP7F8h0mZ1Pbs3npBm6As2iNGHGI/d2UdgUQs=":{"valueMac":{"type":"Buffer","data":"LIv/xi7eMYbDCHxAin/Fyz+yypi8WPk1PuZljozgzRc="}},"5L6qZCLodFAkoXoXbBGAMu3AQjkd6CUQHIRkj6nWWwg=":{"valueMac":{"type":"Buffer","data":"dNYJXQzJQGUUdPMgHNtosDoQIOUxLijgRZf+LzyflOM="}},"5L8vD2xVvfLhHbrKOuMRIefn5Y2aA41DW//YPxzaWng=":{"valueMac":{"type":"Buffer","data":"auo6Lrj2M8NOKiN+wgMJdiClp+X4QkHweUvNsnyRwH4="}},"5WAAwx22CBOK4LZuzOzKHTghJtETKCJMed7Vj1EZEp8=":{"valueMac":{"type":"Buffer","data":"4smayth+Q+IBLeVBIQnPZn805FNYlRHYpNdmdmoRJ5s="}},"5bgEbvafJYJ4ieJmIZ9ivkav7BeDTh0UvTN7vr1HGNk=":{"valueMac":{"type":"Buffer","data":"J2QNahRSjQTXRBgDt66avwZWn/y/lskmJWz4orGuOPY="}},"5iVq0D4lKNebeoWBvXAvkLzmJ1lEulRyb3jODTnS3cc=":{"valueMac":{"type":"Buffer","data":"1jUiArrHrIr5fhQvnimc8ffOKX9LvKFxSYwEijey5YA="}},"5wMjC7yPZPZiXe0QQJ2EViWrSscmkF5KCmrg/LspfbU=":{"valueMac":{"type":"Buffer","data":"yDZPd6pufGhTuvRqz13JU+a3dYC7zKhqC7TbHU2T3Sk="}},"5wh6wIq05UbHKWI506KHTT7CjTFwS2QKhMyqdLZmzrs=":{"valueMac":{"type":"Buffer","data":"s8d3S2NW0Rh4OOlvMC5O3+Ou8k25q7AKizz9yW5EhbI="}},"5ySamh00o+moZwAMEPT7+e7hPtF+ZGqd6g+lKXIekjc=":{"valueMac":{"type":"Buffer","data":"+xIEkzvIA2BR0WPln0nW3PVuWw7BdGOqzWhsuL+a3so="}},"6C45/2WVzwE7zBRxwb6aE7D736jvF3X1mYGztDcOPBc=":{"valueMac":{"type":"Buffer","data":"ET+hIuaUSxBhglUBRN65la+tEWbmoKaPjyMvhIB41IE="}},"6gCUTJWjkUeNJaegX/E+Nuy7B7ZuIxc5r9c/xG8bXeI=":{"valueMac":{"type":"Buffer","data":"d41GJBrXBoG4ld5lRAX6sbLmyQwHFL0XZfNk4N1FCo8="}},"6mE9cSUKSuG3eoXuhUIM/8wSkqggfLtvX5UF5XRZWbE=":{"valueMac":{"type":"Buffer","data":"gPEHhz8fkrtVIhU8uBX34KFRTh++hplCwN2reTgpkCw="}},"6mFlfbJxxIhCa/PIWkBILkPvkDrR6ek+Ul3x8YrzK1I=":{"valueMac":{"type":"Buffer","data":"1glKMeXr+8v3r/p3K1UjK39Rzw/Gw9Eaubcy8mqdDCo="}},"68oT4UOmTmb34YjUVSZmZvFnM3fH2rHubhaOro4rirI=":{"valueMac":{"type":"Buffer","data":"9Fuja+Tws12WK/kWpvrYqakd7bHo8D7+gfKViEH3Wlw="}},"7CPRPznBwhBMNuM3H/mSB/H6AtSBnIaP1S7bmEFkhBA=":{"valueMac":{"type":"Buffer","data":"/CwFt/nK3CR2JFjIt1HhnObTdPBOe3RicAry6HmDS9I="}},"7Hp7lriASWbamHad9UmhYUGcI9sXs1Yc8KvfS2iChUI=":{"valueMac":{"type":"Buffer","data":"FT+aD03I96bv1y7QOk3CYXuTSyBDevPfNKgjCPkcm/I="}},"7KY0flbrsyTewumltKR6gMxPHnUq+2q6R8GN/qupK8A=":{"valueMac":{"type":"Buffer","data":"TRBeL5RnL0FvL9tn8GGSODdPP4jv1ASeNh36jRfR/sM="}},"7NPUN1A22gDJgkWuXgQ/Kbk9e9obJAaUjlngtY6uTvM=":{"valueMac":{"type":"Buffer","data":"Wr2aOJSprDUraRQgnpIEQGLeoqgREmgSiri81/EWB5s="}},"7PDgDZzNQgrC0BHA30IE4SxPrWIPeLAO+ZVpETp+ovc=":{"valueMac":{"type":"Buffer","data":"ERvaziTMMxIhSviBRMo/tL8wDVAByzICYB66aKNIc0A="}},"7Wja4t7DjSTRdgr5tiOzeX/iKYrgnhuIw3DLDeH5NEE=":{"valueMac":{"type":"Buffer","data":"KKBeYKvAUC406mYTwZ3v3obrUHpKzjnZVXkKks01GU4="}},"7XnS7WsRAi/Hn8V5ZBWfK0z9kErXEsBtQRisOGKAWYQ=":{"valueMac":{"type":"Buffer","data":"93jiOZexjklPALXpt0iIHtE3+ntXo6En9jihE3bT1qw="}},"7krV2LkwxCbtNs4sZv5cODSL78Ej01YMPjNyXX1KVs4=":{"valueMac":{"type":"Buffer","data":"uW9LldN2+BQsRuJ+TBGKvZTOK23kkY651obGvqltGRY="}},"7yLg9+oYjdXOMTV0i7Yffwqb2CBH08Q5qiInJNZyHKM=":{"valueMac":{"type":"Buffer","data":"usWKksSfoIBzcWWyDe6A32NqV+LiZlnYwDS9po39Nvs="}},"8anOh2Xgl/82Ho3jMvEeWP1C6Cn243vqaqsYQlWzlHQ=":{"valueMac":{"type":"Buffer","data":"/VYAhI5YXMh/EIQPhWGTDCDpuF9s99/YmEwVzoLmIM4="}},"9BpjDyMj9dqjHdLG8TyvpIWHUHWFfOCwk5n++AZcg/o=":{"valueMac":{"type":"Buffer","data":"/UWIoq1A86RjuillbinKG5cI1id9QGRyMa+wI3q/04Y="}},"9B1M1ygtrIJ+ilaYPKWmgG7QT+FbqgWl4dSj3AehxJk=":{"valueMac":{"type":"Buffer","data":"dIatDo5DSqUICVZkjq0LhypiH8KzJN2aZVPy2UF3ElM="}},"9ExhNjGx5OeynjRLbrk2XuYG0VQnZ3hP3Sc3D9CsLEE=":{"valueMac":{"type":"Buffer","data":"2gBGcozP8eTwEzyiFDpWqRKI147BNLZGKIIBTOfyXOo="}},"9IiBxCv/oEHiHAY+r45t9yogGgRXalK23jZQaEa49BE=":{"valueMac":{"type":"Buffer","data":"0L68bcqt3gQ1wPCaYmL5oQfTNmNVhjqsBKx3uB0zJ+w="}},"9UmlwONX8s9zpgbzRADcaBGBDcMK5F1UN7NPOJUuhrc=":{"valueMac":{"type":"Buffer","data":"QbrkindeVP9QltWWMKWoHxdakse5L97CWYtHHlaxyvU="}},"9W6yLY/jaWry3OgCpoVeR3Vlcvq9X8t7VN6Q+0tYTHY=":{"valueMac":{"type":"Buffer","data":"/oEUXSXzPKs/n1wDAhGW9QiHzcBggGrUqBiNrhICN3Y="}},"9YngwVJ2O1LkZsD5ld9cJg6FIqNIlbzVGhBLg1l6yDk=":{"valueMac":{"type":"Buffer","data":"XpBucmdOTC4xBuDZjqbHAVjeyNSi/RI8PesDC+kab9o="}},"9e/1bWOQsgv07PtlqGQbNmQIW/nmCXPKeKWbqNZDzZs=":{"valueMac":{"type":"Buffer","data":"kAqwLEfGsjjKxoUOGzVyRLiYalDsB06Oc1wcMqXj01g="}},"9p3Nnjg38I/9Na0+YmeOtS0WFH8MrvVRhGJO01TydRg=":{"valueMac":{"type":"Buffer","data":"g9zFWbVLqD1NCzq9C7IIZFGXjsd5ht8CPNt+BV6jlOE="}},"9xNSnjahElqtVbWJnmdNY9G2ThV+xJFB7eqN4xvf+Xg=":{"valueMac":{"type":"Buffer","data":"YvSPB6USyqHAsVGZ2J94pnau6FC56zBfG74fNmQNMWs="}},"97/SYpxG8vZUyNtIcJu4i32R99PW5wOlANme6Z+YAVU=":{"valueMac":{"type":"Buffer","data":"3pWwJemBNaNw6opqqN2VAFWHOQkpKTxf7jxUAGbnstc="}},"+IKCe7zuxAtgUHCIK6JbQudsmUblNVr/RcGgGVs8n6Y=":{"valueMac":{"type":"Buffer","data":"98IDbV00fKPlXWHOPF/eRFsVu/YnIZqdtvSgiaSmq4Y="}},"+TZh9P6sq3UseBatJ9q72CMPO9viOp2F6+GUs1uAZwM=":{"valueMac":{"type":"Buffer","data":"hRVRkbhrn/4KxYyZzSjY8pnHVZoeb688pp7z+PdCWoI="}},"+12UlufXEWfeyVYmEhRdk0MTLS2FYYEE6VEe0332xJA=":{"valueMac":{"type":"Buffer","data":"Q7KgDrlWyrvExzpAx6y3Wneh8ssXeFdElllut9IdzgA="}},"+/gTtxd8OgsSnswtzHTh4R9/mwEnTarbyLg57cquzn4=":{"valueMac":{"type":"Buffer","data":"m+M0BSESSH985oImb9Jh/e+rvRoPM84OXu485+Oux1s="}},"/LmVqSivh5KwY4MruF7M6jCgKNd5uKh7hpSNgQEGMGc=":{"valueMac":{"type":"Buffer","data":"5ACZIitLej5rHX7JLiprSQ0qonwjJcJFfLzYeGaDso4="}},"/OYCz8C2Mx790zjKqJOMIPok//GdwLgVnCP2BfTSNF8=":{"valueMac":{"type":"Buffer","data":"56FfE63iP+PxYekwtUrGhtDMfvVarJ4pMxkPVMO8cro="}},"/QwQ+CmO23UpFZMR+pDC64edWNq4xtdYH+JANQxzqUo=":{"valueMac":{"type":"Buffer","data":"p1lNj252JqFJEierehV39FtVl6QpKCWQOVA+bPNTnRo="}},"/eFKlCsKeOEBVOU2v+t9RBtAOPC8XzKAYcF6pyFr6L0=":{"valueMac":{"type":"Buffer","data":"xfb0Gya3lBA6BYconlv98arFz+0flKGqfBmsoHDZlUo="}},"/jA/sSqkIVx9y84LCUc0ubsYAr/vPc9+fC+JZJdRE14=":{"valueMac":{"type":"Buffer","data":"s4gfRqfbvZI+pdiN6DYAPmCIgkaqe0SpShB0pCiP0u4="}},"/pRZdBi6dXTmH28WQMldKZcgv3OfsbJ9JAm0wSZCc1o=":{"valueMac":{"type":"Buffer","data":"kh/O1kfL3gNRqNuAhfZlGLinDzUMX7ksLTlebOnSS7I="}},"/pytIl0Vcby3cZ/3ZkzyaK1icGZkW904BfUDzuJ53BU=":{"valueMac":{"type":"Buffer","data":"6tPyD99/ygg+LjP252ma63FLBmUNtLz1azzZq7eiNrs="}},"/qLQ/cQ2RbbgbvmVdnD/rijPlHPi4UXEF//zk6JPNjs=":{"valueMac":{"type":"Buffer","data":"LKXzoZL3h9JaF9VyFygVqGBKT9X8wu/Wv4Ofr2JDZmI="}},"/yhcwilQOOmgW99KlLeLP41Cm6IURuev3QJ21E7i3sY=":{"valueMac":{"type":"Buffer","data":"sK31GsVB3KRTu395MeNiP3lqdScO5eUSVav/nTKESlk="}},"BtrdTFfgbC0ALzurHLAZxuFcaYUnYScrJ+ePBARhNII=":{"valueMac":{"type":"Buffer","data":"Uo2Yf+7x0MlDpBm06eDKqx1tFoE61MR1SoPsYE3FjsA="}},"66jRufxzmKA6oCqaGvZPZ/nl/PbGZ9H6D3jw4WtPC9E=":{"valueMac":{"type":"Buffer","data":"grmTmURhg32CNP0s7ipzXo+ZT6RjAt1Vup5JV4+bGMU="}},"BtxvdludYDEb9clDWz5ydf8aGQTknW4zx5K3/DG9ehI=":{"valueMac":{"type":"Buffer","data":"4m8I8Ch8zvWNKhOV1JbbjhuPTslwFLB+vaqDRdlRgk8="}},"R4ExpZzfutEP74km0cAq+uUS7pXbop7VhwyAWPvnSDs=":{"valueMac":{"type":"Buffer","data":"CRA+5TU1sohaDH699Sv1FrkYkX2ASQ7TB9eq75M3HrM="}},"jQYJdp+9N2rGafFCalgAHW+Qu09qiKdY/mbXbQuHCTk=":{"valueMac":{"type":"Buffer","data":"KDAsbpgJhnlR29Trim0/JzpxzvfVcDhOm5cr3wM87JY="}},"1DB3W7Ys6BlQVfAmFqrdg1oIZBmTM4m02vYxKlxihow=":{"valueMac":{"type":"Buffer","data":"GgDzK9LjRfjJEEoLlbXFQDFD3XPkys0+R4Onls6K3lo="}},"/nqRHvwqe/E6VTGnZ4JWkZnYx6fGye81BDWyNHXzZ60=":{"valueMac":{"type":"Buffer","data":"9VAYXMThHm3DHVlcDtvrwwL6DPuc6DAaG3dqHSEFJxg="}},"uDXG/XQlZ5dlutTu7mhwmnUwYXtbQWMKHqMD/zPgrlA=":{"valueMac":{"type":"Buffer","data":"+yT09Tq+tavC2BWtw7z+BUa/Dfbgp4bogQ3n/RVvNic="}},"SyZCMScKiCwm7l/kstCoJxpnyJWlw5J6IW9wSLfcfBA=":{"valueMac":{"type":"Buffer","data":"+JuvIDBVgk0AIEEQGmLRNbLM+GJp6e1ZfIW+MA1TE2U="}},"YND22MGnnE/MO/OZtxG5FMkQ1GbyTZaIRqLiiDj5Bf8=":{"valueMac":{"type":"Buffer","data":"uTkxSXOt4N+SINjI2DZ4uoW+vPxRWbhEhyHjC59bkT8="}},"rqK+//ZJGyXbpWhFAI6xYtvC7vuHmTqIMDWlSrjNhMg=":{"valueMac":{"type":"Buffer","data":"f/OAycbpqoCDP+6vtJxagGzMvChepSGdyqClo7yrBB0="}},"m0Zofp92XD9LRw72/daQr22s7gY0LGkqN7NqSFbdnk8=":{"valueMac":{"type":"Buffer","data":"8WmHPhr+F0TClEzkqIeyKw0HWacEubehTQ+/oNVVhR8="}},"3yEsCR+2pLo3UpSI6NzK8tCTmhH5mcyytJdbwhB7bDw=":{"valueMac":{"type":"Buffer","data":"XNP4RMBfrkiPMyEPJrT9kXTHhsWacZ6Xm+ovwY9qoTQ="}},"PrAmnbwaYWyHXVG3vM1L1jiVZziy4mLzadU+QPS5rwU=":{"valueMac":{"type":"Buffer","data":"u/MMquyXifmznPMUNuPUYpjxRQ+4rJwzUzo/tMMfwNw="}},"pLwKsVy2BRKcqrYsyxf6TISIViRexM5H0gKbMkppHSI=":{"valueMac":{"type":"Buffer","data":"jlgo5944ZGQ4Fk4+7dJXzz3ROXhAIJBdiibQx1Q1RsY="}},"1kJa03E4jwXGet3JYcVFVdrGWSG/5wJuAieAIXKHsMs=":{"valueMac":{"type":"Buffer","data":"eVT9j3CV366uTdySpf98vzpLdUzLydF66G8Ol5wlc/I="}},"I5M/qLkeZoFE8ssNq903cLI1rl/UtZIPP8Pu6ydkmkc=":{"valueMac":{"type":"Buffer","data":"sfW7u5tZMeCkLdb/59rPAKX2cukflfRTdyYIliqpii4="}},"sEVokzjKXDz6SQYhipt5or6UFUYOvldJUwPmZkhoBR8=":{"valueMac":{"type":"Buffer","data":"6VwIyRlX8my1YkIjaQag9Szewdixk3qOIwkVDHuPlE0="}},"FwkHlPp43sr2rfUjemSwqhmKteTXULrhyvU5V5MsAqY=":{"valueMac":{"type":"Buffer","data":"O5FQXV/mQQXK3nYSC2VhQ3afDiydX5P4Z3Z0b+9Nx7g="}},"Z34XLDvBJojIKj3ebAhjXg46tn+5Q2f+8WFZxxrEejs=":{"valueMac":{"type":"Buffer","data":"ncdwF4TJFWtGq3PCKql5qSsaMGvFHHz+9MF3hn4MVDo="}},"xrnCil1YhPZjG50Ub52Fg0OPcpT3LFmy/91X5Cmqu2s=":{"valueMac":{"type":"Buffer","data":"QANUKB/sfixSvTPu8J7xxRldbTXd5g3iMk0j/QsZg9E="}},"ZQloBt4pX8R4x4ytkrdwKXpW3AL8swhmDXJeSsDOUbs=":{"valueMac":{"type":"Buffer","data":"fUHJQwgqyYlg5EPXS+SprCtbdK25w3wRAR6b19emG8A="}},"rxL8NreGyxh+bIfW7guNmsCdkNRLV5RoSZv6ekNiHBk=":{"valueMac":{"type":"Buffer","data":"xB8LeqPnTDf2+F/6CCXZg85fbgXsAl3oCzxZO3meTI8="}},"I2H2WHvxEz04IbiWC13XUO2/83TL2i/FGnSk8JHE5Ic=":{"valueMac":{"type":"Buffer","data":"kP3KSXEkYXwVsrvxdCut6fdEp+hoZYI12JS0ZS9TjWc="}},"oTDNSipfCOqoK2o2CqwnSjBpbGQdPK+W3VNRVh7cyAk=":{"valueMac":{"type":"Buffer","data":"wOllYCV+z7lvfJ/4WwI/MfWYHr1ThIeVJvVSTZzotNc="}},"QTJCRZ77ntQ+GP42YoBpCwHSyBDY9Y61oFREznDzUsA=":{"valueMac":{"type":"Buffer","data":"JZfLyO0/ru5K5//2A04fjHVx9Xjv5S/6FaKchCSAREA="}},"6AC28HG+86te7ggJd/Hzf7aUd1/JwXVhC4HCUKgRa/U=":{"valueMac":{"type":"Buffer","data":"7b1ADqhlSdea7wxwcSqBZBiuiinX0lE+pU851Uh2g00="}},"HDhil50aJzqgPy532i9qnKg+kMmgo8/qHRRFdZc+eyQ=":{"valueMac":{"type":"Buffer","data":"+6aolpCKmTelrx3v/PQDkxiD6mueHTIOrAnTuxMAiFg="}},"R1frVBAgKliqS6n/vA0V4PGf7J+LMeoU43CGgK/d4cQ=":{"valueMac":{"type":"Buffer","data":"bmIZnOcq1xNoZkkvMhRb8ASWH0NHnaCvSUkekdlHbio="}},"jeFeXC9rn3f3j43528BH9oT6eEiuy3b9u/lvFjrlWkk=":{"valueMac":{"type":"Buffer","data":"jCXRg/YBC6Wj7pS9dQwfg4/9OIO0VhaVvuQTsXtkZIc="}},"KV7ct/bnia558jqMlLzg5GCfpuLH9DiL9vnRxT5gCE0=":{"valueMac":{"type":"Buffer","data":"4X1uj5U/SeXCnBg3biI0E3uMlCBGqFJ5TJuPn+BSUaY="}},"Ja/WRJg/SFvHtNIaHwAWra+7943JPaKMSLxgWPW8/2w=":{"valueMac":{"type":"Buffer","data":"lnZUIdQLyj4TJI8vIOX9DaixeELRnp7tNOKW1/Ook1o="}},"2AJi8EWm/9pQ5Ls5IMOoutNt+0mzpxRC0e1ZveMpXCU=":{"valueMac":{"type":"Buffer","data":"Bhv2U/Bj8ZJup/A1UB3Ujg9jZ46lsBcB17/rwKVR91o="}},"eGqmGo7zTY7vIOlMV305NyZ9WHgtWwGX3eHlCsdHG5w=":{"valueMac":{"type":"Buffer","data":"9DoatWNlPgzpYTga9zlmE7LR61sJDSINYKOFTHI0R5Y="}},"/5/qmAN6jd9xA14KN/2ORzROFdlA2toVDLNj3bTQI7Q=":{"valueMac":{"type":"Buffer","data":"vcktgIbVtfFKNb7Ck5qGjfvH3L983VCJma2B2E7mTpQ="}},"dTZz1RQSspwYsmS5Vn/0A1Zb9l3JSbwpif16sLuAAug=":{"valueMac":{"type":"Buffer","data":"9UuQJEfk/w+4+OQjyHeEsUzm6VqQFfskTXOm60nfcNo="}},"dBxUOKCpP9ieVzjh/KamkdnrR+YqSbxSWMVe4yt6Hpk=":{"valueMac":{"type":"Buffer","data":"RjaC86532NA1zBYK6vUKLTp8Rxm1P5Cs1kA+LaRbo6I="}},"iTQNSgVQ9DCHvs2ERBQ4UERIOVXPg2XydTwPU54gKlk=":{"valueMac":{"type":"Buffer","data":"YYQC3rzdHB9gzxh96dy3gSIoju8VHzRvaT06cgNz+Fc="}},"wObWhmotSSyyCDhp01vizVjdUjVLhxXdTO+r8oF94AM=":{"valueMac":{"type":"Buffer","data":"Ffsf5/aMe6EbxFuiZptkmeoYMfe+7YoNtvpwqKwH1qc="}},"LLkHsaFJBFaP7GHHRjB0z8jw4NzJjwXC6B3D7Xc+rJs=":{"valueMac":{"type":"Buffer","data":"1hl58l3qxH+cVOKKviFXWeOzLP35BnDwbkzkWYyStOM="}},"E2qaj6WxojJsD4XHuMaT7tidbr7aUtT2Bo4UruagDIQ=":{"valueMac":{"type":"Buffer","data":"rzGzMeJif8N/Tz/JdQmb+aQIKwT1N5zDA1rCZpsakFE="}},"NJ5DSOcAZxLhwaRxkXsKfSHNM/DR/C02EQdkSvth/rI=":{"valueMac":{"type":"Buffer","data":"G1uyXsNVHaGznbUupNTI1XzkY7vw6+XGw3XpG0mtQVc="}},"A8ufRYtInX6Z5p0tLIqfFHEqMeu3Deng318YrHwX15s=":{"valueMac":{"type":"Buffer","data":"Md7vGTLE+RwxjLAd6sBVqbkQ+V/or3tmMTnMsV9l0wA="}},"mXK4sy0fKlsiP9qrfIQTsQCQWw4G5a65TJ2jw66QjXk=":{"valueMac":{"type":"Buffer","data":"guDAakg+IqAyDyjmcHw8L3gTmsHU+mV0vMXOOPerFL8="}},"rga6yVMgK6D4Y3+/GRuSt0qAIwrd1daGSpmtzNC+NMU=":{"valueMac":{"type":"Buffer","data":"WkvP/dQ3+U7gxfWwlMpkIqrA8Bi51zZFDLvfyZRAuLE="}},"FnA7swS5m2gCmy1RkzF/RdTQJ989E/ioWEJRarYCxaY=":{"valueMac":{"type":"Buffer","data":"GDNQtmHurqlLaCrkvLP6/2T+pgz/OiqrNYrwke4g47U="}},"jyjBOZIZU2/hzXOjlFbPvUHq/utmeGlHrUGlM2/A7VY=":{"valueMac":{"type":"Buffer","data":"t3PNtZ86uw6GrOXF+cOAvLUJQEgknP/QUcynDKJMsiw="}},"O0vXF4jU/8G1v+i8upOHoxDTmjCQKFzep2YrsWipAl4=":{"valueMac":{"type":"Buffer","data":"yJSnp0CblY5nMzng9tGBc8hzD8gXy/Yet0asX3AfMlI="}},"KPPKARCQz8YxiJqikiyPjNop8ncX5C6PSvaBXuDmBdY=":{"valueMac":{"type":"Buffer","data":"5oyXTeHw/kLnaCgPEoNcG2/zaBKduEhg+bMrWfQEtfs="}},"KXvm6gZhFfZbVvr1ZcdVhAbEa4SUnKmLXaUvcoj38nI=":{"valueMac":{"type":"Buffer","data":"uAEXqPiKT9dZsLMi5m5gApCYdVPK28osUz/MgnZ6UGo="}},"chB/KYmwtdoqUHbqbTquXn3Snst7t+SwGhGPJuLHffk=":{"valueMac":{"type":"Buffer","data":"1NVjjM4WJZMBZvuak6EYLcOCnX5V8a6hwN0iObq/2W8="}},"tinWWdi3ueEw4xxoXQPWvUR0Jvb5mxg96OqQCjjQXi8=":{"valueMac":{"type":"Buffer","data":"bMTqHeF8evZwFdxm5GIfrIgIIdVFOkT/WD+icKJRiV8="}},"ynciSa03D6BtNqE0ATuo2DVer5RCr/+lecXpc5jHqjs=":{"valueMac":{"type":"Buffer","data":"1Sv5OyE4PeTFuDSlIK6f2EcaTZsqjNanZrVNPN0XhNc="}},"KtXwFKLB6s8iXK7I394tT+KGcbfOIsP3ZbhTsdIi+zk=":{"valueMac":{"type":"Buffer","data":"k1tkMIZMHfXwjqTDSQZJrpdwKzJCwl44vcqxCwI1XSg="}},"j+pb4oQVCLzQrbbr0ebCahBcCuDWNNg6mWw6A35RX2s=":{"valueMac":{"type":"Buffer","data":"VZMroLXDHQeuObMF67o0y6kpBnwX/AnS6KwIYu2YjOg="}},"7/LQvk2qjUb3Jro9N+en0FFapKxJpJxBIjXhtknev+I=":{"valueMac":{"type":"Buffer","data":"qJYnBi5hNLEZKLHGQ1pbbm6wmpjz88GAG591BYZ9org="}},"sLzyUlhdaipjeVKDVpvhPyYI5GwonJvAWbFrx84isEM=":{"valueMac":{"type":"Buffer","data":"t1BmftDTxocChA4MMe2zj9CqUP8BD6KpDGQxOUIoHMU="}},"ABmtNXNucYqUfPagwzg1eJ9ALHn+XPAxf3+XYZJDtAM=":{"valueMac":{"type":"Buffer","data":"e4VYcvTlavBDjCdtOTJtUy8nad1SdRoU1g8OQjgx0Pg="}},"sQkXvp+xo/R5yU5imYUQvLpqX3GySOBNiFCjKiowt0Y=":{"valueMac":{"type":"Buffer","data":"cGh7q/3p6LvhKmYEI9/l+fctSXTDQqQCY/FAvjybc1g="}},"ln+UuITMhWRIkWiv13l8YFpPT2FdE4MgqYDud3wWkPc=":{"valueMac":{"type":"Buffer","data":"s4kGUmqTiFnCD3ieJaVAe0cYi7dgVlKXtQ9ieq4emVs="}},"KJ5ZDzzmytDwy6qUVRjmpEyhk69a7VvJetbJOSM7aDU=":{"valueMac":{"type":"Buffer","data":"9fTbx/6mSt9qZxS6W+AHYKAc22sN5iLOBYC7sgG8nGE="}},"p4VK/GIV5zPIhS0Bu9iCpc0KK+R6ysCjioVG823XRIc=":{"valueMac":{"type":"Buffer","data":"4ATN6oXvMD/ynOjexoynsW6wmRicUIggvMpDJRcngw4="}},"XY7VXUKSRBZ5NDS2dyIA2//u+A9w+hz369MvriqsqQs=":{"valueMac":{"type":"Buffer","data":"Z/6RiimATWR7btnV/9p1a2H3O0rvWJchxWTP4IXuFSs="}},"JAvAjTWDL/arr6+T59j1+4d7JBCjmuhJe0uws5PMqd4=":{"valueMac":{"type":"Buffer","data":"Hlf5+W+dxf30gjsUj1Xc3OhWh2xP6HdofihFcu27w40="}},"v47b5UKsTvxPcUMIr7mdkLKY11x7eKN+8VUIm8HPK8A=":{"valueMac":{"type":"Buffer","data":"3uT+QzaS+BcJsFYPjUd3FoTuazVpyVUYvKa8VJ7h5ss="}},"1sMeCi+pA5W/z/U+Ek/AdTdwr6GqehknzwXN+Cg+TTA=":{"valueMac":{"type":"Buffer","data":"U/irUMjIfxGkHoJ+BrCkQcDKgyyvaHBqcHQYEuiDkCE="}},"JpMf4fa380kRkhWbeIFfsySjXQINbTffM/jeS5HDPbg=":{"valueMac":{"type":"Buffer","data":"uMboeY7q9MRK9HMEsmTqUlpZTzOTMt2WTjNdJBMlIPE="}},"/lFIXn5Jt97lsR7SmolsW2x8olKPUvP6goWErgouRvE=":{"valueMac":{"type":"Buffer","data":"OSKbHRyd3NlMmgnMW4QBngnZoLZtY8SUE7Z2+I8GCDw="}},"H52/PkhY1bB6r68zg6FHwwMnFKyr3kXtqip3sYmW/AQ=":{"valueMac":{"type":"Buffer","data":"c2vsGdMROtK66tgHa8WKAmA/UQauLUZTClwtB9ZeFQk="}},"ztONe5HhvXK+WCj7h/WtFyu3h6GgnM9zecmUjil+hBY=":{"valueMac":{"type":"Buffer","data":"vult61OCYN6bjeyZAAKjaeiAdgVq20duqgl+gpzXtn0="}},"MJmFSdQ8jQVR6YMo7kJJ6DSqtigkgtBKMEOXHvZdtTg=":{"valueMac":{"type":"Buffer","data":"tYXQNJni01eYYWM3Io5I66uQVqc0S+4ay859N9iYqys="}},"gI1T+qTsO7FlbaVFqSb1laSHF625RQz6WYNZhajytiE=":{"valueMac":{"type":"Buffer","data":"AEUyDyYJQHnDyTzNVIXmOLkvLS0L/IQnTEk2Lv2sMbw="}},"LsTmmLceW135cF4p8piC6edCTi88As4Gw9V0i+/Gang=":{"valueMac":{"type":"Buffer","data":"o7UJKp9pfCoV+N6l2SSqjYMli4USpm+AMZIQFtdyCaw="}},"JEt21temnuyUpC/JANnxsoqDezhRetg462ubkf+9fhk=":{"valueMac":{"type":"Buffer","data":"3w7q6BDnHUNRE41/hPxPq/MgRrHTFeNdzO9ZB22eqAY="}},"w1d4bH9IcpbNg+4HbjVbgHYdBISz7veYY7jB5w93FWQ=":{"valueMac":{"type":"Buffer","data":"+wPBiAAbqTeKXz+00GqgdOYcVMNcS5qZH5aLbuNpAoE="}},"bDcRIslhr6j4Wvqwo+2oLNvhbbJE4VHFQrnvb1UnAxc=":{"valueMac":{"type":"Buffer","data":"2NloSiDsXhFkcLzRAPnnGk1YC31pkYVtdrc5/6fRTgc="}},"npZgiW4Dap+ewvVIAZj00BAAgmu1HJ4Yv2arEWFGgWY=":{"valueMac":{"type":"Buffer","data":"9BGPbkilBQaxt414Wp4yNa32J3uql0SN3ZMY+i423kg="}},"PF27XsvoOeCmVW1e8HHXFyY7ex/JT8VDrgpQvXgFph0=":{"valueMac":{"type":"Buffer","data":"wnCFaTPNC+48JKudKE4Hwpvj9aXIhzPVdBp5k27svm0="}},"89HqucV/adDwOE4bYMDMS19FA5xXGv9OUIdgot6FWxI=":{"valueMac":{"type":"Buffer","data":"lHWykmkWpBip6tANElQ1s9fpN2c05STb6nnxMzIKCvw="}},"fM/Hlr8V/sdJ40+jWD66DmeX7r5hdu12zg3Wm4E54gw=":{"valueMac":{"type":"Buffer","data":"aTXhiXBqpfNTteL8xMXldhpZumyeVSwywZaSW8VksEU="}},"HkomIEs/ie1cYHh7da4NGsRzFmA75294v3R5MQnVOtA=":{"valueMac":{"type":"Buffer","data":"PHE49oCrTNYVYjxowgdid9HDqAG6X9etSilhVR9V+Ik="}},"QosNMP/ei+dTardVQZA13lK2XiK4qZHxW955QG49yj8=":{"valueMac":{"type":"Buffer","data":"h2YHz/TYAUVCGyvAocH+hOIsuWU12NmNn+QgMbdsDwk="}},"rSsoHTrcgT/tMYEsaN4KpKyk81A5jCDNuBstUziMm/M=":{"valueMac":{"type":"Buffer","data":"EsFAvG9FGFTy3xLAIDabZ5HQVz4o+QJWPvtDbmhfYXs="}},"LULXqSAgE8cYpeUWx9vK1yC/1vclR9RlG8oWopP9dKE=":{"valueMac":{"type":"Buffer","data":"2oA1f34J/r/2ncnnHbXDUMmayqh3W9x0VudaSWcxf7A="}},"nQch3/Dr5dE9LQdsjOTHAZgOIoMJqoeCo6nprd6btt8=":{"valueMac":{"type":"Buffer","data":"ibE4B6Vgdrz1Oklsd6Q9qFRb40orKyVrlbF5oxIBNWI="}},"7i3k9mlRI6Inl1XmuxTAEJVTdrxseX+not8SMg1+QRk=":{"valueMac":{"type":"Buffer","data":"MRpkSR+Xvbi0WhUxixW06lyfydUnAmn0eeJanaCsTCQ="}},"I+OojJ30D2AuPoJWiG4FpcyLOAX+1+FYFxxhWgX8kfA=":{"valueMac":{"type":"Buffer","data":"/gOw5ibuglZSwIRyjMz4tZegeu0uiJ2lXAqqQbwthDc="}},"lnKb8iTsLH02ZAaroCKi8m2eaY4Mfn4O29t7amwXmhw=":{"valueMac":{"type":"Buffer","data":"Dqg6mkMKotjUWn3ClwanCwmR8gT5uLoSaAB766E+R8I="}},"fGqvDWWSxI7Lb50j6cTH5O1M7CmEGzYZTTCYJ4/GXDo=":{"valueMac":{"type":"Buffer","data":"BF7sFxC+Q/Ijc+XWwD7g02Iejl0Gp6eExKRk1HH38uM="}}}}