{"version":30,"hash":{"type":"Buffer","data":"TCnw8RB2FIrvmW+M3nhGsX7mWWJSIRwtn8ySOOnniO4gMKzkn2/qKsQFuf+UVUwwI2o0BnyrYVdrB6CqIMkLJT12FBvWsefV8AziJq3QC9kykLZsS0GqGoJ+hvlFtlRNP1Gv/vwy+xhO6tvnuWXt1bjkJDCmcCRzVIh2KMeXT9g="},"indexValueMap":{"CYWTsuNRRLd/3/UGR1VmXT1fPtnvLxIzxUm/ARvxmSw=":{"valueMac":{"type":"Buffer","data":"r+VX0/OVnwzr1T7pRmxrHSaxZPiw555X265TZhtrDIE="}},"DHJ5RvofPlTz/mcsCh9qtmgx9yiLFdn+Yv0PlCeI5Fo=":{"valueMac":{"type":"Buffer","data":"xB7kczCa1zj6iJjnxDkp4gHtHDJq94PBKLYO5VV+wu0="}},"Jh//Hh/Dw8QMD2H6azV4UExJ3BfRpUtjAztFGHoBwfI=":{"valueMac":{"type":"Buffer","data":"QY9z+VcpaohahMA9rzGqGTVfCSZNPqXJWzWfU2x5VCU="}},"OAWcuPzugGENh3A/Se4k3Ur0UUQDjWWrLesKPcgKv/0=":{"valueMac":{"type":"Buffer","data":"q0yk78r00l3xCbgmo7WTJjuJdCZAvYghaYlXkFP0lY8="}},"QhAWWrvVt8vnmi7uoQuuo2WUVSDVpdQ6TSRaTZ1if/c=":{"valueMac":{"type":"Buffer","data":"dTwtHGouGx/jMg1GuAtYSUdZyIMYdceto7vPD/WwllE="}},"UF3gZr3jti7S9EBR6MmKIaKz2ejr4a9/SUcqHVyrG0o=":{"valueMac":{"type":"Buffer","data":"5R4+zDhR6fojtKK5fwRvB3zEMMXjTnwDX9Z5NHKwnrw="}},"XtcC2EeN2OlLaDbSPHELqIB1ZR+l9i9HavieZ5DDFf0=":{"valueMac":{"type":"Buffer","data":"FHEebVHC3OsND1M+GcsbiZvJJd7HJ0pA/K6hKa1wuY8="}},"aVuRpTPVAnGqExKBkcSDc5u6eW1vbYQSgV1VG4B9CgY=":{"valueMac":{"type":"Buffer","data":"YCdfAI51ur25JIFXzDK84rbJwwWE35lykQcPVXp4k9A="}},"dV1pzNujehnHLqZx14+vKqJI0icgUO19nl6KtmENKm4=":{"valueMac":{"type":"Buffer","data":"PpKOpdcnVbLam1LR8zCLm7dwMgAxThsEiIVEtOBxtsM="}},"ezm2VZECxxPaxh5V/NBNg43Y8zpyQTAp++UMMuja0cA=":{"valueMac":{"type":"Buffer","data":"LPhCiKLyF0cqdScK/qqZPgNO4P25R3oLQVE1mN6pJMc="}},"qUnpqgaN1m/Uj9nMMIIo28fVUMICc8ZUz0h0yHKuFn8=":{"valueMac":{"type":"Buffer","data":"Iaj7qkWofqtuugR5VAqexqt973hHB5Y1PtzePS5eWa0="}},"ryNssakjsrpomAzr7C2g8h/KbAW20lKaA/m+owvgfDo=":{"valueMac":{"type":"Buffer","data":"AN7lA6abt6mkRd+/slBtbrzMUzjM3KiB9BVgnvHxsdQ="}},"0/l7SY99Q04H+ssqPAE1EWOv+XG3JZaJyFvWmCoBPd4=":{"valueMac":{"type":"Buffer","data":"B6esh2LETB+UkteJkh7dhMnCuPufI0NZO9yfEBJl++0="}},"3StY9qMyzikXLV8XyuzAoqXwdqIJEYFhq1E1yDZZEXY=":{"valueMac":{"type":"Buffer","data":"SE5+Qd/AVo3mW6dtuNJrh8J8yq4CAR8Cruo365Vh0Zk="}},"4C1vQbfI73toHg8jiv8I6fQfAF2a952PDrqPtl7c0w0=":{"valueMac":{"type":"Buffer","data":"kf1ptLx7ELnNz/JeO9Ss/PctoAUNhOXaL4uccPIhnMQ="}},"4J3s4+uDmenlmhPa9O3BVw+6gdVSyiK/HnYOCt07F7Q=":{"valueMac":{"type":"Buffer","data":"mWLdh41P28UIksqUY8JFGWopPDTpIYhc0C2J1GXhHsE="}},"4cjUC3EYUJ2I7bYOHHFVHIT75Uwk/arMSpPh/Dd7rxY=":{"valueMac":{"type":"Buffer","data":"8TBU1nZ4cGJ5fX5lNluJ+WQWFSFI6si62rV5humb+ag="}},"9pNpxPsT823oxU0lfkDlPmNpWft9Azo2poD4HtDmzp8=":{"valueMac":{"type":"Buffer","data":"CClGVRMfWBhdbsfw59idFju9BxDm0ZQWr3rktLzu7yA="}},"zgCCnyJ6EPsIGYbh9ejN16698DMF0jCxfJYhiUYvLEY=":{"valueMac":{"type":"Buffer","data":"yT846/QjS+rwpVZdWGuwLClLYp9SM8soswa++52puy8="}},"ZZ9+VGuNZO0/rsMcNkHlc1qYmVxcLPHsgXZHMsRUaGM=":{"valueMac":{"type":"Buffer","data":"O/BAZI8M4OtNefVLLrgtRTCOdQ6N+q8JimlDEGriQ3E="}}}}