{"version":31,"hash":{"type":"Buffer","data":"abW9glMnU4+zlpwdG5BmmffrZjNfZuvdrMj5Qp+X58sDwOLptyLs1PjcxsuFCQFtQK5eUsZouSAoC0pLTt58c8VArn29iJ2aK3tjtDOrC2amWZpiAxZc9G2r8kyoS/kXnDH9622CQ7UMPrUTsaOL8Hk2FUm64+dTVpCGA5XoRJU="},"indexValueMap":{"AhhnMxh0ZDje8D3Vf5cP8hHxBXfWLnqffX+PiqVsWpg=":{"valueMac":{"type":"Buffer","data":"GcHufMWNMV+xyso/RX/dXEUbxEmnLnEY8FCzRd8kcmA="}},"CMC60pMt3kmvtiepTnJ86P5hqBnuBpfuWOU2xtNCSvM=":{"valueMac":{"type":"Buffer","data":"ghoJPU3MowH/rMq+RBMi0Ad3NUurylKPYoxYI6kLqJg="}},"GI5V8IoOtLsVt8DmnN0RLndKfv+DKE7DgbFh/52UQps=":{"valueMac":{"type":"Buffer","data":"tYePRQTmqLJUi574czjdT4vVrDiE5870ZoJGzZA2Nog="}},"UE9vbOx7Na240ACRGrFyscRs+uoTjZvSI8nO62pfyCA=":{"valueMac":{"type":"Buffer","data":"dFi+lLPyhgK2HJG44SlTxZwuKE58DqxflnTDmcsOyVk="}},"dB1L7m0YKpXNiWCoyCeRSGxgulrZOipVpqmYn+Bj7Yw=":{"valueMac":{"type":"Buffer","data":"ZQhvB9wDZzZU6akDxzZ2tShPDFBxBSgAdbQc8/iY7VA="}},"dWrkDU7Ls0v8M25zcLAhyMOMxoFtkaZRRNfZkNZP7dE=":{"valueMac":{"type":"Buffer","data":"aOukZ+l8lKLZR6FeIjw70+DvP3xP5cK782sOYsii2A0="}},"nPqXeCMVU0LrbyXyWR6n1hsSOrOzxjpgoBpvchFB8Y4=":{"valueMac":{"type":"Buffer","data":"QkCuHSzHPSb4G7TiTHGNn1wpQY2Do1ij3RqKSlvM/3k="}},"pguZyyN7gcsbHPVgv6kQWC/z7pZQK1LxV3oZdDp5QYY=":{"valueMac":{"type":"Buffer","data":"yVLeNknKQ1LEXylAJkIN88JeOH1pjwexot9arSQfCOw="}},"vJS2xn/i3f86A4IxzHzcLCPDGGEVMLFhOEhTLWagimY=":{"valueMac":{"type":"Buffer","data":"VlKyDTFyR5f60SCW+No+GuSS559cR19o+pW1kuitCTc="}},"zXYTS/wjCl6zyn2ccpqA9hRcW917dWyC4Gz44w/xf88=":{"valueMac":{"type":"Buffer","data":"UhAGM3bX/YymQXGy1n5EWb+Xp0432fjgmiJmzG/jX2A="}},"595e4WdwskfE7cgCvhyKs/bghD/FzcR+873Oj3dmJvM=":{"valueMac":{"type":"Buffer","data":"UVoX6fbWZw6AOq+BTgLhhtige8OWnNI3b7PyKYqrcXs="}},"19P1NMisBZ3hUhHdrBhTQSAxXOOGTfxphGBIVHhnm4c=":{"valueMac":{"type":"Buffer","data":"L5VGsSFsDW9EivG15AJbZFXVKa7nnpWiIMW4X8gFsUs="}},"y3o4H0yLje4NZJZysFHF28YAgTrRnBMASroV5pJCh80=":{"valueMac":{"type":"Buffer","data":"sMoBHkeLfwyw6iDqYTGHMnuU9TkmhKEyzfIAZ7nn40s="}},"eaCWCFfNQTICI/XBlnhJ+S+8XTwkQpB/OeP1/9VQMDw=":{"valueMac":{"type":"Buffer","data":"Yccz/HN+BwHcZCqRtz5Z+lZd3JTUPNJImqRi3OoFg0c="}},"5AFBhC+MrRFkIUKs+zq8K9uAJkeZEP8X5mFMNb55iQA=":{"valueMac":{"type":"Buffer","data":"aVsg55fv+efVlbSoSmE9j1CCPPAVtq2htlYm1OZDra0="}},"8PYjp4IrwJ5YpB0arXL4dgz2VXwmdVnxzWge+ZDjj8E=":{"valueMac":{"type":"Buffer","data":"KsA3ABTn10FdJQWL0eEJSggSAZzJI5eVs43ZC3OHhKw="}},"ENBoQ6KPou+kJxRey/CgW98h/ilneTDltZXTo0kkhtw=":{"valueMac":{"type":"Buffer","data":"ZJzwWqufcZnnPHmzM73vtGYSe11iLkFF1c7HpjvSXD8="}},"12u8eE8pTeep3ZzaB7vCIJraGivWq7gn1UxVcfQyBHo=":{"valueMac":{"type":"Buffer","data":"xhx1z42a0ApnOPg/hYyBCPdfObvKjSfN3oixgMgRfWU="}}}}