{"version":10,"hash":{"type":"Buffer","data":"s1yXx1tBLyw7DzHPjWfkEflB7QTR4o59Vbm61qK5LCNRsmx3LWuAMOVE17ildBBpxy5Z+Q6e4f9huQxIvbsSyoPYdA/fRSOKfb5joTfU2yNzmo89kFJk0Z4FOm0DAqeSF3wYXGk4Wzkh8r/yjtE9cCVUZBz8Q4P+Kzlcydj6NmM="},"indexValueMap":{"SO5o9aFtDRcOsChw/YnxkET7cGJR+apNGr+YDR7DBow=":{"valueMac":{"type":"Buffer","data":"tXA2a79R7UoLCFN3W8iEfM9D8GqIIcq2eyJHHYfZNPg="}},"grtnm8Tr/r7yGzkwvH/J0F+Yjblu5JCbX2t/7sZdoC4=":{"valueMac":{"type":"Buffer","data":"ZN7P97OQHA3MS2jFn7cKHdVn6NOX8N8Lv1xevTHrTqc="}},"7WKdond5oPSaG0vrLD/DiCxrExGXI9oQPzcCNsnM1kg=":{"valueMac":{"type":"Buffer","data":"juUsF3ynN6fVXPTHks3KEkA4PAUokpUUeIIhUph6dJ4="}},"KtI06yOTbffpJ5rC3V7vtwfOFtnFvX/vEz9oA+bpKGs=":{"valueMac":{"type":"Buffer","data":"mWIN5oH2L7OHhOVU5WNDqtENHeSQUJtkt6gM5F/bthQ="}},"nrksFPAu/FVgeXOSRokCw0eO7zhCxAcYgFWw+hweiG4=":{"valueMac":{"type":"Buffer","data":"PCh0jrisb7iE5Y+9+m+myQeqaIe9uNgMn8D3UJE6pUU="}}}}