{"noiseKey":{"private":{"type":"Buffer","data":"gH/MC0b3nzj3ThZS8iD+W7Mt8FS1RLBXz24radde4V4="},"public":{"type":"Buffer","data":"AzCt/4rBQ7HnNaNqFQGZO3OVTaXF+BzWmF36pfHf13E="}},"pairingEphemeralKeyPair":{"private":{"type":"Buffer","data":"SOIHGPH2fsrbgyxs/SKfzDurAhmMr/KN1IbXZMf/FF0="},"public":{"type":"Buffer","data":"JAneEiJPRKfw8A4VIGsaYUcbHvY+F/aARipFOVX1c14="}},"signedIdentityKey":{"private":{"type":"Buffer","data":"kMQ8YyeAVF6zysQHS9SowlgQPIzh3mY2Zd4XQAY/G2c="},"public":{"type":"Buffer","data":"bgk2UP6MnW+/UrG9530U+iOATfVQu59ndxoIG0xMHRo="}},"signedPreKey":{"keyPair":{"private":{"type":"Buffer","data":"2DplCmcHS5ny+3s7fZ6vfgKaXD1afT2m0CGz8GxdFHI="},"public":{"type":"Buffer","data":"6geDIeECOVQsf7DXTf/0aFtom6XEpFd5NWTVG4ukSHA="}},"signature":{"type":"Buffer","data":"k36L9/0mdg0oCzCeV1WUD1n3/KiiXI9+5ZpLEN7VGvQHpgEOK7HZRTwnvKesoYPnDuAfcLrWuEO+s2uZUdbxjA=="},"keyId":1},"registrationId":9,"advSecretKey":"IO9dGEaNxsHS5UtraQEDEjhHf9MZShyev4/IQl9arP0=","processedHistoryMessages":[{"key":{"remoteJid":"6285367101395@s.whatsapp.net","fromMe":true,"id":"0EA1037962324771019B4C0247FB7292"},"messageTimestamp":1728802309},{"key":{"remoteJid":"6285367101395@s.whatsapp.net","fromMe":true,"id":"5B5DC3BDA54A4A8EE7195F0DD5C15870"},"messageTimestamp":1728802311}],"nextPreKeyId":428,"firstUnuploadedPreKeyId":428,"accountSyncCounter":1,"accountSettings":{"unarchiveChats":false},"deviceId":"q7rDjq8hSjiV8dHPmfNrFQ","phoneId":"7b5d2789-28e0-40c3-aaf1-2fdc86a543df","identityId":{"type":"Buffer","data":"5zSd4MDE0VENeZQwLKAHn8H1x2o="},"registered":true,"backupToken":{"type":"Buffer","data":"eDIUP+odIsZW4g60NJvFuhRifWM="},"registration":{},"pairingCode":"AE6K28EG","me":{"id":"6285367101395:8@s.whatsapp.net","name":"Foca C-Panel","jid":"6285367101395@s.whatsapp.net","lid":"252621990424708:8@lid"},"account":{"details":"CN67heIBEP/brbgGGAEgACgA","accountSignatureKey":"WfhAPZe0evEfETQee2m9rJA9YTLVa6+LnKUobJ2ylgA=","accountSignature":"efCUBwI8vXJL23n9iMhJJ767ZZ5qYL7anlF7IAW1vW5OeRZTZrOkoF+I9ZNYbR6SEklge4Rk4ufHVAzbOR6fBw==","deviceSignature":"nE/OPyhg0s2EXuXrnqMriKgfw8syZAapAAIJZ80ZaouzXNh4/WcH1nyFCmlF6Bp5qL1Z+MJuoSLaNxRfF5fnhw=="},"signalIdentities":[{"identifier":{"name":"6285367101395:8@s.whatsapp.net","deviceId":0},"identifierKey":{"type":"Buffer","data":"BVn4QD2XtHrxHxE0HntpvayQPWEy1Wuvi5ylKGydspYA"}}],"platform":"smba","lastAccountSyncTimestamp":1729670031,"myAppStateKeyId":"AAAAAPzZ","routingInfo":{"type":"Buffer","data":"CBIICA=="},"lastPropHash":"1rvyP3"}