[{"senderKeyId":16367620,"senderChainKey":{"iteration":28,"seed":"lLQsgD0QadTcnx3itZ83ce9FjlIMtj6WdiGaZQjsbQY="},"senderSigningKey":{"public":"Bd3yOWpTu0g2tN7NBb2gXQf9hf+OLS/yvApZ6Up7Kv0N"},"senderMessageKeys":[]},{"senderKeyId":16367620,"senderChainKey":{"iteration":11,"seed":"7Yjo5FOMy7CJsUCRa4NLIxRpOFzgivBWszKQ45T5QSM="},"senderSigningKey":{"public":"Bd3yOWpTu0g2tN7NBb2gXQf9hf+OLS/yvApZ6Up7Kv0N"},"senderMessageKeys":[]},{"senderKeyId":16367620,"senderChainKey":{"iteration":26,"seed":"9YG/7QigmwpuZ05V4OffGf6Byud8c1Ek8i8vYvEb2mQ="},"senderSigningKey":{"public":"Bd3yOWpTu0g2tN7NBb2gXQf9hf+OLS/yvApZ6Up7Kv0N"},"senderMessageKeys":[]}]