[{"senderKeyId":228832365,"senderChainKey":{"iteration":18,"seed":"J6dILrpD343e7wnAfBpZJ8FYC5xMENuQ+zvWWCcVYfI="},"senderSigningKey":{"public":"BaUmE5TcN09PBXdhktjbT9xNTkkc12Kbu4wQlqVMSuAq"},"senderMessageKeys":[]},{"senderKeyId":891409688,"senderChainKey":{"iteration":30,"seed":"0raO9GQ4kEJtpaU6eGW51tPat5qjt5PyspO8nkVzk/g="},"senderSigningKey":{"public":"BY/a792AKz97DbAHzDJd5TvXAfKxDjuq8nAzZGxuAeRr"},"senderMessageKeys":[{},{}]},{"senderKeyId":891409688,"senderChainKey":{"iteration":6,"seed":"yKrKKfhdDV/CB2/+YPe9X3gSA17OVVsgzWZAvNTQJNs="},"senderSigningKey":{"public":"BY/a792AKz97DbAHzDJd5TvXAfKxDjuq8nAzZGxuAeRr"},"senderMessageKeys":[]},{"senderKeyId":891409688,"senderChainKey":{"iteration":28,"seed":"AqkMTZak/rPpUwPbC+6UdpqPcKXqsLx3+62Dx+QXsFE="},"senderSigningKey":{"public":"BY/a792AKz97DbAHzDJd5TvXAfKxDjuq8nAzZGxuAeRr"},"senderMessageKeys":[]},{"senderKeyId":891409688,"senderChainKey":{"iteration":29,"seed":"vKXRBHz2NWyWQ/r74KUW1LjbSwvD2ADPq36GVoCYhDE="},"senderSigningKey":{"public":"BY/a792AKz97DbAHzDJd5TvXAfKxDjuq8nAzZGxuAeRr"},"senderMessageKeys":[]}]