[{"senderKeyId":182538524,"senderChainKey":{"iteration":16,"seed":"YO8zlP8FHJL2AK7X7eTkVzwx5BaA6fB/xLcdMQ8j/SQ="},"senderSigningKey":{"public":"BRqASZC6EDlu3VgfsqTb+NBxBS/DSHfSKj4u5mPqAMwm"},"senderMessageKeys":[]},{"senderKeyId":182538524,"senderChainKey":{"iteration":25,"seed":"2/VXFRYtgkmt+eHOAiYP/6l6Y7ruCrTvgh5Yek1x+18="},"senderSigningKey":{"public":"BRqASZC6EDlu3VgfsqTb+NBxBS/DSHfSKj4u5mPqAMwm"},"senderMessageKeys":[]},{"senderKeyId":182538524,"senderChainKey":{"iteration":26,"seed":"Basv1ivyAsl2f3Vu+lidi9m7Hwj7fhrr0O7gdnQPUFQ="},"senderSigningKey":{"public":"BRqASZC6EDlu3VgfsqTb+NBxBS/DSHfSKj4u5mPqAMwm"},"senderMessageKeys":[]},{"senderKeyId":7589593,"senderChainKey":{"iteration":1,"seed":"ois5JTbRPa4Y82dfYfnFb6fGrj6ysMHhfWKwih2NgS8="},"senderSigningKey":{"public":"BbSkS3qC6vpyiQxumo0ZGptCj/sRZg1FBpsqFt4x/7oV"},"senderMessageKeys":[]},{"senderKeyId":618518585,"senderChainKey":{"iteration":1,"seed":"MnGpRBZUrK/lkHGNjpuuI0sm4j3sarif8WyBzAdBpuI="},"senderSigningKey":{"public":"BeHgvYXpqDD8LA2mc7pImKSS3CknwM4My4r/H/6Btp54"},"senderMessageKeys":[]}]