[{"senderKeyId":1005429196,"senderChainKey":{"iteration":88,"seed":"E409cTWA7lvsBSOMxSpOYfIATQucNnYxfPrN+0EiRnY="},"senderSigningKey":{"public":"BdmENZYMDDMw9FL8C2GDB384NY8H5meShGdrj1zmA1kX"},"senderMessageKeys":[{},{},{},{},{},{},{},{},{},{},{},{},{},{},{},{},{},{},{},{},{},{},{},{}]},{"senderKeyId":1005429196,"senderChainKey":{"iteration":44,"seed":"pqDacZiaBASd+UZhs3PqKh20VAobACGJ4DBY0Iqhqys="},"senderSigningKey":{"public":"BdmENZYMDDMw9FL8C2GDB384NY8H5meShGdrj1zmA1kX"},"senderMessageKeys":[]},{"senderKeyId":1005429196,"senderChainKey":{"iteration":46,"seed":"GvahlyrZSOfjonMRRc8N1mi8gzojjvjZF7ztfb06Tog="},"senderSigningKey":{"public":"BdmENZYMDDMw9FL8C2GDB384NY8H5meShGdrj1zmA1kX"},"senderMessageKeys":[]},{"senderKeyId":1005429196,"senderChainKey":{"iteration":50,"seed":"JzFrf9Sbv4Xa5+EbdEuWRJhpNStSx1MogyDnwhYOSC8="},"senderSigningKey":{"public":"BdmENZYMDDMw9FL8C2GDB384NY8H5meShGdrj1zmA1kX"},"senderMessageKeys":[]},{"senderKeyId":1005429196,"senderChainKey":{"iteration":65,"seed":"fHfCOhnM9OAGzQz2goKwt201HAdTbPPEFWeAbuE+l/c="},"senderSigningKey":{"public":"BdmENZYMDDMw9FL8C2GDB384NY8H5meShGdrj1zmA1kX"},"senderMessageKeys":[]}]