[{"senderKeyId":158605371,"senderChainKey":{"iteration":21,"seed":"oG/TztO2bJBp8xn0TWMks6Uw2aLdRWdKJoEExKTgzCA="},"senderSigningKey":{"public":"BctbtioPR05BSWSraxCR5O+1KOKnjNy3nvdydh9CDMJa"},"senderMessageKeys":[]},{"senderKeyId":529296802,"senderChainKey":{"iteration":102,"seed":"fZE4gHnOAzLMGoEr4tksyI8ZgetcyxTIyIlF6VGygEg="},"senderSigningKey":{"public":"BZJbOX/1mF+P9wsAB6un1HcKB4zw+a4EXIkfkksmZ9NQ"},"senderMessageKeys":[{}]},{"senderKeyId":1990906922,"senderChainKey":{"iteration":20,"seed":"MKAEMlf7pWuXLVFmkxssA7QVZZYLWIM2XAzwxwV5d8o="},"senderSigningKey":{"public":"BYIlsVF66dkAQHIizXl5CVzOrNJlBRyD72xgu2kuDEUQ"},"senderMessageKeys":[{}]},{"senderKeyId":1990906922,"senderChainKey":{"iteration":2,"seed":"9Ne/XnKTLOwusOBFPe6fJVZv48jdHAz7bnicAZdKSJA="},"senderSigningKey":{"public":"BYIlsVF66dkAQHIizXl5CVzOrNJlBRyD72xgu2kuDEUQ"},"senderMessageKeys":[]}]