[{"senderKeyId":798973571,"senderChainKey":{"iteration":14,"seed":"obW7A+Q3uDJGHLwgBu+DV3gTGpy6lzeoU7SuIjyco6c="},"senderSigningKey":{"public":"BY5nxarXf46sIEYE1IPjmJAE7nE5yjxTI4donWO2Cyxy"},"senderMessageKeys":[]},{"senderKeyId":798973571,"senderChainKey":{"iteration":6,"seed":"jf0cA8CKsS1VnDhvC19/BH9D9ty8H5CeFGgTGwNl5+E="},"senderSigningKey":{"public":"BY5nxarXf46sIEYE1IPjmJAE7nE5yjxTI4donWO2Cyxy"},"senderMessageKeys":[]},{"senderKeyId":763154877,"senderChainKey":{"iteration":35,"seed":"55HiFE08JRQzJYiyZ78nobu1rHjvfb2PoeLuI3W+IAc="},"senderSigningKey":{"public":"BakpR3gB/ELoNjyTvNvrrZkKBpiLQ0UcpKT+WWFNT+Uu"},"senderMessageKeys":[{},{}]},{"senderKeyId":763154877,"senderChainKey":{"iteration":6,"seed":"8Fxs0lfml87whJNsYhFyrM3x3dXDFSyhQO5KRJ8EUCM="},"senderSigningKey":{"public":"BakpR3gB/ELoNjyTvNvrrZkKBpiLQ0UcpKT+WWFNT+Uu"},"senderMessageKeys":[]},{"senderKeyId":1161122084,"senderChainKey":{"iteration":9,"seed":"bqBIBknJbQu1Uc9wcSCQoP1qhkG/aDtdyCmez7RTS+Q="},"senderSigningKey":{"public":"BRRMnRBHNYzGGg85CzrdicKAsWe/tnViiz7ahTzQlmkW"},"senderMessageKeys":[]}]