[{"senderKeyId":253079458,"senderChainKey":{"iteration":4,"seed":"eIjPUMR55zD1hmE3CBMmD1+bg6lzUFeWV9Ho0GpnmdQ="},"senderSigningKey":{"public":"BXz8d03W11MBAsd4aDODRMNX9hg+G35I/QTKeF3GRRhr"},"senderMessageKeys":[]},{"senderKeyId":253079458,"senderChainKey":{"iteration":3,"seed":"qafBurwgwuzM6ITKdUKvv202Wt32KFOHD19aWIgX3Hc="},"senderSigningKey":{"public":"BXz8d03W11MBAsd4aDODRMNX9hg+G35I/QTKeF3GRRhr"},"senderMessageKeys":[]},{"senderKeyId":1153498430,"senderChainKey":{"iteration":2,"seed":"Go6rP/i7ys+CzqX/waQ13cyTq+iau3/4YZYAe92g7XA="},"senderSigningKey":{"public":"BW7HoMuykd7DtX0clPldnP3tTqcZ23hoeI/we/Wm5Vpa"},"senderMessageKeys":[]},{"senderKeyId":1153498430,"senderChainKey":{"iteration":1,"seed":"6HyvIBvgkCwXM4VS9bEsRQbIAD8zaKB8GF49hyKVmF4="},"senderSigningKey":{"public":"BW7HoMuykd7DtX0clPldnP3tTqcZ23hoeI/we/Wm5Vpa"},"senderMessageKeys":[]}]