[{"senderKeyId":2014696018,"senderChainKey":{"iteration":54,"seed":"FuVYvYoeAJGJ/z0SxFgCQiLrcv6fv5PsNdkerh1BjsY="},"senderSigningKey":{"public":"Bd5aezmL0FaiKQcar7bVimPvmCBbqUMT9Yyn1nG5TmEj"},"senderMessageKeys":[]},{"senderKeyId":2014696018,"senderChainKey":{"iteration":61,"seed":"Xi47K3ymiTIiwj9CT+2nKjl5wzrwdlPHWdbn2NkYXvM="},"senderSigningKey":{"public":"Bd5aezmL0FaiKQcar7bVimPvmCBbqUMT9Yyn1nG5TmEj"},"senderMessageKeys":[]},{"senderKeyId":2014696018,"senderChainKey":{"iteration":75,"seed":"OTadLO5kXthOGLEc/igi4qKgoqWH3FFTfN4SO8iehaY="},"senderSigningKey":{"public":"Bd5aezmL0FaiKQcar7bVimPvmCBbqUMT9Yyn1nG5TmEj"},"senderMessageKeys":[]},{"senderKeyId":512031834,"senderChainKey":{"iteration":16,"seed":"ANI6+rKZ+WWf7L+79MgkHdujLwBP6eAIWQUkRqlwZic="},"senderSigningKey":{"public":"BXz2Gexvg25V0MTsNsGU9K/BEln7jc0QKesxL4kTjnRU"},"senderMessageKeys":[]},{"senderKeyId":512031834,"senderChainKey":{"iteration":15,"seed":"XGkwuD9Sz/kAcUeeRk2ZmHdsCKqGdWODFfenAkFKOk0="},"senderSigningKey":{"public":"BXz2Gexvg25V0MTsNsGU9K/BEln7jc0QKesxL4kTjnRU"},"senderMessageKeys":[]}]