[{"senderKeyId":1029343541,"senderChainKey":{"iteration":11,"seed":"YX9sDOWhxXKkP22hgcvlJchYPpgv/Fwr91DzqZglSK0="},"senderSigningKey":{"public":"Bev/96GWL5BRh2KMIlry9B2yCN722mR9f4Vm4QzweL8n"},"senderMessageKeys":[]},{"senderKeyId":1224843690,"senderChainKey":{"iteration":1,"seed":"OvAlx8HOzjBkRPpsZUQ3MmkDsHr26nMcGKBeu5c7K7g="},"senderSigningKey":{"public":"BeG0o5m82QG7BcSYIDh/djGI1hxxggapyxaZLsid42gH"},"senderMessageKeys":[]},{"senderKeyId":278564016,"senderChainKey":{"iteration":8,"seed":"63jjHizXhkVAatgQO41xu7331M/wDrlNA1MKYr20Qfw="},"senderSigningKey":{"public":"BcaEWPjwQPe5L3R1k5OkCMyQaAPC0pB6Mp3fPowdOj0p"},"senderMessageKeys":[]},{"senderKeyId":1506211396,"senderChainKey":{"iteration":3,"seed":"loJTa+n/WVsZPjjnp6pKnk7B4HSx7924vFtOr2i8YDc="},"senderSigningKey":{"public":"BaS6Y8O9AwvJb55sTuurNK+9dudyGF5wsJ7s7oOSxHcl"},"senderMessageKeys":[]},{"senderKeyId":1506211396,"senderChainKey":{"iteration":3,"seed":"loJTa+n/WVsZPjjnp6pKnk7B4HSx7924vFtOr2i8YDc="},"senderSigningKey":{"public":"BaS6Y8O9AwvJb55sTuurNK+9dudyGF5wsJ7s7oOSxHcl"}}]