[{"senderKeyId":929604982,"senderChainKey":{"iteration":2,"seed":"6fUr1Z3e4OuNKNQYqIN6NTJmfvVCH+BACnbD/wW1sDw="},"senderSigningKey":{"public":"BVDN3a7X0We7Mjy6rkv0uWJ2j3Vxg0bnBEso5w/POMRn"},"senderMessageKeys":[]},{"senderKeyId":929604982,"senderChainKey":{"iteration":4,"seed":"TmK1d/txAaRo8aoN2elG9WiSBTcIEg3mpOte45BLRVs="},"senderSigningKey":{"public":"BVDN3a7X0We7Mjy6rkv0uWJ2j3Vxg0bnBEso5w/POMRn"},"senderMessageKeys":[]},{"senderKeyId":933389023,"senderChainKey":{"iteration":1,"seed":"coBf+7koMX4kohdCkVsDl6vuiofPxCQMjCPTCIYWblY="},"senderSigningKey":{"public":"BTgMtb2q8hlCZSnZ0ooq0WiwT1qukk9PA0Xeds9CJDs4"},"senderMessageKeys":[]},{"senderKeyId":1255209928,"senderChainKey":{"iteration":36,"seed":"EM7A++IiKYn795AXw4r5OUjdiBAsCe9ON6rbEHiwtUw="},"senderSigningKey":{"public":"BQBbBO1rUODjyVd8LOcqcYwhACaAb7C/TwiUFXHib2kP"},"senderMessageKeys":[]},{"senderKeyId":1255209928,"senderChainKey":{"iteration":24,"seed":"+0F3/6WabDW38+hR2hNzWM8jWTIjsoxrAiGF84GorJM="},"senderSigningKey":{"public":"BQBbBO1rUODjyVd8LOcqcYwhACaAb7C/TwiUFXHib2kP"},"senderMessageKeys":[]}]