[{"senderKeyId":1046381890,"senderChainKey":{"iteration":72,"seed":"uTyfIw5Sth1I6m9R1qPm29m0KvhJSMg2UheeEqSpCGM="},"senderSigningKey":{"public":"BZQPIZjacIeuZMWHfyeDo0UmwZy6263Mv2dOoiMIDxUM"},"senderMessageKeys":[{},{},{},{},{},{},{},{},{}]},{"senderKeyId":756339942,"senderChainKey":{"iteration":7,"seed":"68E9LZiXMN8gQOVB8L2IznfJ8WjDmDJp3pv2nkJLkho="},"senderSigningKey":{"public":"BW9CkYIQNj5cemjluRS18SaN2zHw/r/Cr+Kv8L8EzmtI"},"senderMessageKeys":[]},{"senderKeyId":756339942,"senderChainKey":{"iteration":1,"seed":"StbHET85F+YzFtqnTjCHd4uXdqkaibmzVgoVosT81a4="},"senderSigningKey":{"public":"BW9CkYIQNj5cemjluRS18SaN2zHw/r/Cr+Kv8L8EzmtI"},"senderMessageKeys":[]},{"senderKeyId":756339942,"senderChainKey":{"iteration":6,"seed":"P/759F2PCI1FfU4T/GNW9GG/YASaka3eK8Z1kqNMVRE="},"senderSigningKey":{"public":"BW9CkYIQNj5cemjluRS18SaN2zHw/r/Cr+Kv8L8EzmtI"},"senderMessageKeys":[]}]