[{"senderKeyId":754617696,"senderChainKey":{"iteration":169,"seed":"gfvO4dzs1dhNueHPnBBH+m+B1UdbH/d1G2KlH2VxM2U="},"senderSigningKey":{"public":"BfpRf0Uw8apxLYTqOpGK3uMnUEZSYv2zEzDmDlCQQW84"},"senderMessageKeys":[{},{},{},{},{},{},{},{},{},{},{},{},{},{},{},{},{},{},{},{},{},{},{},{},{},{},{},{},{},{},{},{},{},{},{},{},{},{},{},{},{},{},{},{},{},{},{},{},{},{},{},{},{},{},{},{},{},{},{},{},{},{},{},{},{},{},{},{},{},{},{},{},{},{},{},{},{},{},{},{},{},{},{},{},{},{},{},{},{},{},{},{},{},{},{},{},{},{},{},{},{},{},{},{},{},{},{},{},{},{},{},{},{},{},{},{},{}]},{"senderKeyId":754617696,"senderChainKey":{"iteration":55,"seed":"K4+Vg79Dl9aJ18ZjvQ+EmzWrW8iZVmLk1oQLwgcKQlk="},"senderSigningKey":{"public":"BfpRf0Uw8apxLYTqOpGK3uMnUEZSYv2zEzDmDlCQQW84"},"senderMessageKeys":[]},{"senderKeyId":754617696,"senderChainKey":{"iteration":59,"seed":"r6KbZl+94idhe6kMVj7Dg8Zn9Lqph3KxKoQsZS4eFtM="},"senderSigningKey":{"public":"BfpRf0Uw8apxLYTqOpGK3uMnUEZSYv2zEzDmDlCQQW84"},"senderMessageKeys":[]},{"senderKeyId":754617696,"senderChainKey":{"iteration":163,"seed":"FPdOoeKkzDb5VNpjjtFuG9ls2oPHtO7+iZI3+Bd5nJc="},"senderSigningKey":{"public":"BfpRf0Uw8apxLYTqOpGK3uMnUEZSYv2zEzDmDlCQQW84"},"senderMessageKeys":[]},{"senderKeyId":754617696,"senderChainKey":{"iteration":167,"seed":"yImgWvrfAF5KJj1M665hrd6uzDRu0Y019w6UppJooPg="},"senderSigningKey":{"public":"BfpRf0Uw8apxLYTqOpGK3uMnUEZSYv2zEzDmDlCQQW84"}}]