[{"senderKeyId":1849044143,"senderChainKey":{"iteration":1,"seed":"BxL4neVMwp5WCuIhVvYd9PDiaxmrwIaBlYmnyilq/eU="},"senderSigningKey":{"public":"Bc06xUJU02HNoYnZCLHsCjSn4gJ5WW+MDCy+PilJN1hl"},"senderMessageKeys":[]},{"senderKeyId":1849044143,"senderChainKey":{"iteration":5,"seed":"yTVvygMJpm4qGDQlx9mxLjQhfOzE+J2hhTw/KT5MaGo="},"senderSigningKey":{"public":"Bc06xUJU02HNoYnZCLHsCjSn4gJ5WW+MDCy+PilJN1hl"},"senderMessageKeys":[]},{"senderKeyId":2138908160,"senderChainKey":{"iteration":10,"seed":"fHXXu3x5dGE/i9F60+fO9vFZZ0o+mI83ZN2XkYCLIpI="},"senderSigningKey":{"public":"BcJCi260dCg6dd712KCwYzj0tNN/W1ugj3ATjNjV4wtr"},"senderMessageKeys":[]},{"senderKeyId":2138908160,"senderChainKey":{"iteration":1,"seed":"BW5Kq9Iiac8F+ZNNY/yZomIJuTHjIMGomOgrNDMkcHw="},"senderSigningKey":{"public":"BcJCi260dCg6dd712KCwYzj0tNN/W1ugj3ATjNjV4wtr"},"senderMessageKeys":[]},{"senderKeyId":1984220539,"senderChainKey":{"iteration":1,"seed":"cTyye/Jc9Iu9MYxJJnmYipyMVLJ+R5Bx5ft6caXbl24="},"senderSigningKey":{"public":"BaNIvJIRpr4l4vAte1fK2DiL7w//3WTNRc8Vqqpqyb1l"},"senderMessageKeys":[]}]