[{"senderKeyId":1585157413,"senderChainKey":{"iteration":27,"seed":"/22Iq+jltGXsozrpwUJy+PMLJY/02IXZ+nGySHFlv4g="},"senderSigningKey":{"public":"BZjiXlkW6PpK+/qcBNSIjsKSX090tQH0uSj+j6Qz4j08"},"senderMessageKeys":[]},{"senderKeyId":1585157413,"senderChainKey":{"iteration":27,"seed":"/22Iq+jltGXsozrpwUJy+PMLJY/02IXZ+nGySHFlv4g="},"senderSigningKey":{"public":"BZjiXlkW6PpK+/qcBNSIjsKSX090tQH0uSj+j6Qz4j08"},"senderMessageKeys":[]},{"senderKeyId":1585157413,"senderChainKey":{"iteration":27,"seed":"/22Iq+jltGXsozrpwUJy+PMLJY/02IXZ+nGySHFlv4g="},"senderSigningKey":{"public":"BZjiXlkW6PpK+/qcBNSIjsKSX090tQH0uSj+j6Qz4j08"},"senderMessageKeys":[]},{"senderKeyId":1585157413,"senderChainKey":{"iteration":27,"seed":"/22Iq+jltGXsozrpwUJy+PMLJY/02IXZ+nGySHFlv4g="},"senderSigningKey":{"public":"BZjiXlkW6PpK+/qcBNSIjsKSX090tQH0uSj+j6Qz4j08"},"senderMessageKeys":[]},{"senderKeyId":924412977,"senderChainKey":{"iteration":1,"seed":"4kc0IJzyf3I2g1hEoBNMxUDTGmlfOSzBuRnBeQ4CS3I="},"senderSigningKey":{"public":"BX5fAF75+SQaNPedBR+wH8jOS+Rvhbb89B8cCtpAQwkB"},"senderMessageKeys":[]}]