[{"senderKeyId":2575660,"senderChainKey":{"iteration":7,"seed":"Xv2epbs5K1cQmepPx34FJw7SPfOdG3sXlkwlmswpgUU="},"senderSigningKey":{"public":"BQ57xYsP/FbPIsdPGeJOEbg7HUF7hiuvs0X42RKE2VYj"},"senderMessageKeys":[]},{"senderKeyId":2575660,"senderChainKey":{"iteration":6,"seed":"rXnbebKnanLFIdPlG+ZehLEEOmGy0ogEZUyyRiInkbE="},"senderSigningKey":{"public":"BQ57xYsP/FbPIsdPGeJOEbg7HUF7hiuvs0X42RKE2VYj"},"senderMessageKeys":[]},{"senderKeyId":808183305,"senderChainKey":{"iteration":3,"seed":"3HPZrKVmYuqgP+oO2RR8qKIBioa4jwGag/DoAvT9JMo="},"senderSigningKey":{"public":"BSBuFhRhs3/QxQNhQDes+fzV9yCXYNUIjBXbBXGceuVG"},"senderMessageKeys":[]},{"senderKeyId":1129144877,"senderChainKey":{"iteration":7,"seed":"B47OMx9Mtho+Va+jgiX4as1GA0eeqZKbhWPpEE9CThI="},"senderSigningKey":{"public":"BaWjwSR2j4o5V2ySbxsxxNMSFAgq9gf2bwa4Z0J9TFxV"},"senderMessageKeys":[]},{"senderKeyId":1129144877,"senderChainKey":{"iteration":2,"seed":"0NaOCVZSR2B46N2mBZunm8NtP57XU79inDQaDkG8Rvw="},"senderSigningKey":{"public":"BaWjwSR2j4o5V2ySbxsxxNMSFAgq9gf2bwa4Z0J9TFxV"},"senderMessageKeys":[]}]