[{"senderKeyId":814728632,"senderChainKey":{"iteration":51,"seed":"+dOkYCC1VuKsXx4XQBsMFw1hHMsGn2XbFmysavofK0w="},"senderSigningKey":{"public":"BR/Z+aItVWnGJT//g4zTvjUGLOgeaekNVKZhWN/e1+AU"},"senderMessageKeys":[{},{},{}]},{"senderKeyId":814728632,"senderChainKey":{"iteration":10,"seed":"UaNL6nCM/atggFynimBPxhuZDMKO7B2e4DMezjXTndA="},"senderSigningKey":{"public":"BR/Z+aItVWnGJT//g4zTvjUGLOgeaekNVKZhWN/e1+AU"},"senderMessageKeys":[]},{"senderKeyId":814728632,"senderChainKey":{"iteration":14,"seed":"RMkIA720am5BPLIlvxpiEVcJJA9pWXxnSZoyHq2MXDk="},"senderSigningKey":{"public":"BR/Z+aItVWnGJT//g4zTvjUGLOgeaekNVKZhWN/e1+AU"},"senderMessageKeys":[]},{"senderKeyId":814728632,"senderChainKey":{"iteration":26,"seed":"qKRp0AyFrjG/HpHFmL/jR1Mbm3VT1Y2fr/S4WBNPUB4="},"senderSigningKey":{"public":"BR/Z+aItVWnGJT//g4zTvjUGLOgeaekNVKZhWN/e1+AU"},"senderMessageKeys":[]}]