[{"senderKeyId":2123631204,"senderChainKey":{"iteration":11,"seed":"4sxtUGj4mvYcWrHt5YzyfMS+K9Exk2X71l0cl1oJRxQ="},"senderSigningKey":{"public":"BS/fkVmhxk2wNsr0kJQPT0Q925o7W2PPCMKcg+lHkSFS"},"senderMessageKeys":[]},{"senderKeyId":2123631204,"senderChainKey":{"iteration":1,"seed":"IiZ2SDrwrF/CrpVsuZkHeNKJ9n6YcyKq+x7il8I2aOI="},"senderSigningKey":{"public":"BS/fkVmhxk2wNsr0kJQPT0Q925o7W2PPCMKcg+lHkSFS"},"senderMessageKeys":[]},{"senderKeyId":2123631204,"senderChainKey":{"iteration":3,"seed":"rmGegeJZyR+3NR6IzMHAAxJLjg4RxN+eJb/+DSI09kc="},"senderSigningKey":{"public":"BS/fkVmhxk2wNsr0kJQPT0Q925o7W2PPCMKcg+lHkSFS"},"senderMessageKeys":[]},{"senderKeyId":1941168523,"senderChainKey":{"iteration":17,"seed":"HDfS6kfSAR62cT+bxlMnZvB+NRN3Ts6CHWLyIaKPRSQ="},"senderSigningKey":{"public":"BXegMMizL4bXHRurXgNm6LKhSvl5HNI3lUrdxOPSkuRY"},"senderMessageKeys":[]},{"senderKeyId":1941168523,"senderChainKey":{"iteration":18,"seed":"Bi/Hq1ivUlxx8FqB79Kw3T1wgnf/q0Tf6tZBfmkyP9g="},"senderSigningKey":{"public":"BXegMMizL4bXHRurXgNm6LKhSvl5HNI3lUrdxOPSkuRY"}}]