[{"senderKeyId":900481101,"senderChainKey":{"iteration":1,"seed":"1a3RBC9lpn9UDZG3Jpe8gU5MJuI/pWg5mtRrU+zdNL0="},"senderSigningKey":{"public":"BfWm6x4GRaCKR403Wfo/IBgnTDOfrHP0h9YPVbRrnIEG"},"senderMessageKeys":[]},{"senderKeyId":971035642,"senderChainKey":{"iteration":2,"seed":"OK1uvf0PzSHZkeDjrLUcIKuOpMRrBybxq3UKax+1vzM="},"senderSigningKey":{"public":"BQS6YO8JOrlxZL4kqYvanlelp1grfDUjuROVHjElZq0j"},"senderMessageKeys":[]},{"senderKeyId":548765950,"senderChainKey":{"iteration":2,"seed":"554wJEuW+puuWO2ngnlMTVrI+v1Y9fMreqyQocIBLmU="},"senderSigningKey":{"public":"BUgEJrYOW8rPv9oM0VGhXlQ9Gd3rLP8GF+g7bsspf5Ao"},"senderMessageKeys":[]},{"senderKeyId":1506771550,"senderChainKey":{"iteration":4,"seed":"B39fpYZtdvaD/Bmst+bM61zjPHYcgXmSsFG5QsMyN6g="},"senderSigningKey":{"public":"BSHZCLl0CwgKQtsSsCgISgQSNZvtVJEyF84d0q7Uzy5q"},"senderMessageKeys":[]},{"senderKeyId":1506771550,"senderChainKey":{"iteration":3,"seed":"C1jIKNamtCnHjef/r1vbEIm/NA2uQg0xfI3NfHiw+ys="},"senderSigningKey":{"public":"BSHZCLl0CwgKQtsSsCgISgQSNZvtVJEyF84d0q7Uzy5q"},"senderMessageKeys":[]}]