[{"senderKeyId":1887412254,"senderChainKey":{"iteration":15,"seed":"KWL0svimCoh06sEG0bRO4brkBPMI+CiB9kLZKAUuL9I="},"senderSigningKey":{"public":"BZgma5UmF4pksxev5KJe88rFssjZCXblmm2Wht/kARlh"},"senderMessageKeys":[]},{"senderKeyId":598293352,"senderChainKey":{"iteration":19,"seed":"nLCmPWQMS2HtSzFjKyCO2ljkMq/5JRMprKVt33fiIcs="},"senderSigningKey":{"public":"BU406gCLM8e0QW5OqwdgZBrr2SKWaqn56RxFBrHpFhYy"},"senderMessageKeys":[{}]},{"senderKeyId":598293352,"senderChainKey":{"iteration":2,"seed":"9jTIk674K0T/frUDiD3jBkyl/Qa9/Iw68/sFRSwOR9A="},"senderSigningKey":{"public":"BU406gCLM8e0QW5OqwdgZBrr2SKWaqn56RxFBrHpFhYy"},"senderMessageKeys":[]}]