[{"senderKeyId":287315746,"senderChainKey":{"iteration":26,"seed":"BpeEzBO//MHf4CuhOgO6t6dXZ3WHNVU6oFyNVnzSmi8="},"senderSigningKey":{"public":"BSePnH70bt94ILIH9+Xm9wYR62iWyffVmomgxRhh19NA"},"senderMessageKeys":[]},{"senderKeyId":287315746,"senderChainKey":{"iteration":21,"seed":"Fyh2PqltdHdwzgjPH806pXcSY3st/HH5/dT1Wwgh6us="},"senderSigningKey":{"public":"BSePnH70bt94ILIH9+Xm9wYR62iWyffVmomgxRhh19NA"},"senderMessageKeys":[]},{"senderKeyId":405695374,"senderChainKey":{"iteration":24,"seed":"pI3YMlV0fHranAWccNVXGZqw2SE68zGLF+mpQ2w5yqU="},"senderSigningKey":{"public":"Bd9NHllb+U/n+prhbyOUIOIKNnppl9GJV3szTpN7PZdN"},"senderMessageKeys":[]},{"senderKeyId":1426882316,"senderChainKey":{"iteration":11,"seed":"/tXaplIMtsPW+6jCj0KAX8gktThpy3PnUnWt4uDqndA="},"senderSigningKey":{"public":"BZFwWST7sIe3S9gyvjS0y6gEoHguwycAbYlKmIwnl0QR"},"senderMessageKeys":[]}]