[{"senderKeyId":1347386191,"senderChainKey":{"iteration":6,"seed":"pZMoOuZd7tdIrP7ml5MVyRbiT7DOGssiGbhgPPkYtgI="},"senderSigningKey":{"public":"BYOFAWtxNMwFvw0J9cvuUFWpQNH/W2KNbr7nu3bJaN07"},"senderMessageKeys":[]},{"senderKeyId":718985025,"senderChainKey":{"iteration":8,"seed":"gUR++FMaRvbq62IPaLo08GTP8eZFjNwAgTiXH/HY4n8="},"senderSigningKey":{"public":"BZYreHeQUoGbKqHqzcaY2Yk84UAv/PWgSV39vZZfNdpy"},"senderMessageKeys":[]},{"senderKeyId":718985025,"senderChainKey":{"iteration":1,"seed":"9jwOVil3P5OeRk4bMRf+2uzjGDITzwfQ2VSR+TuH1fk="},"senderSigningKey":{"public":"BZYreHeQUoGbKqHqzcaY2Yk84UAv/PWgSV39vZZfNdpy"},"senderMessageKeys":[]},{"senderKeyId":1847882621,"senderChainKey":{"iteration":1,"seed":"rQYW/zydKZDDfSuxKh0q8xlL/eQ7Ae4RwA7iMFPEVe4="},"senderSigningKey":{"public":"BZOE73Mg0BFwNfK94Mah5RhI6bWE/Cb6UuIOu5eoEVNK"},"senderMessageKeys":[]},{"senderKeyId":1795355542,"senderChainKey":{"iteration":4,"seed":"Vfis8cnBv2OTyXfczrJpNXnqoDEoARHIVEqf6rY5XyY="},"senderSigningKey":{"public":"BRX/dnRAlm3uedITYYwH+Ediml+BsUesNwyWF14vgWcj"},"senderMessageKeys":[]}]