[{"senderKeyId":397200695,"senderChainKey":{"iteration":205,"seed":"d0VS37Uw8VDkNkijpoKK2zUsWq4lwT4A+kxWSIjWmRI="},"senderSigningKey":{"public":"BU1AIeoJOQwU2IUM63flZT+1cJU0aOj/N6mCXNn3D252"},"senderMessageKeys":[{},{},{},{},{},{},{},{},{},{},{},{},{},{},{},{},{},{},{},{},{},{},{},{},{},{},{},{},{},{},{},{},{},{},{},{},{},{},{},{},{},{},{},{},{},{},{},{},{},{},{},{},{},{},{},{},{},{},{},{},{},{},{},{},{},{},{},{},{},{},{},{},{},{},{},{},{},{},{},{},{},{},{},{},{},{},{},{},{},{},{},{},{},{},{},{},{},{},{},{},{},{},{},{},{},{},{},{},{},{},{},{},{},{},{},{},{},{},{},{},{},{},{},{},{},{},{},{},{},{},{},{},{},{},{},{},{},{},{},{},{},{},{},{},{},{},{},{},{},{},{},{}]},{"senderKeyId":397200695,"senderChainKey":{"iteration":133,"seed":"XCkdAK032qI6LcVQcipVo8r2WavqrNPGDEKeydkOopo="},"senderSigningKey":{"public":"BU1AIeoJOQwU2IUM63flZT+1cJU0aOj/N6mCXNn3D252"},"senderMessageKeys":[]}]