[{"senderKeyId":527940462,"senderChainKey":{"iteration":21,"seed":"DGTzAPj4zm2g5mUfBoiBcrEU2tkvxZbzFYunRJQMny8="},"senderSigningKey":{"public":"BW3iiQaLsjDu1ARn9wx5Ub8mm7Mjn8WWaDwRmr2q0wMR"},"senderMessageKeys":[]},{"senderKeyId":2129322207,"senderChainKey":{"iteration":2,"seed":"qOy4Pv9xOtSJId15C4ihh5WaXsm1qaGECuLLK8Y4HfU="},"senderSigningKey":{"public":"BU4ZvKpH+AtIpwuhV7PY55AaZXdCFEnLM4gd8qElCVRv"},"senderMessageKeys":[]},{"senderKeyId":2129322207,"senderChainKey":{"iteration":1,"seed":"gf/ts36FU7lVnAKkm1ct6N/RQ+UIiWmiTMpxsHe7Ufs="},"senderSigningKey":{"public":"BU4ZvKpH+AtIpwuhV7PY55AaZXdCFEnLM4gd8qElCVRv"},"senderMessageKeys":[]}]