[{"senderKeyId":1744387089,"senderChainKey":{"iteration":17,"seed":"J6YqSK5DbCMoo/1xXSHPf1V6gzwWsfaAQvHDPsjBFfA="},"senderSigningKey":{"public":"BTOMLyK9qX9DxB664o4FGrN7NOwiJsqWHeS9Ok8YKVs7"},"senderMessageKeys":[]},{"senderKeyId":1744387089,"senderChainKey":{"iteration":2,"seed":"keewF88NUb9sa+1LQAltw+MHrbotYNsN74kXgLIlKMU="},"senderSigningKey":{"public":"BTOMLyK9qX9DxB664o4FGrN7NOwiJsqWHeS9Ok8YKVs7"},"senderMessageKeys":[]},{"senderKeyId":1744387089,"senderChainKey":{"iteration":16,"seed":"dc7SF54TcQeUunWaQnrZsAVl4aRear8uwGq1aGyoKqI="},"senderSigningKey":{"public":"BTOMLyK9qX9DxB664o4FGrN7NOwiJsqWHeS9Ok8YKVs7"},"senderMessageKeys":[]},{"senderKeyId":1422118520,"senderChainKey":{"iteration":17,"seed":"/mMRgvc8+rAzx4YewYVXa4u9CsaC4yrpnvAHN8Y26hY="},"senderSigningKey":{"public":"BUi3Gp91W9hu029C2JC3ECptp5NFSLhtL2ed0C4dBJx+"},"senderMessageKeys":[{},{}]},{"senderKeyId":1422118520,"senderChainKey":{"iteration":10,"seed":"FNF0mCuFZACrEh06bG5ARCYeRWpFdPSHh1gnS9NVs5g="},"senderSigningKey":{"public":"BUi3Gp91W9hu029C2JC3ECptp5NFSLhtL2ed0C4dBJx+"},"senderMessageKeys":[]}]