[{"senderKeyId":1064828478,"senderChainKey":{"iteration":16,"seed":"GkDG9ecqNMo5//OZUze9ZmEZlhAR+5KOouw6oMq477Q="},"senderSigningKey":{"public":"BeO1YtkiyfuVw3f+SK+aNMK39VmRxT52joeJY8Kr8MY/"},"senderMessageKeys":[{},{},{},{},{},{},{}]},{"senderKeyId":1064828478,"senderChainKey":{"iteration":8,"seed":"0WSDOX4dz4qT5Ndex7komPP9aMmnK8s0w2kDXFwrxkI="},"senderSigningKey":{"public":"BeO1YtkiyfuVw3f+SK+aNMK39VmRxT52joeJY8Kr8MY/"},"senderMessageKeys":[]},{"senderKeyId":1064828478,"senderChainKey":{"iteration":8,"seed":"0WSDOX4dz4qT5Ndex7komPP9aMmnK8s0w2kDXFwrxkI="},"senderSigningKey":{"public":"BeO1YtkiyfuVw3f+SK+aNMK39VmRxT52joeJY8Kr8MY/"},"senderMessageKeys":[]},{"senderKeyId":1064828478,"senderChainKey":{"iteration":8,"seed":"0WSDOX4dz4qT5Ndex7komPP9aMmnK8s0w2kDXFwrxkI="},"senderSigningKey":{"public":"BeO1YtkiyfuVw3f+SK+aNMK39VmRxT52joeJY8Kr8MY/"},"senderMessageKeys":[]},{"senderKeyId":1064828478,"senderChainKey":{"iteration":15,"seed":"YiTzoWQtpKOIPiALOWc/BjMqDc/QyL5k0eUnZrunwS4="},"senderSigningKey":{"public":"BeO1YtkiyfuVw3f+SK+aNMK39VmRxT52joeJY8Kr8MY/"},"senderMessageKeys":[]}]