[{"senderKeyId":1978343859,"senderChainKey":{"iteration":79,"seed":"J3P4P1xffpuca+j2FcoEXllEi692/ah8zBe065VvMxk="},"senderSigningKey":{"public":"BVPQS4CAYcEwdwXK3AhNc067IheYL1UJQWtNJtRD2H9Y"},"senderMessageKeys":[{},{},{},{},{},{},{},{},{},{},{},{},{},{},{},{},{},{},{},{},{},{},{},{},{},{},{},{},{},{},{},{},{},{},{},{},{},{},{}]},{"senderKeyId":1978343859,"senderChainKey":{"iteration":75,"seed":"gT+5wtVCUxItGxjzmzoizRcjN9lpj8ZnoXr887eWXRs="},"senderSigningKey":{"public":"BVPQS4CAYcEwdwXK3AhNc067IheYL1UJQWtNJtRD2H9Y"},"senderMessageKeys":[]}]