[{"senderKeyId":816393958,"senderChainKey":{"iteration":6,"seed":"gis6PuW6UdtY40qrgXVRcJvMPuz4dtsLSNDmM2urv5k="},"senderSigningKey":{"public":"BXC+tMBRLfDkDW+Om4wLH2D+wglQ4BGbN2ZXmPuymiMB"},"senderMessageKeys":[]},{"senderKeyId":816393958,"senderChainKey":{"iteration":7,"seed":"GO0Z0r/sLXC5A6hhKvEjaQThg+Kzb2iuValf4ObUl3w="},"senderSigningKey":{"public":"BXC+tMBRLfDkDW+Om4wLH2D+wglQ4BGbN2ZXmPuymiMB"},"senderMessageKeys":[]},{"senderKeyId":450556708,"senderChainKey":{"iteration":8,"seed":"MoBJmX5h/fUcVBJpQBWEUKdj0gp7rk2Zrs/MF02wKns="},"senderSigningKey":{"public":"BXbrzI0NX5xZqgjPX9zUE4JvCDxCrWLw9/PE8onAUbtn"},"senderMessageKeys":[]},{"senderKeyId":450556708,"senderChainKey":{"iteration":7,"seed":"Kw9KZ/5KwCq7quYk1yl8G2hbEKwGiyEGUbIr9Ibqd1Y="},"senderSigningKey":{"public":"BXbrzI0NX5xZqgjPX9zUE4JvCDxCrWLw9/PE8onAUbtn"},"senderMessageKeys":[]},{"senderKeyId":450556708,"senderChainKey":{"iteration":8,"seed":"MoBJmX5h/fUcVBJpQBWEUKdj0gp7rk2Zrs/MF02wKns="},"senderSigningKey":{"public":"BXbrzI0NX5xZqgjPX9zUE4JvCDxCrWLw9/PE8onAUbtn"}}]