[{"senderKeyId":1515009987,"senderChainKey":{"iteration":3,"seed":"oftKpYvcIzcL2er+E/9LqxHOfZwbI7smsAtnek+TYYU="},"senderSigningKey":{"public":"BfyxCxODqYvCtbfGG8a51Xi/o/O9wqsg3HKDcelqs8kB"},"senderMessageKeys":[]},{"senderKeyId":1515009987,"senderChainKey":{"iteration":3,"seed":"oftKpYvcIzcL2er+E/9LqxHOfZwbI7smsAtnek+TYYU="},"senderSigningKey":{"public":"BfyxCxODqYvCtbfGG8a51Xi/o/O9wqsg3HKDcelqs8kB"},"senderMessageKeys":[]},{"senderKeyId":1515009987,"senderChainKey":{"iteration":3,"seed":"oftKpYvcIzcL2er+E/9LqxHOfZwbI7smsAtnek+TYYU="},"senderSigningKey":{"public":"BfyxCxODqYvCtbfGG8a51Xi/o/O9wqsg3HKDcelqs8kB"}}]