[{"senderKeyId":413582460,"senderChainKey":{"iteration":1,"seed":"DxwaTSIXGBBntbukX7UavKaeGGEsdoCpOfXjW598NPk="},"senderSigningKey":{"public":"BbRCaWwTJmb0BFtV4D2FwWq7ck0vtDi3IX7YxJIWWoxo"},"senderMessageKeys":[]},{"senderKeyId":413582460,"senderChainKey":{"iteration":33,"seed":"4fpbCpsQgeDh0+wTzrnu4XSFE64MrZ8YUU03y2SrvhY="},"senderSigningKey":{"public":"BbRCaWwTJmb0BFtV4D2FwWq7ck0vtDi3IX7YxJIWWoxo"},"senderMessageKeys":[]},{"senderKeyId":413582460,"senderChainKey":{"iteration":35,"seed":"PIoEH90JRNdHotG1SQDzMYfXGgxG1cH/3+OKvem+UOw="},"senderSigningKey":{"public":"BbRCaWwTJmb0BFtV4D2FwWq7ck0vtDi3IX7YxJIWWoxo"},"senderMessageKeys":[]},{"senderKeyId":413582460,"senderChainKey":{"iteration":38,"seed":"QXgCw1v9qBF9YAKQw9wc6x8QAmQx3a1Od6jJGmMt13g="},"senderSigningKey":{"public":"BbRCaWwTJmb0BFtV4D2FwWq7ck0vtDi3IX7YxJIWWoxo"},"senderMessageKeys":[]},{"senderKeyId":1476719515,"senderChainKey":{"iteration":13,"seed":"lpj9BjwbFB8lvOS7r8Ubu6ybg3m+cxqn0U53tzZYF38="},"senderSigningKey":{"public":"BU23KHrmz2PgCIH5sZCaUF3Yi8UD26Zeq+lb1TIKicJj"},"senderMessageKeys":[]}]