[{"senderKeyId":1864009770,"senderChainKey":{"iteration":373,"seed":"ORszhgYwE25tgx755nl8OzKJQYNe0bUDs4ym9r0L0RU="},"senderSigningKey":{"public":"BWFQ12vEhN/mHBmfm3wViWfkde5nqBecoxVhuDvlvWRe"},"senderMessageKeys":[{},{},{},{},{},{},{},{},{},{},{},{},{},{},{},{},{},{},{},{},{},{},{},{},{},{},{},{},{},{},{},{},{},{},{},{}]},{"senderKeyId":1864009770,"senderChainKey":{"iteration":321,"seed":"mYtNRXoKtHN4jBgmn9FWj1ZLINedaVd1bP6O93D8rk4="},"senderSigningKey":{"public":"BWFQ12vEhN/mHBmfm3wViWfkde5nqBecoxVhuDvlvWRe"},"senderMessageKeys":[]}]