[{"senderKeyId":800915203,"senderChainKey":{"iteration":10,"seed":"4AVVPMdcYZgBUGNrv4+h/0tv4SUreE+HaCfMBsYnMDU="},"senderSigningKey":{"public":"BYF6gN+WvUUxCD8L00v77SSRY5a7dH9sV8Jrz52aXzYO"},"senderMessageKeys":[]},{"senderKeyId":560178392,"senderChainKey":{"iteration":18,"seed":"jpbHZ4KEg+ObGIEnEvaCtWszTsY8v7P/XXr/nvg09Ys="},"senderSigningKey":{"public":"BQUxhU14Ntc8sL0T3UAwiq46rK8M78/6iS1MBqVYZ5V7"},"senderMessageKeys":[]},{"senderKeyId":560178392,"senderChainKey":{"iteration":5,"seed":"8jqkeHt9XeDuaUXarCyv12EnsOCJN3xDDnzO3GOqWZ4="},"senderSigningKey":{"public":"BQUxhU14Ntc8sL0T3UAwiq46rK8M78/6iS1MBqVYZ5V7"},"senderMessageKeys":[]},{"senderKeyId":560178392,"senderChainKey":{"iteration":11,"seed":"byyRYL4AC3UyDECNJWWzDVAsDpd/VbLhEiw0nRkjKDI="},"senderSigningKey":{"public":"BQUxhU14Ntc8sL0T3UAwiq46rK8M78/6iS1MBqVYZ5V7"},"senderMessageKeys":[]},{"senderKeyId":560178392,"senderChainKey":{"iteration":16,"seed":"HHQuVtXQOHl63q9KkFMe5auhwjvTEFj01f3XHSaKbd8="},"senderSigningKey":{"public":"BQUxhU14Ntc8sL0T3UAwiq46rK8M78/6iS1MBqVYZ5V7"},"senderMessageKeys":[]}]