[{"senderKeyId":1383214682,"senderChainKey":{"iteration":5,"seed":"qIW79AFWpTHbjz4YYr1lgOH0gf0ZN7EJ2OEEf6oN9GA="},"senderSigningKey":{"public":"BbutE+lUw0T2CXlE0euBlnEfoA8R4l/iYxmwJybDk0Bz"},"senderMessageKeys":[]},{"senderKeyId":1383214682,"senderChainKey":{"iteration":0,"seed":"YtnTkMmDyR54VpduUCzLuhhtCOCMQcxQ6uOa1MXcpXw="},"senderSigningKey":{"public":"BbutE+lUw0T2CXlE0euBlnEfoA8R4l/iYxmwJybDk0Bz"},"senderMessageKeys":[]},{"senderKeyId":1383214682,"senderChainKey":{"iteration":4,"seed":"w9rz/iu8WwKXY8I87cL8xk2tPadCt4HrF3Syoec5Xt8="},"senderSigningKey":{"public":"BbutE+lUw0T2CXlE0euBlnEfoA8R4l/iYxmwJybDk0Bz"},"senderMessageKeys":[]},{"senderKeyId":224944361,"senderChainKey":{"iteration":3,"seed":"b7yRDwpLagqGqPuCxuWZuI98jqk8yXPgL2zVGdJV/eg="},"senderSigningKey":{"public":"BUfMfI4o6+4t/gRiac0xdZZnGsODt7CL6tWUe6M+IMEO"},"senderMessageKeys":[]},{"senderKeyId":224944361,"senderChainKey":{"iteration":1,"seed":"1We3z8GcGhzfp7aI61izLkD5YRj1W2/zYKy9pdqIIeI="},"senderSigningKey":{"public":"BUfMfI4o6+4t/gRiac0xdZZnGsODt7CL6tWUe6M+IMEO"},"senderMessageKeys":[]}]