[{"senderKeyId":1772634628,"senderChainKey":{"iteration":249,"seed":"k4iKrYgcEAEnkibwQHZzOhTJfuHPmhWC/2mGbPOIKxA="},"senderSigningKey":{"public":"BT9F74P1Q9rclq6uxGvVbghmCzHjl67NXI6Lsm8deEFL"},"senderMessageKeys":[{},{},{},{},{},{},{},{},{},{},{},{},{},{},{},{},{},{},{},{},{},{},{},{},{},{},{},{},{},{},{},{},{},{},{},{},{},{},{},{},{},{},{},{},{},{},{},{},{},{},{},{},{},{},{},{},{},{},{},{},{},{},{},{},{},{},{},{},{}]},{"senderKeyId":1772634628,"senderChainKey":{"iteration":187,"seed":"P4tt8n/6MMbAjovW1JXoSZL+ap9oKRzAyYFk9zLHZS8="},"senderSigningKey":{"public":"BT9F74P1Q9rclq6uxGvVbghmCzHjl67NXI6Lsm8deEFL"},"senderMessageKeys":[]},{"senderKeyId":1772634628,"senderChainKey":{"iteration":193,"seed":"Uf276U6HsJFLd9TYEGA2f/q1PBUY5SAHBWtznifABA4="},"senderSigningKey":{"public":"BT9F74P1Q9rclq6uxGvVbghmCzHjl67NXI6Lsm8deEFL"},"senderMessageKeys":[]},{"senderKeyId":1772634628,"senderChainKey":{"iteration":199,"seed":"hZEn2H6hVQDzErKaH7kUG/ON5U+BRPu8d0v8YbqEDFM="},"senderSigningKey":{"public":"BT9F74P1Q9rclq6uxGvVbghmCzHjl67NXI6Lsm8deEFL"},"senderMessageKeys":[]},{"senderKeyId":1772634628,"senderChainKey":{"iteration":203,"seed":"pPfZVvvYoIY8foGyvfJiM2xKFsY686Gk23nmJTO6Qi8="},"senderSigningKey":{"public":"BT9F74P1Q9rclq6uxGvVbghmCzHjl67NXI6Lsm8deEFL"},"senderMessageKeys":[]}]