[{"senderKeyId":1016153712,"senderChainKey":{"iteration":10,"seed":"X/9uFPOgX1oU0IH71qsquWSdryJK1ho60ARilFeEkA4="},"senderSigningKey":{"public":"BXfoM5Dpn+zDPuiP0F3xME8+LBFfedPfU5Bz9JM+jxEQ"},"senderMessageKeys":[]},{"senderKeyId":1016153712,"senderChainKey":{"iteration":1,"seed":"9yaGU9UaHMF7WXyyYbmxp/NYUAiR7PK14xjqhwWEW9o="},"senderSigningKey":{"public":"BXfoM5Dpn+zDPuiP0F3xME8+LBFfedPfU5Bz9JM+jxEQ"},"senderMessageKeys":[]},{"senderKeyId":1016153712,"senderChainKey":{"iteration":2,"seed":"TcP2xH8Btxj60sVccjBokftN3resw7swod/yuAiyxT4="},"senderSigningKey":{"public":"BXfoM5Dpn+zDPuiP0F3xME8+LBFfedPfU5Bz9JM+jxEQ"},"senderMessageKeys":[]},{"senderKeyId":1016153712,"senderChainKey":{"iteration":3,"seed":"3XOZDcGlAtYia8adfOKVUb6bNUBm7JY0PjTl+2DexVc="},"senderSigningKey":{"public":"BXfoM5Dpn+zDPuiP0F3xME8+LBFfedPfU5Bz9JM+jxEQ"},"senderMessageKeys":[]}]