[{"senderKeyId":1162990562,"senderChainKey":{"iteration":144,"seed":"Snso5KEjhubN0hJafjaIOdDjnYYXWnR6QnyyGE4AzmY="},"senderSigningKey":{"public":"BfeLjHIwxtgMFWVTM4jgr0lwYcs18nnqCSsl31VB0C8j"},"senderMessageKeys":[]},{"senderKeyId":2044162908,"senderChainKey":{"iteration":20,"seed":"H1uguYd+DfNnhxTS85/SuanAstkiK8sEhjbiYCF5150="},"senderSigningKey":{"public":"Bc9fz0pwut35BfF7QYXsglnUNaM2cxYwpbiQULELpf4x"},"senderMessageKeys":[]},{"senderKeyId":1709990840,"senderChainKey":{"iteration":1,"seed":"wRTcUUzb7fx6GbbfLsncYcSDMqZaXb9JiqnpFSUGfo8="},"senderSigningKey":{"public":"BUVOvamH9+Cc5tgAAYCsvSgnVCPKA7tVcUh8k35re5QE"},"senderMessageKeys":[]},{"senderKeyId":1376831206,"senderChainKey":{"iteration":5,"seed":"WEl5jFU+kMxs+qwz2W6dWxglTJ6A3BV9RfKO9C7ny9o="},"senderSigningKey":{"public":"BSUeikyVttBeZkn8zRp2+wxhbXtJVGisGGW88lc8CwhO"},"senderMessageKeys":[]},{"senderKeyId":957813491,"senderChainKey":{"iteration":16,"seed":"+3v915RmtQWeMebjP/uu1m46uUqDz1StsJkrEoPAji4="},"senderSigningKey":{"public":"BVXfDDsjK38AYb6Acz5dvFHOWviprAsB1P3CbDKAkN9d"},"senderMessageKeys":[]}]