[{"senderKeyId":1546525195,"senderChainKey":{"iteration":35,"seed":"RUgyiXSzVMoeJ2bPcnX5zlKiv90GBircZzsgW8i52+U="},"senderSigningKey":{"public":"BVBecpsARRM82cVc1rBkKHQvnLHJQTfthOtmLteLlaUE"},"senderMessageKeys":[{},{},{},{},{},{},{},{},{},{},{},{},{},{},{},{},{},{},{},{},{},{},{},{},{},{}]},{"senderKeyId":1546525195,"senderChainKey":{"iteration":3,"seed":"phOcA4R30NLhHeOtzItN9mBuB6K4HYzBgA8G88jV49A="},"senderSigningKey":{"public":"BVBecpsARRM82cVc1rBkKHQvnLHJQTfthOtmLteLlaUE"},"senderMessageKeys":[]},{"senderKeyId":1546525195,"senderChainKey":{"iteration":19,"seed":"y2JhFnZfH0x91nmvwFerF6m/MEYVg5FnP7LsXDBHhYc="},"senderSigningKey":{"public":"BVBecpsARRM82cVc1rBkKHQvnLHJQTfthOtmLteLlaUE"},"senderMessageKeys":[]},{"senderKeyId":1546525195,"senderChainKey":{"iteration":25,"seed":"85OJ2ic+skY947w0h/k7wQDBpDoymzx0iUIFqFH/gSg="},"senderSigningKey":{"public":"BVBecpsARRM82cVc1rBkKHQvnLHJQTfthOtmLteLlaUE"},"senderMessageKeys":[]},{"senderKeyId":1546525195,"senderChainKey":{"iteration":29,"seed":"PlVMPL+5jPu6es8yss6qlcGy23OSz9XNC/OA6WIH7Gg="},"senderSigningKey":{"public":"BVBecpsARRM82cVc1rBkKHQvnLHJQTfthOtmLteLlaUE"},"senderMessageKeys":[]}]