[{"senderKeyId":1050632882,"senderChainKey":{"iteration":147,"seed":"W9FhPgZkcfawdvInRr3NKLxQDiSIuYg8ZRE58onl/y4="},"senderSigningKey":{"public":"BZ0Os6fwWoSuSEWRZ69LBL71jdNyyp9+xQ/TX6VfkYIl"},"senderMessageKeys":[{},{},{},{},{},{},{},{},{},{},{},{},{},{},{},{},{},{},{},{},{},{},{},{},{},{},{},{},{},{},{},{},{}]},{"senderKeyId":1050632882,"senderChainKey":{"iteration":133,"seed":"T9j3RFy0Vo4GtKPSRA1e0lbMReQjtYhM+lUlHq1PjYM="},"senderSigningKey":{"public":"BZ0Os6fwWoSuSEWRZ69LBL71jdNyyp9+xQ/TX6VfkYIl"},"senderMessageKeys":[]},{"senderKeyId":1050632882,"senderChainKey":{"iteration":137,"seed":"ryjNDdXKsP0E6L3FmaUH6188cy9SDJpN8vLubFCZ/mk="},"senderSigningKey":{"public":"BZ0Os6fwWoSuSEWRZ69LBL71jdNyyp9+xQ/TX6VfkYIl"},"senderMessageKeys":[]},{"senderKeyId":1050632882,"senderChainKey":{"iteration":141,"seed":"tULZM6uPDouBmda1qNQx2zNJv1aMqSzXseXPacPnyyc="},"senderSigningKey":{"public":"BZ0Os6fwWoSuSEWRZ69LBL71jdNyyp9+xQ/TX6VfkYIl"},"senderMessageKeys":[]},{"senderKeyId":1050632882,"senderChainKey":{"iteration":145,"seed":"k9yoczuUjuxrnq6N1km4bPkBka1Jvn7BOPLeTXNrXAg="},"senderSigningKey":{"public":"BZ0Os6fwWoSuSEWRZ69LBL71jdNyyp9+xQ/TX6VfkYIl"},"senderMessageKeys":[]}]