[{"senderKeyId":961487629,"senderChainKey":{"iteration":26,"seed":"/QEP9IZIOKATMPI6RoG1+es7Lpj/xyReaznC8svLcJU="},"senderSigningKey":{"public":"Bfb900hDjvYVGNjJqmw8uJ6UsbXQBnoAFjOwGdU02ZwR"},"senderMessageKeys":[]},{"senderKeyId":961487629,"senderChainKey":{"iteration":20,"seed":"h/eq1JO7EZPW0raKo0NQKrQE7mCBnzjtnZhAfS42mnI="},"senderSigningKey":{"public":"Bfb900hDjvYVGNjJqmw8uJ6UsbXQBnoAFjOwGdU02ZwR"},"senderMessageKeys":[]},{"senderKeyId":961487629,"senderChainKey":{"iteration":23,"seed":"LjrT5fsMKAxKZns81DuDUV6l9Pob+OQk9xsP85mL3+M="},"senderSigningKey":{"public":"Bfb900hDjvYVGNjJqmw8uJ6UsbXQBnoAFjOwGdU02ZwR"},"senderMessageKeys":[]}]