[{"senderKeyId":1112548711,"senderChainKey":{"iteration":9,"seed":"CmaVZOrzojgvBjwmlhGuNw9HFKRlAtFkVGap3toQAaY="},"senderSigningKey":{"public":"Bbe+U1za5Mkl7tBWCHV5QlN4M3agz1okRlX5CsW9k8Mc"},"senderMessageKeys":[{},{},{},{}]},{"senderKeyId":1112548711,"senderChainKey":{"iteration":3,"seed":"TYyOO5zOx+yRwcVttR2L1j8pcS5SdOJ/uYKpSwMhGdk="},"senderSigningKey":{"public":"Bbe+U1za5Mkl7tBWCHV5QlN4M3agz1okRlX5CsW9k8Mc"},"senderMessageKeys":[]},{"senderKeyId":1112548711,"senderChainKey":{"iteration":5,"seed":"N30hfthI7DdFln83MAaSHDpp13Fk4PwBEQE5US+DJaA="},"senderSigningKey":{"public":"Bbe+U1za5Mkl7tBWCHV5QlN4M3agz1okRlX5CsW9k8Mc"},"senderMessageKeys":[]}]