[{"senderKeyId":1497846401,"senderChainKey":{"iteration":49,"seed":"awMynKfpVMoYRVu1R7x7CrgQ5iYGgv5GH0riXqWAO7Q="},"senderSigningKey":{"public":"BaarzkurTHxZLl0vIxj7+LDQIpvCsSv2AqI8DPIU7CFZ"},"senderMessageKeys":[{},{},{},{},{},{},{},{},{},{},{},{},{},{},{},{},{},{},{},{},{},{},{},{},{},{},{},{},{},{},{},{},{},{},{},{}]},{"senderKeyId":1497846401,"senderChainKey":{"iteration":1,"seed":"sq0dwGnB/IsPf/yaNuZP+bYbbImLvPpt2KxLICQVa/E="},"senderSigningKey":{"public":"BaarzkurTHxZLl0vIxj7+LDQIpvCsSv2AqI8DPIU7CFZ"},"senderMessageKeys":[]},{"senderKeyId":1497846401,"senderChainKey":{"iteration":7,"seed":"zmJAbTBBlDfgzjxqNVICxioXbWbCJYOL6suuz976m5c="},"senderSigningKey":{"public":"BaarzkurTHxZLl0vIxj7+LDQIpvCsSv2AqI8DPIU7CFZ"},"senderMessageKeys":[]},{"senderKeyId":1497846401,"senderChainKey":{"iteration":25,"seed":"IpenYE0v5uCqbl1ixOF2l/Kxc2715KgITWyIPgD0YV4="},"senderSigningKey":{"public":"BaarzkurTHxZLl0vIxj7+LDQIpvCsSv2AqI8DPIU7CFZ"},"senderMessageKeys":[]},{"senderKeyId":1497846401,"senderChainKey":{"iteration":29,"seed":"Pn2aF/IcsqT1WOHSU9XBg94EekJhHfBsMekkklTxpfk="},"senderSigningKey":{"public":"BaarzkurTHxZLl0vIxj7+LDQIpvCsSv2AqI8DPIU7CFZ"},"senderMessageKeys":[]}]