[{"senderKeyId":1718086508,"senderChainKey":{"iteration":16,"seed":"rCehdQdUPecl+JoP0HuK9/81ZEJO0j0wUhtMOwI0oYc="},"senderSigningKey":{"public":"Bc+TD5bKD5Fdm2xzFJkglekH0npCAGTTguyl7ZocK0U3"},"senderMessageKeys":[{},{}]},{"senderKeyId":907911359,"senderChainKey":{"iteration":2,"seed":"jCoWbJBKAz0Fkn8gA856iWZdH6Tta/K0TboeS7Hq4ic="},"senderSigningKey":{"public":"BdwYbDP8/k/61dB+5UzieKW7QSn1RizuZAd9rhXKCd0E"},"senderMessageKeys":[]},{"senderKeyId":907911359,"senderChainKey":{"iteration":1,"seed":"hQ3XfUOaDUmySjhEICBHD6Zia2hfqr1Mr8L3w9PrQCA="},"senderSigningKey":{"public":"BdwYbDP8/k/61dB+5UzieKW7QSn1RizuZAd9rhXKCd0E"},"senderMessageKeys":[]}]