[{"senderKeyId":1582110723,"senderChainKey":{"iteration":47,"seed":"9BGh+7RNcwTOCyWI8hp7OziiSlbWyReKlucYCNcjjps="},"senderSigningKey":{"public":"BSp+erj4AZKrJN/ixC3cXZcfnr2GtreGoBhg5RJ/X3gG"},"senderMessageKeys":[{},{},{},{},{},{},{},{},{},{},{},{},{},{},{},{},{},{},{},{},{},{},{}]},{"senderKeyId":1582110723,"senderChainKey":{"iteration":29,"seed":"sm/W97U1UdN91xeLj+B4OCHifEehMJDsK+LAQ4mK2N4="},"senderSigningKey":{"public":"BSp+erj4AZKrJN/ixC3cXZcfnr2GtreGoBhg5RJ/X3gG"},"senderMessageKeys":[]},{"senderKeyId":1582110723,"senderChainKey":{"iteration":35,"seed":"0YCcfCIucV4Uv/ff6wCIhq9eDeL49jbQ+mekcohX+P4="},"senderSigningKey":{"public":"BSp+erj4AZKrJN/ixC3cXZcfnr2GtreGoBhg5RJ/X3gG"},"senderMessageKeys":[]},{"senderKeyId":1582110723,"senderChainKey":{"iteration":41,"seed":"bpHY8amZp7ZHKJ48iaUPHAbsbEGyreFQ39UKlL+haws="},"senderSigningKey":{"public":"BSp+erj4AZKrJN/ixC3cXZcfnr2GtreGoBhg5RJ/X3gG"},"senderMessageKeys":[]},{"senderKeyId":1582110723,"senderChainKey":{"iteration":45,"seed":"VZnuZlAGHe8GWy2h+fOxb37QHYdX6FZmIC4k7aG6hjA="},"senderSigningKey":{"public":"BSp+erj4AZKrJN/ixC3cXZcfnr2GtreGoBhg5RJ/X3gG"},"senderMessageKeys":[]}]