[{"senderKeyId":346713691,"senderChainKey":{"iteration":17,"seed":"+4SKl5XOVO27irTCheS5qyFNdqJt62Mf6yJHiUOr/nQ="},"senderSigningKey":{"public":"BXvh45SRLkmUQ8JTC50jsl04ke9ML/Wo7eVuRiuN2DFI"},"senderMessageKeys":[{},{},{},{},{},{},{},{}]},{"senderKeyId":346713691,"senderChainKey":{"iteration":1,"seed":"rMTSzcOh3A2xgRuL+TQ+4+dJP8w+ped181Ah63mo9I0="},"senderSigningKey":{"public":"BXvh45SRLkmUQ8JTC50jsl04ke9ML/Wo7eVuRiuN2DFI"},"senderMessageKeys":[]},{"senderKeyId":346713691,"senderChainKey":{"iteration":3,"seed":"Qz2R91g8/ASNI2W/R6WvNatVY4wAZ1KBeIQDAQ/xbnI="},"senderSigningKey":{"public":"BXvh45SRLkmUQ8JTC50jsl04ke9ML/Wo7eVuRiuN2DFI"},"senderMessageKeys":[]}]