[{"senderKeyId":1806604452,"senderChainKey":{"iteration":5,"seed":"jGeuWJzA0e+3ppKHsZPDjAtoNYUSz5s42XRHF+M+YCY="},"senderSigningKey":{"public":"BcKeY8DHECPw3NgWqZENYK/XgQTaCd5WAANjVBN64AF5"},"senderMessageKeys":[]},{"senderKeyId":1806604452,"senderChainKey":{"iteration":3,"seed":"KTfD5iyC61JYpO30rmLecvFi3Zr4AWr+wiAwK+Yld20="},"senderSigningKey":{"public":"BcKeY8DHECPw3NgWqZENYK/XgQTaCd5WAANjVBN64AF5"},"senderMessageKeys":[]},{"senderKeyId":29788531,"senderChainKey":{"iteration":6,"seed":"mKAObuRWCCrqL7dhMEQKfLHlgPSIeUIaZge8zrdXrUA="},"senderSigningKey":{"public":"BUVc4KKXsEroOSWahUpNHi7+iQ6/OudxkP34Psp2Ai4c"},"senderMessageKeys":[]},{"senderKeyId":29788531,"senderChainKey":{"iteration":1,"seed":"3Q4nVE1m90KYGNmHWHF/i+M4Nvbsye9xngI3sbD58BU="},"senderSigningKey":{"public":"BUVc4KKXsEroOSWahUpNHi7+iQ6/OudxkP34Psp2Ai4c"},"senderMessageKeys":[]}]