[{"senderKeyId":353311910,"senderChainKey":{"iteration":6,"seed":"jERMpXyFn+Kd3Vlzbog8nqvZfDoi/aYAM7sEPZk5sbo="},"senderSigningKey":{"public":"BRzip0oKoJ0+r/7wtjxW/VhRnwfCFuktLI5ImEN8jTsn"},"senderMessageKeys":[]},{"senderKeyId":353311910,"senderChainKey":{"iteration":3,"seed":"vTQoq6xQqEq2XadUi/yf+RAOcCLT/0xtP0HZicOu7qE="},"senderSigningKey":{"public":"BRzip0oKoJ0+r/7wtjxW/VhRnwfCFuktLI5ImEN8jTsn"},"senderMessageKeys":[]},{"senderKeyId":353311910,"senderChainKey":{"iteration":4,"seed":"ikyqMlnjrT7MAmqFftfagy968TrXEFafbx2Ezl1vWIM="},"senderSigningKey":{"public":"BRzip0oKoJ0+r/7wtjxW/VhRnwfCFuktLI5ImEN8jTsn"},"senderMessageKeys":[]},{"senderKeyId":353311910,"senderChainKey":{"iteration":5,"seed":"r3nY5XjKkhehsvqp5y/mIqWXgEBse9xSyKKETyoKj/8="},"senderSigningKey":{"public":"BRzip0oKoJ0+r/7wtjxW/VhRnwfCFuktLI5ImEN8jTsn"},"senderMessageKeys":[]},{"senderKeyId":353311910,"senderChainKey":{"iteration":6,"seed":"jERMpXyFn+Kd3Vlzbog8nqvZfDoi/aYAM7sEPZk5sbo="},"senderSigningKey":{"public":"BRzip0oKoJ0+r/7wtjxW/VhRnwfCFuktLI5ImEN8jTsn"}}]