[{"senderKeyId":2013175632,"senderChainKey":{"iteration":45,"seed":"YNlwV+Hq3nqUt8Uc2sc/LDH8G2XXSba317Mzc5zFLEY="},"senderSigningKey":{"public":"BaHFBAdkGliHkxisxEFOHA/uw+y0EFvkcwHAjWdq0ls2"},"senderMessageKeys":[{},{},{},{},{},{},{},{},{},{},{},{},{},{},{},{},{},{},{},{},{},{},{},{},{},{},{},{},{},{},{},{},{},{},{},{},{},{},{}]},{"senderKeyId":2013175632,"senderChainKey":{"iteration":25,"seed":"/qZE+pCzGRufPw+wWEJ7k5gDSQWgflpGxr80GLUjkxk="},"senderSigningKey":{"public":"BaHFBAdkGliHkxisxEFOHA/uw+y0EFvkcwHAjWdq0ls2"},"senderMessageKeys":[]},{"senderKeyId":2013175632,"senderChainKey":{"iteration":41,"seed":"qxvq7+rj+Qd1Rt+bik0F7oxU7aY9FpB4JDMelgYn+Z8="},"senderSigningKey":{"public":"BaHFBAdkGliHkxisxEFOHA/uw+y0EFvkcwHAjWdq0ls2"},"senderMessageKeys":[]}]