[{"senderKeyId":2045665010,"senderChainKey":{"iteration":20,"seed":"7oFBNQHGFb6kL/IVh8CbOOFDCpt9tMBrzvEKNeILUCM="},"senderSigningKey":{"public":"BZVgxR4qi1RjzWYH4ruznYvxHkSS1FQFFPtxznMh//wD"},"senderMessageKeys":[{},{}]},{"senderKeyId":2045665010,"senderChainKey":{"iteration":2,"seed":"iu9j+xTflkhbxV2fU466heTzMd/PrTn/moxEFOx0ZZg="},"senderSigningKey":{"public":"BZVgxR4qi1RjzWYH4ruznYvxHkSS1FQFFPtxznMh//wD"},"senderMessageKeys":[]},{"senderKeyId":2045665010,"senderChainKey":{"iteration":5,"seed":"U6Ynaoug8JdU/TnNcbLzpf3DV/vgA5FQ16vOrgKv6XA="},"senderSigningKey":{"public":"BZVgxR4qi1RjzWYH4ruznYvxHkSS1FQFFPtxznMh//wD"},"senderMessageKeys":[]},{"senderKeyId":2045665010,"senderChainKey":{"iteration":7,"seed":"CMP11sW3vUF8+6rcG8Hy9XhwyZRTsaJfthVmh+2wDc0="},"senderSigningKey":{"public":"BZVgxR4qi1RjzWYH4ruznYvxHkSS1FQFFPtxznMh//wD"},"senderMessageKeys":[]},{"senderKeyId":2045665010,"senderChainKey":{"iteration":15,"seed":"HFVXXVwxo8lHs3CNTpnGJDBHLdmRiBdDpfBqOxVFFT4="},"senderSigningKey":{"public":"BZVgxR4qi1RjzWYH4ruznYvxHkSS1FQFFPtxznMh//wD"},"senderMessageKeys":[]}]