[{"senderKeyId":266923975,"senderChainKey":{"iteration":3,"seed":"v0+qyV1h6hNjVO6Gq6BNSb+RZt2Y7yTKhrExs/4xZ/g="},"senderSigningKey":{"public":"BWKs5EC0vHlxw4CDUKsXIncLF5XNWtAsMbpbmwNNzWZ5"},"senderMessageKeys":[]},{"senderKeyId":1847507929,"senderChainKey":{"iteration":20,"seed":"zQr3j6jpQi0X6UGR18brUEV/l49fxi4D37FwbTv+cco="},"senderSigningKey":{"public":"BXMNnEzsuIMv2Q2W07zI+QY/PM/BLAh9a5UtPFgSyUEu"},"senderMessageKeys":[{},{}]},{"senderKeyId":1847507929,"senderChainKey":{"iteration":7,"seed":"De1tLrHxZ92fB3+kxxdqDdT3I4j5VNiCh5nq1dxaGWc="},"senderSigningKey":{"public":"BXMNnEzsuIMv2Q2W07zI+QY/PM/BLAh9a5UtPFgSyUEu"},"senderMessageKeys":[]}]