[{"senderKeyId":807570867,"senderChainKey":{"iteration":4,"seed":"2Em+uISLEaVzsxX2Ti9Ef9MRub7xsLl5pWq2mgVi8bg="},"senderSigningKey":{"public":"BfQptLztrzxtk/cDkquIZCiDrzZQh8mvA0A+M0CdJxRA"},"senderMessageKeys":[]},{"senderKeyId":1133508134,"senderChainKey":{"iteration":5,"seed":"KrGCRMSlLjkU8gggtmoIshgnUAe1MVMnkV5HLS5j6nk="},"senderSigningKey":{"public":"Bcnf1tsdKdQrXi+gmHKj4M/9r+7o/YErNfK/eaujcrhY"},"senderMessageKeys":[]},{"senderKeyId":1133508134,"senderChainKey":{"iteration":2,"seed":"XR+klRzN1YEv6Upi1xrFIdyU/54pkmTmn/N0bO1aESE="},"senderSigningKey":{"public":"Bcnf1tsdKdQrXi+gmHKj4M/9r+7o/YErNfK/eaujcrhY"},"senderMessageKeys":[]},{"senderKeyId":1133508134,"senderChainKey":{"iteration":3,"seed":"+I3jZmWzSOMFPRDThFkyrpUUfNbmPs8NpD4DQUAzFZ0="},"senderSigningKey":{"public":"Bcnf1tsdKdQrXi+gmHKj4M/9r+7o/YErNfK/eaujcrhY"},"senderMessageKeys":[]},{"senderKeyId":2059386664,"senderChainKey":{"iteration":1,"seed":"2Ji6B237USx4b96lSSZamWWDJg663wzhfKP/9PW0abA="},"senderSigningKey":{"public":"BQq2xSKzfjMdi0vmISMtNhAfZbPJnQowdMBH57vicQhT"}}]