[{"senderKeyId":297447071,"senderChainKey":{"iteration":17,"seed":"HoA/JlnmwsK0pEZa9HF/QcgYBRvnR91gGoYXUAfOn8A="},"senderSigningKey":{"public":"BXAHGhHqRq4uCb39tatH8xqzM9qEMGA2ejS60s/2f1M4"},"senderMessageKeys":[{},{}]},{"senderKeyId":297447071,"senderChainKey":{"iteration":1,"seed":"gahRKJNHxB/S/Hzb2bTRWNa1CgHuycEGaXQGyhpzoug="},"senderSigningKey":{"public":"BXAHGhHqRq4uCb39tatH8xqzM9qEMGA2ejS60s/2f1M4"},"senderMessageKeys":[]},{"senderKeyId":297447071,"senderChainKey":{"iteration":6,"seed":"cPU5i3xGVfidS4EtVe8LZs4RbdK5G15dumSogPCk6o8="},"senderSigningKey":{"public":"BXAHGhHqRq4uCb39tatH8xqzM9qEMGA2ejS60s/2f1M4"},"senderMessageKeys":[]},{"senderKeyId":297447071,"senderChainKey":{"iteration":6,"seed":"cPU5i3xGVfidS4EtVe8LZs4RbdK5G15dumSogPCk6o8="},"senderSigningKey":{"public":"BXAHGhHqRq4uCb39tatH8xqzM9qEMGA2ejS60s/2f1M4"},"senderMessageKeys":[]},{"senderKeyId":297447071,"senderChainKey":{"iteration":8,"seed":"QiR3vKlvI6QVOwxPo60Dt4+FPQ1VlmiyHb1bHz97tCo="},"senderSigningKey":{"public":"BXAHGhHqRq4uCb39tatH8xqzM9qEMGA2ejS60s/2f1M4"},"senderMessageKeys":[]}]