[{"senderKeyId":1768846142,"senderChainKey":{"iteration":14,"seed":"fG1wnCdIw+TOAWoWUfxpaoapMJ36njdtO/4NFBxtOoM="},"senderSigningKey":{"public":"BdYub2QFpBuOyRNQJ1jjclssQsYrx5Rjv/dNLjMGpgwF"},"senderMessageKeys":[]},{"senderKeyId":1768846142,"senderChainKey":{"iteration":8,"seed":"2ljCpQ7pnQ0Iuuk3HA7Thk2hdXrG6P5h0v6Upvp5kGQ="},"senderSigningKey":{"public":"BdYub2QFpBuOyRNQJ1jjclssQsYrx5Rjv/dNLjMGpgwF"},"senderMessageKeys":[]},{"senderKeyId":1791853291,"senderChainKey":{"iteration":11,"seed":"O12v4OkIt/PdFhWHmZZI9a2QRXgJDKIgkt/rk6NDL5A="},"senderSigningKey":{"public":"BXY7bn1YXVXMPQadgwy2WuhJAmG5AHiDubn7W4xIYe59"},"senderMessageKeys":[]},{"senderKeyId":1791853291,"senderChainKey":{"iteration":4,"seed":"eAHoOevonb7tt+1YzlT3v9QCbw/JyRcIHIbg0oCDo0Q="},"senderSigningKey":{"public":"BXY7bn1YXVXMPQadgwy2WuhJAmG5AHiDubn7W4xIYe59"},"senderMessageKeys":[]}]