[{"senderKeyId":852852774,"senderChainKey":{"iteration":14,"seed":"LySnKHqDbzAJtTG027/VfqkgVfVEV01StHyXVeLX63s="},"senderSigningKey":{"public":"BanNzQ4nVu1bAB4axRdYKJtjL/akk2lnmETDXB066wtB"},"senderMessageKeys":[]},{"senderKeyId":852852774,"senderChainKey":{"iteration":18,"seed":"Ui/g+wakgWEDVkzBP1eBkURc5GrNq+Pj/O38CR7Gq5o="},"senderSigningKey":{"public":"BanNzQ4nVu1bAB4axRdYKJtjL/akk2lnmETDXB066wtB"},"senderMessageKeys":[]},{"senderKeyId":852852774,"senderChainKey":{"iteration":21,"seed":"9FhxMfMlWmvshYwv5Mm5DiGXVA9OUvGe1TQH9nMTdeg="},"senderSigningKey":{"public":"BanNzQ4nVu1bAB4axRdYKJtjL/akk2lnmETDXB066wtB"},"senderMessageKeys":[]},{"senderKeyId":852852774,"senderChainKey":{"iteration":21,"seed":"9FhxMfMlWmvshYwv5Mm5DiGXVA9OUvGe1TQH9nMTdeg="},"senderSigningKey":{"public":"BanNzQ4nVu1bAB4axRdYKJtjL/akk2lnmETDXB066wtB"},"senderMessageKeys":[]},{"senderKeyId":852852774,"senderChainKey":{"iteration":21,"seed":"9FhxMfMlWmvshYwv5Mm5DiGXVA9OUvGe1TQH9nMTdeg="},"senderSigningKey":{"public":"BanNzQ4nVu1bAB4axRdYKJtjL/akk2lnmETDXB066wtB"}}]