[{"senderKeyId":1914734249,"senderChainKey":{"iteration":16,"seed":"wS+y98dDsQ/oFE0/D5tOjxGfED7FHc8uOeQf4Oka95w="},"senderSigningKey":{"public":"BbBoy84TuVkgjlkO00ihH0do8vAVqBaLlylCMipYPkY2"},"senderMessageKeys":[]},{"senderKeyId":1914734249,"senderChainKey":{"iteration":33,"seed":"YZf+93fisGwkXu9yDA/Rqm5hpq2oO+ytHgGCnSi961o="},"senderSigningKey":{"public":"BbBoy84TuVkgjlkO00ihH0do8vAVqBaLlylCMipYPkY2"},"senderMessageKeys":[]},{"senderKeyId":557540978,"senderChainKey":{"iteration":6,"seed":"b3Dp/onF5GlFb5L2Q1hNKUTkqhsMeuALoUBzTLtdXFc="},"senderSigningKey":{"public":"BR38inU2MOx7p9KCDQ4x8GATkF+NO3QvuGCNGXjDYxUC"},"senderMessageKeys":[]},{"senderKeyId":557540978,"senderChainKey":{"iteration":1,"seed":"IUJpFf5gyKfH3sqr38wcTV2h+beoJ5I18de/Ith9Cwk="},"senderSigningKey":{"public":"BR38inU2MOx7p9KCDQ4x8GATkF+NO3QvuGCNGXjDYxUC"},"senderMessageKeys":[]},{"senderKeyId":2021220768,"senderChainKey":{"iteration":1,"seed":"KlHBJSNkoC78TfWt+0vCprlvyzA/XYzkppAFKScsxq8="},"senderSigningKey":{"public":"BTIKp0axk69TTiUjF4uhuRkj4DLzO7pTsfLzx59ySMxE"},"senderMessageKeys":[]}]