[{"senderKeyId":374019493,"senderChainKey":{"iteration":41,"seed":"yTJ41tbwybv7ZpgtMyT5CLov+VnbH8IxZBrgZoedC1U="},"senderSigningKey":{"public":"BXf8Fyx+mQpzqbRvb9pWqBIdGOPmcBdXwsR5Nwa5uzRZ"},"senderMessageKeys":[]},{"senderKeyId":1728895278,"senderChainKey":{"iteration":16,"seed":"BSaoMtlzd6CkFjhbj1JMx+OEj+CWekS/IXVxJlohcac="},"senderSigningKey":{"public":"BQFjpw9aGjHtlZidsAmRf/S16NlcoJ6e2+p/F6C4dI42"},"senderMessageKeys":[{}]},{"senderKeyId":1025974173,"senderChainKey":{"iteration":130,"seed":"z7jerVO+rFxZqRbWt7EqJA2od9dLLwyCm4iHK9YdItE="},"senderSigningKey":{"public":"BSQ3w5gnrNHFwVGaB11U6pYi9pn/9bIEFLapHwU2jvkQ"},"senderMessageKeys":[{},{},{},{},{}]},{"senderKeyId":1942431457,"senderChainKey":{"iteration":93,"seed":"43jAIlSTjCIxc9DrNQklM8e9ftYvpbCtDo6Syj6gGb4="},"senderSigningKey":{"public":"BTkmgZwBc1ViFFZKXo22ArWtbJStLt3EiSAaP65pU0h/"},"senderMessageKeys":[{},{},{},{}]},{"senderKeyId":1942431457,"senderChainKey":{"iteration":74,"seed":"Vvfumn0+z3f40JIq1mcGqao8xdTpd7t9BVDmXTrHAXk="},"senderSigningKey":{"public":"BTkmgZwBc1ViFFZKXo22ArWtbJStLt3EiSAaP65pU0h/"},"senderMessageKeys":[]}]