[{"senderKeyId":698581676,"senderChainKey":{"iteration":11,"seed":"9Ks1jhv5Q0ZHqgo195CWVLv9/8uzyK4H3F5iQHOj5JM="},"senderSigningKey":{"public":"BWQxCT0qQ3xMNlia0tugAmAsml/gqAwggwMptSBLjZZr"},"senderMessageKeys":[]},{"senderKeyId":367514644,"senderChainKey":{"iteration":55,"seed":"61MvVarDn2L2Bs9jFuu5p98uz0Hz20tbZUTURg7G1f4="},"senderSigningKey":{"public":"BVtJcfwWyi0ISowRA9ds2egrO4Yz968E8PbbDOnpu6N2"},"senderMessageKeys":[]},{"senderKeyId":1267247117,"senderChainKey":{"iteration":72,"seed":"3nvRTO6HHy4wCw4OLbtO5s7S+ppBLfIJZNjURv2kTWk="},"senderSigningKey":{"public":"BcDlKDLAS+W/+dWWrTW/ssTwrK309Bxy3qdUfCvHxKFV"},"senderMessageKeys":[{},{},{}]},{"senderKeyId":1267247117,"senderChainKey":{"iteration":4,"seed":"iEv0HRKajWDsh26pIScHJ1a4YBWoeNdjlHGZA7Ud8ZU="},"senderSigningKey":{"public":"BcDlKDLAS+W/+dWWrTW/ssTwrK309Bxy3qdUfCvHxKFV"},"senderMessageKeys":[]}]