[{"senderKeyId":1519657979,"senderChainKey":{"iteration":4,"seed":"ZXSA/CN4xBtSBnatFqwwkF7sccKhlNG8M7vM/7AMKjI="},"senderSigningKey":{"public":"BQ6kPAQEG41Tvjm6OcEZX2GzU4F/8HBZMHsJdkIVGBNf"},"senderMessageKeys":[]},{"senderKeyId":400225253,"senderChainKey":{"iteration":1,"seed":"4WngXbQMS+xOcS0/I9YgDUxYjBCUfQ0f6WLGM29XjJg="},"senderSigningKey":{"public":"BWtzlj3PNJFhYtytAOuP/Z6uEE80DcARW50yQIUMPutV"},"senderMessageKeys":[]},{"senderKeyId":88889662,"senderChainKey":{"iteration":2,"seed":"p4NR9hywy0Bkmvmq9KNeE1qu39Fly8AaaVGiFRvXecI="},"senderSigningKey":{"public":"BTpy/OH30xBv1Ubf5akUeSNdFptFJRkzVl5XyRJVVq5e"},"senderMessageKeys":[]},{"senderKeyId":1259365319,"senderChainKey":{"iteration":1,"seed":"7IV24oVORsUYCqvJEzSWNb+TOsQaZjbofIvlNH9fRhk="},"senderSigningKey":{"public":"BblDEAmSZDFxiMHS4AyORCVVcxq60GNe9WSniAaUKWoJ"},"senderMessageKeys":[]}]