[{"senderKeyId":1722353961,"senderChainKey":{"iteration":25,"seed":"yA5luKVhXWI6bioXmThq9CNOfSmmzGzCvBNQ+r27bCg="},"senderSigningKey":{"public":"Bdf4lnuv2c5QSdg3ftFVFCcVkBzvf7MIx2UckttuSo9K"},"senderMessageKeys":[{},{},{},{},{},{},{}]},{"senderKeyId":1722353961,"senderChainKey":{"iteration":19,"seed":"PJ20kRyQGY+KjeUh4TGTF1at14Z4YvgUBS19Ej+sCtg="},"senderSigningKey":{"public":"Bdf4lnuv2c5QSdg3ftFVFCcVkBzvf7MIx2UckttuSo9K"},"senderMessageKeys":[]},{"senderKeyId":1722353961,"senderChainKey":{"iteration":23,"seed":"TjAkhjqM/H7wH+BQh1pybtUKf8k8UhQ9POvnasl0faw="},"senderSigningKey":{"public":"Bdf4lnuv2c5QSdg3ftFVFCcVkBzvf7MIx2UckttuSo9K"},"senderMessageKeys":[]}]