[{"senderKeyId":1611860825,"senderChainKey":{"iteration":12,"seed":"7+lTa9T9QSVJj1bCUt89zAEzT1uXDeGWBeY3+Z9VETQ="},"senderSigningKey":{"public":"BXDBaD/KmiYTR2s1IP5mvAfCGXXjR2qu1lYaxYhoYAIX"},"senderMessageKeys":[]},{"senderKeyId":1611860825,"senderChainKey":{"iteration":1,"seed":"cQ5aYtXqUveZQC5+iRq9rWSivUI7QSX2kz4Kti1qYPw="},"senderSigningKey":{"public":"BXDBaD/KmiYTR2s1IP5mvAfCGXXjR2qu1lYaxYhoYAIX"},"senderMessageKeys":[]},{"senderKeyId":1611860825,"senderChainKey":{"iteration":2,"seed":"NGTNepvQwJ4gX7kDBPbgmBhSqybP90Gm2adqL3kujrw="},"senderSigningKey":{"public":"BXDBaD/KmiYTR2s1IP5mvAfCGXXjR2qu1lYaxYhoYAIX"},"senderMessageKeys":[]},{"senderKeyId":1611860825,"senderChainKey":{"iteration":10,"seed":"EFcjGc52TKKl2kAwCF2WGU+xsVQvPIarbmREiDB0VGk="},"senderSigningKey":{"public":"BXDBaD/KmiYTR2s1IP5mvAfCGXXjR2qu1lYaxYhoYAIX"},"senderMessageKeys":[]},{"senderKeyId":1092896275,"senderChainKey":{"iteration":3,"seed":"ZVxnsncaW3Dh+fR0k+i9v5fZanF+1kSiV6CJ6/SO0XY="},"senderSigningKey":{"public":"Beb2KFi7dBIr0qNkBGWwU0Ofw7JtIYWDvkubSfWfi5QY"},"senderMessageKeys":[]}]