[{"senderKeyId":1351280058,"senderChainKey":{"iteration":5,"seed":"M+ttf3K6m3PoQTWTDx12OPa8X1IiWQE1SUhEIMejiAI="},"senderSigningKey":{"public":"BR9W0G23PpEQf5R8AviHf72GMfMLBnN+vM3WhpyxResW"},"senderMessageKeys":[]},{"senderKeyId":1351280058,"senderChainKey":{"iteration":2,"seed":"vLdnPRQtQ++y+/3dKn/Q+uv7KBRKY66T4rEIR7hs2KI="},"senderSigningKey":{"public":"BR9W0G23PpEQf5R8AviHf72GMfMLBnN+vM3WhpyxResW"},"senderMessageKeys":[]},{"senderKeyId":1351280058,"senderChainKey":{"iteration":4,"seed":"8r7FU9EpeTd9Tpk1qRN/BjTkvNHVklvmGQm8Av0VI48="},"senderSigningKey":{"public":"BR9W0G23PpEQf5R8AviHf72GMfMLBnN+vM3WhpyxResW"},"senderMessageKeys":[]}]