[{"senderKeyId":537623855,"senderChainKey":{"iteration":26,"seed":"OCCZsXUktET+SOrqNU0Z+8S222gagqj99AKk/O0iqlM="},"senderSigningKey":{"public":"BRBFHQIkRyuuReoSMtn+Qdx3G4rcyFJj+VMaVUNSEow3"},"senderMessageKeys":[{},{}]},{"senderKeyId":350262830,"senderChainKey":{"iteration":685,"seed":"VGzC9JsSnObDwAKbRicJysFcTzrEHSV9Lj19OyWC3Zs="},"senderSigningKey":{"public":"BcYAa4iduNVUaDT/HHQwA4B5iF7a3wZQKyMRoNsKt/Ry"},"senderMessageKeys":[{},{},{},{},{},{},{},{}]},{"senderKeyId":350262830,"senderChainKey":{"iteration":129,"seed":"KNNXPcT+cM7K/LgNt8KXak+IBmeBa+xFGNyMMd2WnXs="},"senderSigningKey":{"public":"BcYAa4iduNVUaDT/HHQwA4B5iF7a3wZQKyMRoNsKt/Ry"},"senderMessageKeys":[]},{"senderKeyId":350262830,"senderChainKey":{"iteration":142,"seed":"lo3DQos1L7B4/4FqGRrhU1YhBGrVyHMfI3RdL97GxKc="},"senderSigningKey":{"public":"BcYAa4iduNVUaDT/HHQwA4B5iF7a3wZQKyMRoNsKt/Ry"},"senderMessageKeys":[]}]