[{"senderKeyId":2097565423,"senderChainKey":{"iteration":177,"seed":"oGi+B+S/bTqtPMEnb5UfH83RNW06FZbnSxhRi29xUl4="},"senderSigningKey":{"public":"Bb0GmJNIrKOiaGBQVegnr0jrJkApLCJLDVj+eDHeYm8O"},"senderMessageKeys":[{},{},{},{},{},{},{},{},{},{},{},{},{},{},{},{},{},{},{},{},{},{},{},{},{},{},{},{},{},{},{},{},{},{},{},{},{},{},{},{},{},{},{},{},{}]},{"senderKeyId":2097565423,"senderChainKey":{"iteration":153,"seed":"M7bkdyv9AKQEI1MC9ssePjqEaS3JgsbiSsv4BENgcm8="},"senderSigningKey":{"public":"Bb0GmJNIrKOiaGBQVegnr0jrJkApLCJLDVj+eDHeYm8O"},"senderMessageKeys":[]},{"senderKeyId":2097565423,"senderChainKey":{"iteration":155,"seed":"nSYIF00eHG9BsAN2PyhBpiynxNoiBaHSD6gWOcC73oM="},"senderSigningKey":{"public":"Bb0GmJNIrKOiaGBQVegnr0jrJkApLCJLDVj+eDHeYm8O"},"senderMessageKeys":[]},{"senderKeyId":2097565423,"senderChainKey":{"iteration":159,"seed":"oVOm6FN0CaOAlAhCwdJzQs26z7ByQgZZ6I4ToLHq07Y="},"senderSigningKey":{"public":"Bb0GmJNIrKOiaGBQVegnr0jrJkApLCJLDVj+eDHeYm8O"},"senderMessageKeys":[]},{"senderKeyId":2097565423,"senderChainKey":{"iteration":175,"seed":"ttFp83CGVtU94iVJHcA66pC6v93hD7PVR+RRcAS5W5c="},"senderSigningKey":{"public":"Bb0GmJNIrKOiaGBQVegnr0jrJkApLCJLDVj+eDHeYm8O"},"senderMessageKeys":[]}]