[{"senderKeyId":1631784251,"senderChainKey":{"iteration":95,"seed":"qEd8ixlS7EEp2g1zIhFxE8zJEwtkGbS321A+nTeTb+k="},"senderSigningKey":{"public":"BQgaY4J1oEYtScVsrgX2D92Mnodx3h3xOh1yuru4Z3ho"},"senderMessageKeys":[{},{},{},{},{},{},{},{},{},{},{},{},{},{},{},{},{},{},{},{},{},{},{},{},{},{},{},{},{},{},{},{},{},{},{},{},{},{},{},{},{},{},{},{},{},{},{},{},{},{},{},{},{},{},{},{},{},{},{},{},{},{},{},{},{},{},{},{},{},{}]},{"senderKeyId":1631784251,"senderChainKey":{"iteration":63,"seed":"KO9awq4fDu4PFt5ujkt1TjzRgOPfg5OxVVSR6P94HKw="},"senderSigningKey":{"public":"BQgaY4J1oEYtScVsrgX2D92Mnodx3h3xOh1yuru4Z3ho"},"senderMessageKeys":[]},{"senderKeyId":1631784251,"senderChainKey":{"iteration":69,"seed":"T8Y+oqDpHl5ydBq++6CDWbqjdXwj0j6iZu58m1Et8dM="},"senderSigningKey":{"public":"BQgaY4J1oEYtScVsrgX2D92Mnodx3h3xOh1yuru4Z3ho"},"senderMessageKeys":[]}]