[{"senderKeyId":798124129,"senderChainKey":{"iteration":53,"seed":"8B5SUPg9MitRrh3iyQRdDY7howRY1uecvkt6ZWbuNbU="},"senderSigningKey":{"public":"BeKjqcHaPnKJV2C/UU99vrVRqqr18Vwdn/pzEmDjsrZU"},"senderMessageKeys":[{}]},{"senderKeyId":798124129,"senderChainKey":{"iteration":50,"seed":"uNOuGyntvLiYXTASwls5vi/2am/5E12ncyVt+PDTyoM="},"senderSigningKey":{"public":"BeKjqcHaPnKJV2C/UU99vrVRqqr18Vwdn/pzEmDjsrZU"},"senderMessageKeys":[]},{"senderKeyId":798124129,"senderChainKey":{"iteration":50,"seed":"uNOuGyntvLiYXTASwls5vi/2am/5E12ncyVt+PDTyoM="},"senderSigningKey":{"public":"BeKjqcHaPnKJV2C/UU99vrVRqqr18Vwdn/pzEmDjsrZU"},"senderMessageKeys":[]},{"senderKeyId":798124129,"senderChainKey":{"iteration":50,"seed":"uNOuGyntvLiYXTASwls5vi/2am/5E12ncyVt+PDTyoM="},"senderSigningKey":{"public":"BeKjqcHaPnKJV2C/UU99vrVRqqr18Vwdn/pzEmDjsrZU"},"senderMessageKeys":[]},{"senderKeyId":798124129,"senderChainKey":{"iteration":51,"seed":"Ae8FUM9ly0IWTeoWWAJ8gq4IiWdtqYu63t1ea03f/jY="},"senderSigningKey":{"public":"BeKjqcHaPnKJV2C/UU99vrVRqqr18Vwdn/pzEmDjsrZU"},"senderMessageKeys":[]}]