[{"senderKeyId":397540826,"senderChainKey":{"iteration":2,"seed":"bIW6VFizjnlfaXvhP0iv8R7PR0E+l7x8txM6n/8xTIk="},"senderSigningKey":{"public":"BUFEdd8vpV6SNKZal01pvBu4R845YHYu5T78Mqq2s9wV"},"senderMessageKeys":[]},{"senderKeyId":1344915599,"senderChainKey":{"iteration":1,"seed":"g2jLmqpu+P7kOzYb8+dP+vwHwL4mo0Fg+ARhz3mlnBg="},"senderSigningKey":{"public":"Bbp4IiaolurVGz8osF+mjiXoEMRJw4k32nEEl1a+k7MJ"},"senderMessageKeys":[]},{"senderKeyId":1240866992,"senderChainKey":{"iteration":9,"seed":"nLi1fCSSuyq1E0Em/B2DAC9zzntsdHbYjVABnP3VY0A="},"senderSigningKey":{"public":"BZJa9iVIqofyylJMEC/QwEHURTymXZ3s+3pgPVTBZAYP"},"senderMessageKeys":[{}]},{"senderKeyId":1240866992,"senderChainKey":{"iteration":3,"seed":"FjwromcIRMliwmJlycNsZkMRbK3DrAmV2Fq6qIq+QdY="},"senderSigningKey":{"public":"BZJa9iVIqofyylJMEC/QwEHURTymXZ3s+3pgPVTBZAYP"},"senderMessageKeys":[]},{"senderKeyId":1240866992,"senderChainKey":{"iteration":8,"seed":"LNPuK8E/AxLNCVVoXUEsgVCn5rCNLRovr8yw3b0FAf4="},"senderSigningKey":{"public":"BZJa9iVIqofyylJMEC/QwEHURTymXZ3s+3pgPVTBZAYP"},"senderMessageKeys":[]}]