[{"senderKeyId":1559650687,"senderChainKey":{"iteration":29,"seed":"ubzSZ//HXpzVD2qsVIRBYoy1R8P3WlYcRlzb3fMr77M="},"senderSigningKey":{"public":"BcKgXUGgnqg/B+r/Di5Nit1Oa95L0kaDXvMErnQVI5c9"},"senderMessageKeys":[{},{},{},{},{},{},{},{},{},{},{},{},{},{},{}]},{"senderKeyId":1559650687,"senderChainKey":{"iteration":1,"seed":"C7KjkbH5czU2qeg7s6Dghh+CQ9+JZ4w4cqWqxJcUxIU="},"senderSigningKey":{"public":"BcKgXUGgnqg/B+r/Di5Nit1Oa95L0kaDXvMErnQVI5c9"},"senderMessageKeys":[]},{"senderKeyId":1559650687,"senderChainKey":{"iteration":19,"seed":"KNCORrBk4i5RB0Ed/XgqBH89AQ1qqEuCfNlbA/1dQmY="},"senderSigningKey":{"public":"BcKgXUGgnqg/B+r/Di5Nit1Oa95L0kaDXvMErnQVI5c9"},"senderMessageKeys":[]},{"senderKeyId":1559650687,"senderChainKey":{"iteration":23,"seed":"UfLlpEsYaSCVFq5qO6Mjn0aSYbWzfuNK0bBZvn4AaeM="},"senderSigningKey":{"public":"BcKgXUGgnqg/B+r/Di5Nit1Oa95L0kaDXvMErnQVI5c9"},"senderMessageKeys":[]},{"senderKeyId":1559650687,"senderChainKey":{"iteration":25,"seed":"AaAA+Usa6rp69W8aJ8/S/MIKUGHXC8rk1Fn6IR0d7uI="},"senderSigningKey":{"public":"BcKgXUGgnqg/B+r/Di5Nit1Oa95L0kaDXvMErnQVI5c9"},"senderMessageKeys":[]}]