[{"senderKeyId":327739197,"senderChainKey":{"iteration":11,"seed":"5ih1XnxRFXZ43XjuPPRCbdprPsYOIVTwj9zhWXXev6c="},"senderSigningKey":{"public":"BcZJTJuh4c2tkFnTMv2PsFvyNX8WMBgTULiAM/zyFQYP"},"senderMessageKeys":[]},{"senderKeyId":1205413247,"senderChainKey":{"iteration":2,"seed":"FpMAJGA/QDgNkFr/izw2eFnj9rhSvshO+fzvCHdU+so="},"senderSigningKey":{"public":"BWYaS6z8J9fkFG8tQSmQI3VlJIqmHmVuWiTj6cyLuC44"},"senderMessageKeys":[]},{"senderKeyId":1875830893,"senderChainKey":{"iteration":3,"seed":"DcaViS8gg2gs81ztJtvPZ72KqDj/NaUzGS6FBeEABhs="},"senderSigningKey":{"public":"BQpvYZrc8msEhoHFJ8++6/dcrfsQ96GytqjEqRBAiglR"},"senderMessageKeys":[]},{"senderKeyId":40141521,"senderChainKey":{"iteration":21,"seed":"QX0gmrHxnTcX6VgvZVYPpzRnC/ixAi1HkIF68OgQI/k="},"senderSigningKey":{"public":"BY8tACl18ZWf7IN/rQUS9Yk9vFi9jUQvc9Ww508HsCB/"},"senderMessageKeys":[]}]