[{"senderKeyId":1268089283,"senderChainKey":{"iteration":10,"seed":"lNEOB/72odKPt+lwY4jWFzWdqS0k4JPOfwk8ktuOtcI="},"senderSigningKey":{"public":"Bczo9BGBOrGEoJ5o/SZF/m0wlLSKVIcnDJjUd9NPpBV9"},"senderMessageKeys":[]},{"senderKeyId":1268089283,"senderChainKey":{"iteration":10,"seed":"lNEOB/72odKPt+lwY4jWFzWdqS0k4JPOfwk8ktuOtcI="},"senderSigningKey":{"public":"Bczo9BGBOrGEoJ5o/SZF/m0wlLSKVIcnDJjUd9NPpBV9"},"senderMessageKeys":[]},{"senderKeyId":1597062380,"senderChainKey":{"iteration":19,"seed":"HiDjuVUW7t5Vhvha/414r55fs8mFtxhl+2l4bUFIgJ8="},"senderSigningKey":{"public":"BUBoLdg8dgiVB96AJLNmnjVY1PKqfQnhUTY1KG1MQdZs"},"senderMessageKeys":[]},{"senderKeyId":168304491,"senderChainKey":{"iteration":16,"seed":"6jNjWqC6H80Cpy4wiY0n7K/xvoP+OF0eD2qLxEyVQeg="},"senderSigningKey":{"public":"Bft39GX0JIuFR5o+zmiFZithWdylL6teNbf/QhvDTqk3"},"senderMessageKeys":[]},{"senderKeyId":168304491,"senderChainKey":{"iteration":1,"seed":"7UFIoElYeyU+BISL5v3g4gnSrFQz9ggA4o12u0EN+EY="},"senderSigningKey":{"public":"Bft39GX0JIuFR5o+zmiFZithWdylL6teNbf/QhvDTqk3"},"senderMessageKeys":[]}]