[{"senderKeyId":1720097598,"senderChainKey":{"iteration":127,"seed":"C4i1LUee9vnktqOF1h9Tlgb+PXKf2kn2Km8vIPLnlBs="},"senderSigningKey":{"public":"Bdww+nQiE/OZUMnNTxM6kQpl21NcPEBIHEb7vQenXnMn"},"senderMessageKeys":[]},{"senderKeyId":1720097598,"senderChainKey":{"iteration":165,"seed":"pLBNliZp1XHXeAGhj8/vxadA5wXQea/LFmwCqBK5tq4="},"senderSigningKey":{"public":"Bdww+nQiE/OZUMnNTxM6kQpl21NcPEBIHEb7vQenXnMn"},"senderMessageKeys":[]},{"senderKeyId":1393773735,"senderChainKey":{"iteration":31,"seed":"ZEvSt0gBeTSfcI8+PziLavu+yil1Iv0zP0hexdBaFf0="},"senderSigningKey":{"public":"BUvI5azgWRZmq4hn2x0bsyr+fNHhiiJizHXmmGin0IlH"},"senderMessageKeys":[{}]},{"senderKeyId":1895559979,"senderChainKey":{"iteration":10,"seed":"ly9T608Lg4VcBPukX9x1zxO7BGH4BqmrvONEPnycBOA="},"senderSigningKey":{"public":"BQ9T94CauGomiKljLXLkbfetINM8QrbH8wFmJBdS2nEW"},"senderMessageKeys":[]},{"senderKeyId":1895559979,"senderChainKey":{"iteration":1,"seed":"tBPdCIR61Trcudnqxtp2vc1ViOeenLGXVqfmTa/kC/o="},"senderSigningKey":{"public":"BQ9T94CauGomiKljLXLkbfetINM8QrbH8wFmJBdS2nEW"},"senderMessageKeys":[]}]