[{"senderKeyId":813219097,"senderChainKey":{"iteration":321,"seed":"WYT7zOQsle3rTCiRT+6GoVuA/EfGcleDNYZs1OiVme8="},"senderSigningKey":{"public":"BdCN6VtJnTko7uim0u4qIbtiLFMP6Sti6mNJW3vtQEMI"},"senderMessageKeys":[{},{},{},{},{},{},{},{},{},{},{},{},{},{},{}]},{"senderKeyId":813219097,"senderChainKey":{"iteration":307,"seed":"A5GSEu/DjwitJS50+J2QzzENSBm3CeLOdRWNDpZLpqo="},"senderSigningKey":{"public":"BdCN6VtJnTko7uim0u4qIbtiLFMP6Sti6mNJW3vtQEMI"},"senderMessageKeys":[]},{"senderKeyId":813219097,"senderChainKey":{"iteration":309,"seed":"LJO9tkGh68wiqnPcxW3P8hVvKWOODws5RqViAjmoKCc="},"senderSigningKey":{"public":"BdCN6VtJnTko7uim0u4qIbtiLFMP6Sti6mNJW3vtQEMI"},"senderMessageKeys":[]},{"senderKeyId":813219097,"senderChainKey":{"iteration":313,"seed":"kOW/tWONQU3zosgEW/TkxpgjhYuv4p9DQOu5GHZSkNQ="},"senderSigningKey":{"public":"BdCN6VtJnTko7uim0u4qIbtiLFMP6Sti6mNJW3vtQEMI"},"senderMessageKeys":[]},{"senderKeyId":813219097,"senderChainKey":{"iteration":319,"seed":"0Ieuuth11UD4DaMl+pGoaCsUiOnfRPqWFm6ip5p1mwE="},"senderSigningKey":{"public":"BdCN6VtJnTko7uim0u4qIbtiLFMP6Sti6mNJW3vtQEMI"},"senderMessageKeys":[]}]