[{"senderKeyId":1349674535,"senderChainKey":{"iteration":81,"seed":"lkEJEayWqghvpnYFaGasEU7hRwZ6E9tkbUsZVuqtHZg="},"senderSigningKey":{"public":"BUMruODBjy0QRMROXaANYNqBUyTnA+NdvzCZXP6ZZUJl"},"senderMessageKeys":[]},{"senderKeyId":1349674535,"senderChainKey":{"iteration":89,"seed":"03D5Wpuf6EmGzkswj78Q6Q67XMbf9iOxEf6ohaMCfwM="},"senderSigningKey":{"public":"BUMruODBjy0QRMROXaANYNqBUyTnA+NdvzCZXP6ZZUJl"},"senderMessageKeys":[]},{"senderKeyId":1121172177,"senderChainKey":{"iteration":45,"seed":"HoLsSvnFD4TkQdWp9UtPzZCMJi7M5UMQ0XZbjdP1zTQ="},"senderSigningKey":{"public":"BZHulapyv/EW54xPxwyvRdZjbC6tzizfYjhXs+vn3uZC"},"senderMessageKeys":[{},{},{},{},{},{},{},{},{},{},{},{},{},{},{},{},{},{},{},{},{},{},{},{},{},{},{},{},{},{},{},{},{},{},{},{}]},{"senderKeyId":1121172177,"senderChainKey":{"iteration":3,"seed":"2V8IMNSPHPV03ZQ1j6VhbjLb6HpV8BShCMHMh2dJTEk="},"senderSigningKey":{"public":"BZHulapyv/EW54xPxwyvRdZjbC6tzizfYjhXs+vn3uZC"},"senderMessageKeys":[]},{"senderKeyId":1121172177,"senderChainKey":{"iteration":43,"seed":"WnCbE8k7/67W5A1GN4YSspCMQXL8wdbhBzp2G/us8ZA="},"senderSigningKey":{"public":"BZHulapyv/EW54xPxwyvRdZjbC6tzizfYjhXs+vn3uZC"},"senderMessageKeys":[]}]