[{"senderKeyId":1987084112,"senderChainKey":{"iteration":227,"seed":"hTHh6rSZ8YlEzW1O2I0DuyJnXWUK7m/wWCh0HEBaBMY="},"senderSigningKey":{"public":"BZfzDVdoc2k+htT35GgGiG1qUo31Larut/OcG5zRick7"},"senderMessageKeys":[{},{},{},{},{},{},{},{},{},{},{},{},{},{},{},{},{},{},{},{},{},{},{},{},{},{},{},{},{},{},{},{},{},{},{},{},{},{},{},{},{},{},{},{},{},{},{},{},{},{},{},{},{},{},{},{},{},{},{},{},{},{},{},{},{},{},{},{},{},{},{},{},{},{},{},{},{},{},{},{},{},{},{},{},{},{},{},{},{},{},{},{},{},{},{},{},{},{},{},{},{},{},{},{},{},{},{},{}]},{"senderKeyId":1987084112,"senderChainKey":{"iteration":117,"seed":"mVCYLykn9lXLFbgGOGCLKuZDTIUmH92AdF+BenGvzRk="},"senderSigningKey":{"public":"BZfzDVdoc2k+htT35GgGiG1qUo31Larut/OcG5zRick7"},"senderMessageKeys":[]},{"senderKeyId":1987084112,"senderChainKey":{"iteration":185,"seed":"O0m+sqLiwlJNvc4Q9EEpLde7hzBe68mQljgw7YSines="},"senderSigningKey":{"public":"BZfzDVdoc2k+htT35GgGiG1qUo31Larut/OcG5zRick7"},"senderMessageKeys":[]},{"senderKeyId":1987084112,"senderChainKey":{"iteration":191,"seed":"BdyFXmsMtiH6po/p7cuCx76gvPeJr/eZlmktrpQYvtI="},"senderSigningKey":{"public":"BZfzDVdoc2k+htT35GgGiG1qUo31Larut/OcG5zRick7"},"senderMessageKeys":[]},{"senderKeyId":1987084112,"senderChainKey":{"iteration":193,"seed":"+5ICVMR/b9CCFRrtKHgKHn3hR44XR3FYfNktcJ4sQbI="},"senderSigningKey":{"public":"BZfzDVdoc2k+htT35GgGiG1qUo31Larut/OcG5zRick7"},"senderMessageKeys":[]}]