[{"senderKeyId":78690131,"senderChainKey":{"iteration":37,"seed":"hLdBajGy/UBSthKYIPtDWu9n0ELJN/eqoKgcA0Sdu3A="},"senderSigningKey":{"public":"BWY2ugdYuVdeOlDb6vSVSEg5VVDNFFH55UuQD7WfySgt"},"senderMessageKeys":[{},{},{},{},{},{},{},{},{},{},{},{},{},{}]},{"senderKeyId":78690131,"senderChainKey":{"iteration":15,"seed":"KE7R3OE9vqH8OJHhluZQKBsNjsyKolK7AX2L2EpY2Wg="},"senderSigningKey":{"public":"BWY2ugdYuVdeOlDb6vSVSEg5VVDNFFH55UuQD7WfySgt"},"senderMessageKeys":[]},{"senderKeyId":78690131,"senderChainKey":{"iteration":23,"seed":"jiWNVKY1Bo1zrTBwZl3RoKt2BCcqpuUyyjqByq62ysk="},"senderSigningKey":{"public":"BWY2ugdYuVdeOlDb6vSVSEg5VVDNFFH55UuQD7WfySgt"},"senderMessageKeys":[]},{"senderKeyId":78690131,"senderChainKey":{"iteration":29,"seed":"RXRc1jW2SK74G0VhFM72MrDAsqJpVUlc82qctkwMhWw="},"senderSigningKey":{"public":"BWY2ugdYuVdeOlDb6vSVSEg5VVDNFFH55UuQD7WfySgt"},"senderMessageKeys":[]},{"senderKeyId":78690131,"senderChainKey":{"iteration":35,"seed":"QChlNPd8wSbfXl8seUXkvwUxIVF9PXMN80kx1ZkvE+M="},"senderSigningKey":{"public":"BWY2ugdYuVdeOlDb6vSVSEg5VVDNFFH55UuQD7WfySgt"},"senderMessageKeys":[]}]