[{"senderKeyId":1171305270,"senderChainKey":{"iteration":2,"seed":"jBGSiAojIBiIR+iMgBjaLjK7GAOzquLziJQ91Hr1gUY="},"senderSigningKey":{"public":"BfQi+ld2v5CrPubXtSyou6FYQ4EzsYABJYVlh1g/9j4x"},"senderMessageKeys":[]},{"senderKeyId":1369370722,"senderChainKey":{"iteration":16,"seed":"aLW4FiJe+n8CRSwESo4ukRMSZZ8DnNc967eyRtupHXA="},"senderSigningKey":{"public":"BfNK9J748JiWFm2RJu6WOM17OvbwCzSenW5Ewnc8/ohN"},"senderMessageKeys":[]},{"senderKeyId":1027949614,"senderChainKey":{"iteration":245,"seed":"8gpsuIlPcZbFyBJLB1ken3MxpnrC2VfeN4J1P0JU0g0="},"senderSigningKey":{"public":"BevvoE+kJZN+A/0Z+xSf3SmYnzNYAtK24BaOu8HV6VYM"},"senderMessageKeys":[{},{},{},{},{},{},{},{},{},{},{},{},{},{},{},{},{},{},{},{},{},{},{},{},{},{},{},{},{},{},{},{},{},{},{},{},{},{},{},{},{},{},{},{},{},{},{},{},{},{},{},{},{},{},{},{},{},{},{},{},{},{},{},{},{},{},{},{},{},{},{},{},{},{},{},{},{},{},{},{},{},{},{},{},{},{},{},{},{},{},{},{},{},{},{},{},{},{},{},{},{},{},{},{},{},{},{}]},{"senderKeyId":1027949614,"senderChainKey":{"iteration":18,"seed":"/clAHkPOghaLyYNlypX2kA5KBEDjR/PyYWEiKX1OJss="},"senderSigningKey":{"public":"BevvoE+kJZN+A/0Z+xSf3SmYnzNYAtK24BaOu8HV6VYM"},"senderMessageKeys":[]},{"senderKeyId":1027949614,"senderChainKey":{"iteration":18,"seed":"/clAHkPOghaLyYNlypX2kA5KBEDjR/PyYWEiKX1OJss="},"senderSigningKey":{"public":"BevvoE+kJZN+A/0Z+xSf3SmYnzNYAtK24BaOu8HV6VYM"},"senderMessageKeys":[]}]