[{"senderKeyId":138815516,"senderChainKey":{"iteration":5,"seed":"FBkLDqjwOn7kGtuQ/CbhIEN5rRBsXIl1IEn7AGlI4S0="},"senderSigningKey":{"public":"Bc7wVf4U6sjflYPuS9ERbz78FLnKbkicXVrH4HZBIfxM"},"senderMessageKeys":[{}]},{"senderKeyId":1841177626,"senderChainKey":{"iteration":7,"seed":"OXqAuL73c2nN9jyaReyTgqAbjyrWjQ68FDz3O81V2Gc="},"senderSigningKey":{"public":"BQE/EGUhiiRCGdLdnF/taPz4jRsBmFqopaLmjusRlgU5"},"senderMessageKeys":[]},{"senderKeyId":882262248,"senderChainKey":{"iteration":8,"seed":"bxE4xVgUaC/Ec/oU+nWd2AkoxNdT5MQIN9qW7fY7BXA="},"senderSigningKey":{"public":"BZxl1Y2T6hPFHIdxYfr00M4Y+wMul6hxkaar7dh/Sv9Q"},"senderMessageKeys":[]},{"senderKeyId":882262248,"senderChainKey":{"iteration":4,"seed":"tKo/3QU6JD3IAJs1R993Po1SHnGU68mUWx33rQrmyjs="},"senderSigningKey":{"public":"BZxl1Y2T6hPFHIdxYfr00M4Y+wMul6hxkaar7dh/Sv9Q"},"senderMessageKeys":[]},{"senderKeyId":721220457,"senderChainKey":{"iteration":1,"seed":"d+CvzxKWSNwSV6TfbeuvTrTOSB1D0Zbn9kwdTZNya60="},"senderSigningKey":{"public":"BYtiEKFaotVj0KDEEFKAY0OCKzorBAlmZsjcyUd2dLF5"},"senderMessageKeys":[]}]