[{"senderKeyId":1240453003,"senderChainKey":{"iteration":2,"seed":"alnXPJi8cDIXzpPPj+IsCA9AWY4oo+/FAFr2SxLoC7Q="},"senderSigningKey":{"public":"BSyck/wvVB9Te5qosAm6i8aoC7BnircuuubQm8gSXR4X"},"senderMessageKeys":[]},{"senderKeyId":1240453003,"senderChainKey":{"iteration":1,"seed":"L1P8xDItMd7/wu8QW9Te/TnNQeuL5vVTjq5MzxhCuZ4="},"senderSigningKey":{"public":"BSyck/wvVB9Te5qosAm6i8aoC7BnircuuubQm8gSXR4X"},"senderMessageKeys":[]},{"senderKeyId":730425280,"senderChainKey":{"iteration":1,"seed":"0TnNoW6W5tirlBH+iY/lus+jrpNNKa7yx43ktjbrQX4="},"senderSigningKey":{"public":"BaQpdnD/3qNojt7AEFYXw/6mm7EQFNMqgT+SjWzVwdN5"},"senderMessageKeys":[]},{"senderKeyId":730425280,"senderChainKey":{"iteration":1,"seed":"0TnNoW6W5tirlBH+iY/lus+jrpNNKa7yx43ktjbrQX4="},"senderSigningKey":{"public":"BaQpdnD/3qNojt7AEFYXw/6mm7EQFNMqgT+SjWzVwdN5"}}]