[{"senderKeyId":569747639,"senderChainKey":{"iteration":2,"seed":"Bh3RLw3f0iig3yEE5V2HHmtg86JnaNpL7pptT2/smiM="},"senderSigningKey":{"public":"BV5de37ipholAKjwUnKIGFFbNvDO+EE7gJt/IBZwB8tv"},"senderMessageKeys":[]},{"senderKeyId":308110709,"senderChainKey":{"iteration":16,"seed":"TeaZ3V2yXOS+hbEvSOsERJ7ti3Hf4gsEJlife6DnjfU="},"senderSigningKey":{"public":"Bd46UOne/qHUrB1jOI0FP827RppyQRMnipkRzA/tjt0I"},"senderMessageKeys":[{},{},{}]},{"senderKeyId":308110709,"senderChainKey":{"iteration":1,"seed":"7cc5depRx2nRIVoGpV3aALuLC35E/RJpI9jCF1FWHuk="},"senderSigningKey":{"public":"Bd46UOne/qHUrB1jOI0FP827RppyQRMnipkRzA/tjt0I"},"senderMessageKeys":[]},{"senderKeyId":308110709,"senderChainKey":{"iteration":8,"seed":"VBc9fncn2fyjuYv+57ZVjha6f8ZLux3zBveeDxJPkgY="},"senderSigningKey":{"public":"Bd46UOne/qHUrB1jOI0FP827RppyQRMnipkRzA/tjt0I"},"senderMessageKeys":[]},{"senderKeyId":308110709,"senderChainKey":{"iteration":10,"seed":"ptC2z4myd8N3wKkjEyX7ouSIBSHvOmE30OzykJ1Jvss="},"senderSigningKey":{"public":"Bd46UOne/qHUrB1jOI0FP827RppyQRMnipkRzA/tjt0I"},"senderMessageKeys":[]}]