[{"senderKeyId":1025768841,"senderChainKey":{"iteration":7,"seed":"5DoomX7VWKARjRsWa8zABunNwpPW98T62HICrD9bj4E="},"senderSigningKey":{"public":"BU8RSueLCCPdpH1ghkWWJRGWA7BkwE+iBCe76galmjRe"},"senderMessageKeys":[]},{"senderKeyId":1025768841,"senderChainKey":{"iteration":19,"seed":"K8CzFHOS0xcJPjzPNQeeSvo5KiA5r4+v15W4U1zyyTs="},"senderSigningKey":{"public":"BU8RSueLCCPdpH1ghkWWJRGWA7BkwE+iBCe76galmjRe"},"senderMessageKeys":[]},{"senderKeyId":1025768841,"senderChainKey":{"iteration":27,"seed":"Iz11DwH6trh0ucWEz3NYh9482TopV1jkRPUmKKDza+k="},"senderSigningKey":{"public":"BU8RSueLCCPdpH1ghkWWJRGWA7BkwE+iBCe76galmjRe"},"senderMessageKeys":[]},{"senderKeyId":1025768841,"senderChainKey":{"iteration":30,"seed":"+hi+X58WamiPREaM9QdsJvQFgtwsc4KA6LNYfv5bII0="},"senderSigningKey":{"public":"BU8RSueLCCPdpH1ghkWWJRGWA7BkwE+iBCe76galmjRe"},"senderMessageKeys":[]},{"senderKeyId":237449486,"senderChainKey":{"iteration":1,"seed":"Scam+B83ITAKtDQPCeXdK0HOabTdOTRGfYKgqgm7oG0="},"senderSigningKey":{"public":"BXPAgqZCKjf0fBpFQZ8fhdsSe/nc/ycXhGG+KnNQOIsy"},"senderMessageKeys":[]}]