[{"senderKeyId":1649572574,"senderChainKey":{"iteration":2,"seed":"NKDDXWkqPZDtFGOzPKHKv8zmLgOT+6HTG9TvvdqCKck="},"senderSigningKey":{"public":"BbIzybhoF97XIrKrUwxt6UucjGI6GQDKq/7Y753XhGBS"},"senderMessageKeys":[]},{"senderKeyId":2034883368,"senderChainKey":{"iteration":2,"seed":"Uwe1I3a7CVmDLJ7S8pcVTLcnFEoBhf8UDxQX2LzALeM="},"senderSigningKey":{"public":"BYw2LLGSCh3AQrw4jIVexEIVb1Y/ctWqddydpvoP+X1l"},"senderMessageKeys":[]},{"senderKeyId":2042496316,"senderChainKey":{"iteration":5,"seed":"sNvmdpMZ5oL/kq6sZ/AFyGW3vmNRIzp+6S60rMaLuw4="},"senderSigningKey":{"public":"BXSOn0yoxLOPB6qDeTBubSB9XB8NzxaedrrvekeWXU1j"},"senderMessageKeys":[]},{"senderKeyId":2042496316,"senderChainKey":{"iteration":1,"seed":"WdtfIcTo2oRjxmBIS/eASq007UHe/02mTYVyDwpZdO4="},"senderSigningKey":{"public":"BXSOn0yoxLOPB6qDeTBubSB9XB8NzxaedrrvekeWXU1j"},"senderMessageKeys":[]},{"senderKeyId":2042496316,"senderChainKey":{"iteration":4,"seed":"+tf1sA3HgQnpliRv3cjRuO2zzgQKlWEfDkbfXj3O3h0="},"senderSigningKey":{"public":"BXSOn0yoxLOPB6qDeTBubSB9XB8NzxaedrrvekeWXU1j"},"senderMessageKeys":[]}]