[{"senderKeyId":956593163,"senderChainKey":{"iteration":25,"seed":"4QKQ4qymZJhfKKGOAwtbBF0Pj1TJj9D9JfnfqmMlUCY="},"senderSigningKey":{"public":"BfE8PEp+1al5Ps9xatXCo+KpfWkTakKUXENgOYOZb+R3"},"senderMessageKeys":[]},{"senderKeyId":956593163,"senderChainKey":{"iteration":30,"seed":"ulLBOK7nVKuPoxylwCE7X1FLflwAae11arz7KHYVTuU="},"senderSigningKey":{"public":"BfE8PEp+1al5Ps9xatXCo+KpfWkTakKUXENgOYOZb+R3"},"senderMessageKeys":[]},{"senderKeyId":378789253,"senderChainKey":{"iteration":2,"seed":"Zz1pFN7gY2IHrWhCmXZcM3Iwzy5c1DmS1zGOVfpzfDY="},"senderSigningKey":{"public":"BUNCaAqHmtmGgIpMzmq+y9IeIkkW2NHVPppR62yZvvhB"},"senderMessageKeys":[]},{"senderKeyId":1628023578,"senderChainKey":{"iteration":5,"seed":"VAzm9v9XY+D4K7UkckIge78WZY9WpnxqY+IpiMGZ19I="},"senderSigningKey":{"public":"Bbv6TNe7hbwg9sCrWKwhvpI3aGgXFE5TLWwIU1s64tI7"},"senderMessageKeys":[]},{"senderKeyId":1628023578,"senderChainKey":{"iteration":5,"seed":"VAzm9v9XY+D4K7UkckIge78WZY9WpnxqY+IpiMGZ19I="},"senderSigningKey":{"public":"Bbv6TNe7hbwg9sCrWKwhvpI3aGgXFE5TLWwIU1s64tI7"}}]