[{"senderKeyId":347694961,"senderChainKey":{"iteration":17,"seed":"l0xHhq9W457WrtDkhlqbLfwbT9jynlGXZaX7If43NEk="},"senderSigningKey":{"public":"BZ9zxchy18F1Hkjt3RZ+6DrtssDMzKwEhd2qtMIrKDx/"},"senderMessageKeys":[{},{},{},{},{},{},{},{}]},{"senderKeyId":347694961,"senderChainKey":{"iteration":3,"seed":"1M8eFx+HPv/MFBmEBNrli0MlnUb4QhUrM1gF1JZlL44="},"senderSigningKey":{"public":"BZ9zxchy18F1Hkjt3RZ+6DrtssDMzKwEhd2qtMIrKDx/"},"senderMessageKeys":[]},{"senderKeyId":347694961,"senderChainKey":{"iteration":7,"seed":"bI0/OpUK+CGJ5Y5qov+n2z5eEfDCPTx81cMjbCa0qC4="},"senderSigningKey":{"public":"BZ9zxchy18F1Hkjt3RZ+6DrtssDMzKwEhd2qtMIrKDx/"},"senderMessageKeys":[]}]