[{"senderKeyId":1602741379,"senderChainKey":{"iteration":13,"seed":"hrz0OpueQPYMgqnEPmX3NZ+kJ0lyAwIsAokCAbAs2Fg="},"senderSigningKey":{"public":"BUnQrPSmxFck08rGG0cKfkmWFuiSIuOIcrT+hoiDa1Fo"},"senderMessageKeys":[]},{"senderKeyId":1347604631,"senderChainKey":{"iteration":1,"seed":"3noJSnEPwuKclnYFxiCmFZTFilbVea8oFBGMouAYpmg="},"senderSigningKey":{"public":"BboHmSJZS0Tdq+x196umU7l8soRDMfJemYBV5ARCj0kY"},"senderMessageKeys":[]},{"senderKeyId":151729197,"senderChainKey":{"iteration":19,"seed":"wJeXCPpP6HuA4YSiOaILswA/XDJl4ryjXLfbPkoDuak="},"senderSigningKey":{"public":"BRXAWhDH/4+TmuViy5i7MtbcBnYV2lChjAXsLNo+v84V"},"senderMessageKeys":[]},{"senderKeyId":151729197,"senderChainKey":{"iteration":7,"seed":"a7V43+d/7x/oCUXWVfCIodt8yNPt7Bbn7n6mOVbYygU="},"senderSigningKey":{"public":"BRXAWhDH/4+TmuViy5i7MtbcBnYV2lChjAXsLNo+v84V"},"senderMessageKeys":[]},{"senderKeyId":780872687,"senderChainKey":{"iteration":3,"seed":"d4PIExK1xgLfE+VdKi5GLjRDageCZEcbBkyLY29OwJQ="},"senderSigningKey":{"public":"BXOCBiBX95rvgdUpfGNKGIuwIokdAgp8NMiJ8wBQtnA4"},"senderMessageKeys":[]}]