[{"senderKeyId":1031205352,"senderChainKey":{"iteration":71,"seed":"Wb6US9gdtPha91dDAAgkAUz4R0XoMQp26kTwy5zROD4="},"senderSigningKey":{"public":"BYTuwJKbmuqjMTbkQfTHrrDwu3cfkNLugeUuTY0coacA"},"senderMessageKeys":[{},{},{},{},{},{},{},{},{},{},{},{},{},{},{},{},{},{},{},{},{},{},{},{},{},{},{},{},{},{},{},{},{},{},{},{},{},{},{},{},{},{},{},{},{},{},{},{},{},{},{},{},{}]},{"senderKeyId":1031205352,"senderChainKey":{"iteration":31,"seed":"6OSa29ZLfxVY26Zsr8b78tVQbqpf5l8ngNx2jLTlWE4="},"senderSigningKey":{"public":"BYTuwJKbmuqjMTbkQfTHrrDwu3cfkNLugeUuTY0coacA"},"senderMessageKeys":[]},{"senderKeyId":1031205352,"senderChainKey":{"iteration":37,"seed":"TKzv5XyYXNrtWfpgYgVubRl+IfYkDivK7XaZo34yL14="},"senderSigningKey":{"public":"BYTuwJKbmuqjMTbkQfTHrrDwu3cfkNLugeUuTY0coacA"},"senderMessageKeys":[]},{"senderKeyId":1031205352,"senderChainKey":{"iteration":41,"seed":"sbzIpcUfY1GuRCeumPdYq26iC7lQPN7ccfRNFTcJqvY="},"senderSigningKey":{"public":"BYTuwJKbmuqjMTbkQfTHrrDwu3cfkNLugeUuTY0coacA"},"senderMessageKeys":[]},{"senderKeyId":1031205352,"senderChainKey":{"iteration":45,"seed":"XwYe46TSb3y6ggBoa0f36uJklMz3dUKVn2+j4SDSxvI="},"senderSigningKey":{"public":"BYTuwJKbmuqjMTbkQfTHrrDwu3cfkNLugeUuTY0coacA"},"senderMessageKeys":[]}]