[{"senderKeyId":169366991,"senderChainKey":{"iteration":37,"seed":"2b4P2RUH/fFqLSPVXPIiTqdBQazZoXv2LcQaePX6NAY="},"senderSigningKey":{"public":"BTWvmQNxHTcKYfOltetELd6X/9ZXeWy95izzTAvYcfwd"},"senderMessageKeys":[{},{},{},{},{},{},{},{},{},{},{},{},{},{},{},{},{},{},{},{},{},{},{},{},{},{},{}]},{"senderKeyId":169366991,"senderChainKey":{"iteration":7,"seed":"XC6HkzjUa6SQcJ8+7bFm6MPwekLUVg4MFLvk88AA/RY="},"senderSigningKey":{"public":"BTWvmQNxHTcKYfOltetELd6X/9ZXeWy95izzTAvYcfwd"},"senderMessageKeys":[]}]