[{"senderKeyId":2006550924,"senderChainKey":{"iteration":5,"seed":"khjqJg+O5WdFmcIP1/i4MFSlxYKdKN6IZOj/s0WR51A="},"senderSigningKey":{"public":"Bei5hpSZgrCtuHteGYU4OrJzCY1b0gIkAnXNWhVFn8lH"},"senderMessageKeys":[]},{"senderKeyId":2006550924,"senderChainKey":{"iteration":1,"seed":"AgI5ZqT0gtDZgPvuAaj6KZLCer0PpAcmWj+2puFcvYc="},"senderSigningKey":{"public":"Bei5hpSZgrCtuHteGYU4OrJzCY1b0gIkAnXNWhVFn8lH"},"senderMessageKeys":[]},{"senderKeyId":122557007,"senderChainKey":{"iteration":2,"seed":"C+0rvrbEN3GTPbMmQuH1D43YeZRxqg/8rW1vCm+PluY="},"senderSigningKey":{"public":"BUy8+Pac0hdnsGEQ6jjKHbJ6v6wK3G/GyrOQeWKfjHUC"},"senderMessageKeys":[]}]