[{"senderKeyId":348741594,"senderChainKey":{"iteration":2,"seed":"GtLEX/nEW0O9tsYnfusVQardtsPGjtZyokWXHk3fDHQ="},"senderSigningKey":{"public":"BfL5mnLpIHvtHHX7UZ6Z27P7os6uB3WsjoUOi+fzM8JE"},"senderMessageKeys":[]},{"senderKeyId":226095215,"senderChainKey":{"iteration":2,"seed":"g+jHQpmAY7BgS70JRZVFSCiBlXAjy9BmRR5yQSlPpRQ="},"senderSigningKey":{"public":"BfCRpR0Ys0CEAggs7mBOptmR1zZbsQZ4ugcDRbGWyXsN"},"senderMessageKeys":[]},{"senderKeyId":1488353114,"senderChainKey":{"iteration":2,"seed":"19SPeTvDJMn6DMywKOXGRnkKW34h9PrDPP7PWXP9vZU="},"senderSigningKey":{"public":"BQyigI+sO3HZpEydLEU6tNGioYPKY7rdofJZbitk0j1Q"},"senderMessageKeys":[]},{"senderKeyId":1488353114,"senderChainKey":{"iteration":1,"seed":"7/2rzuCWJh+aJ0HjjotT3NVS27ouYelM88cxejsfi64="},"senderSigningKey":{"public":"BQyigI+sO3HZpEydLEU6tNGioYPKY7rdofJZbitk0j1Q"},"senderMessageKeys":[]},{"senderKeyId":1921252235,"senderChainKey":{"iteration":1,"seed":"RR6SZPg1+I0LOZyfk76Mt20E3mhfnYB2NZJLpjfmgc4="},"senderSigningKey":{"public":"BSRkf1gxAu+rxTgwEr6yNL3E7xNNtxS7mzUo4Hi1Cf8o"},"senderMessageKeys":[]}]