[{"senderKeyId":166680793,"senderChainKey":{"iteration":27,"seed":"MyADe7TKD58Aa2bm0rihtJSaOSgQEcD0GpYyqmamfXE="},"senderSigningKey":{"public":"Bbtir2ANCF7RbyA++r2aSmXlxdDti8nauDOonjiszokd"},"senderMessageKeys":[]},{"senderKeyId":166680793,"senderChainKey":{"iteration":3,"seed":"Ak93cw58sya+UmoW2en/Pjk2PzomUEaHG6tFuYnNXGE="},"senderSigningKey":{"public":"Bbtir2ANCF7RbyA++r2aSmXlxdDti8nauDOonjiszokd"},"senderMessageKeys":[]},{"senderKeyId":166680793,"senderChainKey":{"iteration":6,"seed":"JzPmvR8YMu1H+QoXmmi6DtcRQd+Md8JggqzdEYDWJO4="},"senderSigningKey":{"public":"Bbtir2ANCF7RbyA++r2aSmXlxdDti8nauDOonjiszokd"},"senderMessageKeys":[]},{"senderKeyId":166680793,"senderChainKey":{"iteration":13,"seed":"4UVZHn/J51XWxtcBBkdS0ZMZJkOhFRrKoWahOuVnn2A="},"senderSigningKey":{"public":"Bbtir2ANCF7RbyA++r2aSmXlxdDti8nauDOonjiszokd"},"senderMessageKeys":[]},{"senderKeyId":166680793,"senderChainKey":{"iteration":16,"seed":"m1tsKJ0MAmk+6vfOk2uEzLg91xwSjCib0aBb86g2wmI="},"senderSigningKey":{"public":"Bbtir2ANCF7RbyA++r2aSmXlxdDti8nauDOonjiszokd"},"senderMessageKeys":[]}]