{"_sessions":{"Bfqj6ek5/raAnDRoNyNm7G/HfThl97VzHljSygw19qQY":{"registrationId":127,"currentRatchet":{"ephemeralKeyPair":{"pubKey":"BXPuWPneVunSHQMcwKZASqrs3wiH0SonP8cXT79Z0hwX","privKey":"mFq0zY3k0yWDunYimATK31g8yJiKGe6VjTrJNunawXI="},"lastRemoteEphemeralKey":"BRyDY3gbdaIjaHzneTKsjaPUIOxk0liqvkl9uV5B69Va","previousCounter":0,"rootKey":"XOkya1mAVWuTRI6FUB24JhPrhRZ/ABgq7mRfngDBOJE="},"indexInfo":{"baseKey":"Bfqj6ek5/raAnDRoNyNm7G/HfThl97VzHljSygw19qQY","baseKeyType":1,"closed":-1,"used":1728836391551,"created":1728836391551,"remoteIdentityKey":"BfJfFjls8HW1Hs7KE+sofYd18W+LGUnq1PAKxJtAJ5FT"},"_chains":{"BXPuWPneVunSHQMcwKZASqrs3wiH0SonP8cXT79Z0hwX":{"chainKey":{"counter":75,"key":"9d7Zx8fRewKfd11Y7PJZhChXH/+dGs7xOSYh42R39aw="},"chainType":1,"messageKeys":{}}},"pendingPreKey":{"signedKeyId":1,"baseKey":"Bfqj6ek5/raAnDRoNyNm7G/HfThl97VzHljSygw19qQY"}}},"version":"v1"}