{"_sessions":{"BYrCvDpv2UBND7Bt2QzANNrDT2m4FpWIK/qu2SvHcuQg":{"registrationId":1679680809,"currentRatchet":{"ephemeralKeyPair":{"pubKey":"BbhigAEIt/OBSldQGitSYHtdHavcO8DhWnsMhqVa6xsN","privKey":"8CGi8q1Px20vLqOkYnd+JoE8YvyGoFrxKa8xZGEjg3U="},"lastRemoteEphemeralKey":"BWT/KlexhEDSSOms4NolclqFqdEUnedUPvc8MqEhc/c2","previousCounter":49,"rootKey":"T/2uU1CADkWP0B8sxqnE+lGt5B1CvyurXHZXMNkCK/g="},"indexInfo":{"baseKey":"BYrCvDpv2UBND7Bt2QzANNrDT2m4FpWIK/qu2SvHcuQg","baseKeyType":1,"closed":-1,"used":1728907801656,"created":1728836391934,"remoteIdentityKey":"BZLDOMukG3NFdDSEMK7t6kE0wNdLQ7x9liaz4NOberxz"},"_chains":{"BaMhoPnWPp2Fp7aAXwkMIjS1jroVQv6kn7aOV+slxZob":{"chainKey":{"counter":0},"chainType":2,"messageKeys":{}},"BWT/KlexhEDSSOms4NolclqFqdEUnedUPvc8MqEhc/c2":{"chainKey":{"counter":0,"key":"fRc8/LDyTJsJmmLwe3WWKHLxJgXx7mX2U80v74Y1eZQ="},"chainType":2,"messageKeys":{}},"BbhigAEIt/OBSldQGitSYHtdHavcO8DhWnsMhqVa6xsN":{"chainKey":{"counter":105,"key":"HHoSWLsgbS9HrXAprt5Hqn8Bnsdx3nophJY5JU/4B6A="},"chainType":1,"messageKeys":{}}}}},"version":"v1"}