{"_sessions":{"BQSDRMao0jh8gdrGZwM56oTG9zS3ZBCmFHmd42f2zy0N":{"registrationId":74,"currentRatchet":{"ephemeralKeyPair":{"pubKey":"BeLZaTpQOPI1y+8tnGDh+8zs93eCsz4zCkKsHk0LiYht","privKey":"KDiRVFHKbXxawS1++BfJRU2pCGZzRTKm5QS4bOaHLkU="},"lastRemoteEphemeralKey":"BYSegBblVc4QfYyqf1flsGTtLhkHd9qsD8jZ+i5+v5IW","previousCounter":43,"rootKey":"VfC9m9x/A6Z2rE/1PsMpkRSahkzb0+r89dsmLnYBaaY="},"indexInfo":{"baseKey":"BQSDRMao0jh8gdrGZwM56oTG9zS3ZBCmFHmd42f2zy0N","baseKeyType":1,"closed":-1,"used":1728904918724,"created":1728883060911,"remoteIdentityKey":"Be2ggJagmwy2RLeidIUOFPzee5VKp6tBLuud31TRPllW"},"_chains":{"BYSegBblVc4QfYyqf1flsGTtLhkHd9qsD8jZ+i5+v5IW":{"chainKey":{"counter":9,"key":"HBmyvt1Ka2GxOYV5g8mRXrKtoUTV8kUHeuRig56MXKM="},"chainType":2,"messageKeys":{"3":"oFGExRA2Iprykc/wE4hWf33BHUpJu2qzaAAuhamjY3M=","4":"kHptongG3IhyqLpdOs5EDMTDgvStZ797Q4rNzRw3muo=","6":"Uc++2jeRxXFjBXUeLRwGKm6+JMIYS8GkgqSvcrSD14E="}},"BeLZaTpQOPI1y+8tnGDh+8zs93eCsz4zCkKsHk0LiYht":{"chainKey":{"counter":4,"key":"Db6Raf8HYm/hnZ0QGXTS7z1CBpuvWIe/c7AAswQqi9Q="},"chainType":1,"messageKeys":{}}}}},"version":"v1"}