{"_sessions":{"BRIXaSZhptHMpWxsCt05p6E2DId8oBW6I4A6dGdweUQW":{"registrationId":23,"currentRatchet":{"ephemeralKeyPair":{"pubKey":"BVnxwaHfZCm7nOueo9k/WBwuMbK42DeAta0X08T+VPR+","privKey":"iOZsNQNjPNgdbY72ZL70JBplPxu3mGsyT8cbL+YbM3A="},"lastRemoteEphemeralKey":"BXBFDUUMqatwi7aFODt16U52KORe5zohgZHtYiKajf5G","previousCounter":4,"rootKey":"gMGlAOnFx5p/FH5kDYklzI0YMpYVK7VntLZo7BNPhoM="},"indexInfo":{"baseKey":"BRIXaSZhptHMpWxsCt05p6E2DId8oBW6I4A6dGdweUQW","baseKeyType":1,"closed":1729615279159,"used":1729592465434,"created":1729586209561,"remoteIdentityKey":"BZ+Ga2wCRKZQs56HUYDrypJgAy2K/gIxsJ1GIH9bBSZT"},"_chains":{"BXBFDUUMqatwi7aFODt16U52KORe5zohgZHtYiKajf5G":{"chainKey":{"counter":1,"key":"ENN0XtiFBZqVGuGftN9wVdRMMtkAi79hnUrtcBHoZWE="},"chainType":2,"messageKeys":{}},"BVnxwaHfZCm7nOueo9k/WBwuMbK42DeAta0X08T+VPR+":{"chainKey":{"counter":-1,"key":"9thgS9IWuKkiphZDfnPEk9k5VUNkYGiv2CvKLHzkas0="},"chainType":1,"messageKeys":{}}}},"BWqQKysEeSBmiRafkpSPMWgVw2fZ5qotbWM5pZeTZop5":{"registrationId":23,"currentRatchet":{"ephemeralKeyPair":{"pubKey":"BdbRiX3hqTAehQ/6Xmlo0+x+qG4Xsf2RGsI8RZ9M6jMP","privKey":"mN4UzTnAETScPdbhsBUbX/JBjMdwR7ZAgPB5nU3TT1Y="},"lastRemoteEphemeralKey":"BcM4mxK3tuAu5JybsuqoVQPlo8gKxEZ7UXcsTo1RfYkM","previousCounter":0,"rootKey":"+BELYhiF7UcK5BjVe1hLVTGcR24xqavM8OTzw0d4V64="},"indexInfo":{"baseKey":"BWqQKysEeSBmiRafkpSPMWgVw2fZ5qotbWM5pZeTZop5","baseKeyType":1,"closed":-1,"used":1729615279154,"created":1729615279154,"remoteIdentityKey":"BZ+Ga2wCRKZQs56HUYDrypJgAy2K/gIxsJ1GIH9bBSZT"},"_chains":{"BdbRiX3hqTAehQ/6Xmlo0+x+qG4Xsf2RGsI8RZ9M6jMP":{"chainKey":{"counter":0,"key":"Y/VRDueXNRz3MLkGAL0e6CKAU7Mub4xg9t3O6LN7c+4="},"chainType":1,"messageKeys":{}}},"pendingPreKey":{"signedKeyId":1,"baseKey":"BWqQKysEeSBmiRafkpSPMWgVw2fZ5qotbWM5pZeTZop5"}}},"version":"v1"}