{"_sessions":{"BW468/ZLGbgDdWomJ3BkZgAxC/xtmRch4S5RU96wfYt7":{"registrationId":2126716824,"currentRatchet":{"ephemeralKeyPair":{"pubKey":"Be9OByRBME0ftE1GBA5Cf+As0vZDAulL61haQi1k7el9","privKey":"WNP9W0lNlvcPdTBeCyOXWqh7cmVJXOrMMA70QgkqCkg="},"lastRemoteEphemeralKey":"BZ/UTPCWDMPka6o1QzIwEeIbyvSBRCmLNNbbciaLH+MV","previousCounter":0,"rootKey":"6++WJY0ASMF+M7iV1T4Ez8U1MZifLRzvmZhb4flGuzI="},"indexInfo":{"baseKey":"BW468/ZLGbgDdWomJ3BkZgAxC/xtmRch4S5RU96wfYt7","baseKeyType":1,"closed":-1,"used":1729609441460,"created":1729609441460,"remoteIdentityKey":"BQCCI/cnf2DPUVNJkTu27p8UpoEfixqvblHgQOPnE4kD"},"_chains":{"Be9OByRBME0ftE1GBA5Cf+As0vZDAulL61haQi1k7el9":{"chainKey":{"counter":0,"key":"lHdkdjmuMxanopaPng+O5XmzJjba2grlYTrO35wUEpI="},"chainType":1,"messageKeys":{}}},"pendingPreKey":{"signedKeyId":2,"baseKey":"BW468/ZLGbgDdWomJ3BkZgAxC/xtmRch4S5RU96wfYt7","preKeyId":13029614}}},"version":"v1"}