{"_sessions":{"Bc1Fqr5VxlXLz8Zk6uZIj8cI2T6dCTpItlt4BpC4kvUE":{"registrationId":2,"currentRatchet":{"ephemeralKeyPair":{"pubKey":"BXyr8px22T3KJCQKNOIvHzuo5kU7KkqPKvIgHqnG3Ko7","privKey":"QBPUDbPrxW8iwxKnCkViGLrNWrfrmN0YcUy4h1hnY3o="},"lastRemoteEphemeralKey":"BQVZwALrs1wXk603X3Aj+oZ9rS1bginskFuS9KTUQuFU","previousCounter":0,"rootKey":"B6YmJ/UzLoFmXHvfwDjFARkP7My68wc8/3d9vPwfmBw="},"indexInfo":{"baseKey":"Bc1Fqr5VxlXLz8Zk6uZIj8cI2T6dCTpItlt4BpC4kvUE","baseKeyType":1,"closed":1729221852311,"used":1729221103416,"created":1729221103416,"remoteIdentityKey":"BUzJzr/O4v6dJz5h8KejMMQBIhKfs37zAdRZXgdgW0M8"},"_chains":{"BXyr8px22T3KJCQKNOIvHzuo5kU7KkqPKvIgHqnG3Ko7":{"chainKey":{"counter":0,"key":"s94o0m7qxhP1WM/Y8ZcSs6MhPDP1weCj9CxeYzgPoR4="},"chainType":1,"messageKeys":{}}},"pendingPreKey":{"signedKeyId":1,"baseKey":"Bc1Fqr5VxlXLz8Zk6uZIj8cI2T6dCTpItlt4BpC4kvUE","preKeyId":98}},"BQyHINgQEh11V1wkXjDlwMy8vYzEPiVKkecIR8xkCXIr":{"registrationId":2,"currentRatchet":{"ephemeralKeyPair":{"pubKey":"Bazd9PMRd9hqC5iPNndI5RSCdyMBcpTvJhuXv9+rzZsE","privKey":"WKDzqR4eG7krDkW4suB82mOvxUbWxy11s+JEW16x5H0="},"lastRemoteEphemeralKey":"Bdj8o0WAe86ukIV0gB+wb8+fhIHJWGJBY1S9CpnIHHsX","previousCounter":1,"rootKey":"L8apYPh8I1PRCpAwMRQVEQ2v2DmFXuk5L6v2rK8ieA4="},"indexInfo":{"baseKey":"BQyHINgQEh11V1wkXjDlwMy8vYzEPiVKkecIR8xkCXIr","baseKeyType":1,"closed":-1,"used":1729223292291,"created":1729221852307,"remoteIdentityKey":"BUzJzr/O4v6dJz5h8KejMMQBIhKfs37zAdRZXgdgW0M8"},"_chains":{"Bdj8o0WAe86ukIV0gB+wb8+fhIHJWGJBY1S9CpnIHHsX":{"chainKey":{"counter":0,"key":"iLukAPcBVXNdpaWIvSVOQD7ghmP43BUo5z489+XR9Nc="},"chainType":2,"messageKeys":{}},"Bazd9PMRd9hqC5iPNndI5RSCdyMBcpTvJhuXv9+rzZsE":{"chainKey":{"counter":6,"key":"1wS4TRi7YSIR2KsYPW39aJ6h+Wg+HGPu18wOW/L9L80="},"chainType":1,"messageKeys":{}}}}},"version":"v1"}