{"_sessions":{"BZ7mDocNuReG8KMuqwVOIvvV3NjIRXehnn3ev3oOSTEW":{"registrationId":176,"currentRatchet":{"ephemeralKeyPair":{"pubKey":"BZ5+8q2I8bOlT14Bkxp38HWWO0R/KcmCjO9ppt3Gdqpd","privKey":"aOhV/CNbn6o3B5xkjMGUXf9h+PtTwB7eMb57eCn6Vmc="},"lastRemoteEphemeralKey":"BT+sdacYpz1fL6aHhQXh+/44TVcDyMn5PLNbkcUydA1V","previousCounter":0,"rootKey":"HuY6eEBswLQhw8SkfRUEVJFIK0H3PTWvAnTCOQkeZ8U="},"indexInfo":{"baseKey":"BZ7mDocNuReG8KMuqwVOIvvV3NjIRXehnn3ev3oOSTEW","baseKeyType":1,"closed":1729506167945,"used":1729506099644,"created":1729506099644,"remoteIdentityKey":"BeQFDviycV0PPX1zmmlf7dzBGPzNDfSnCOBxF9GGd0ke"},"_chains":{"BZ5+8q2I8bOlT14Bkxp38HWWO0R/KcmCjO9ppt3Gdqpd":{"chainKey":{"counter":12,"key":"ve8EapY19GrL9n2wKvPsFwbif6Bjkb3/VzstAsF1oGw="},"chainType":1,"messageKeys":{}}},"pendingPreKey":{"signedKeyId":1,"baseKey":"BZ7mDocNuReG8KMuqwVOIvvV3NjIRXehnn3ev3oOSTEW","preKeyId":30}},"BctikubR/87AGfj3tXZU2gVqPZ5VVYOn1B+92jA2FThU":{"registrationId":176,"currentRatchet":{"ephemeralKeyPair":{"pubKey":"BWMN2g+CmSYLOvKEM3lw5e38HSWuTU1SVpcj5lKJkEVg","privKey":"SL1i/hCKN6VSDMl96t+pfVGKUmbB+NGgiFwnrae2CmU="},"lastRemoteEphemeralKey":"BT+sdacYpz1fL6aHhQXh+/44TVcDyMn5PLNbkcUydA1V","previousCounter":0,"rootKey":"paBbzx4acoBJ3yO/0FZ1+6nRIRlfD1DPuCflKsW5flE="},"indexInfo":{"baseKey":"BctikubR/87AGfj3tXZU2gVqPZ5VVYOn1B+92jA2FThU","baseKeyType":1,"closed":1729506177846,"used":1729506167937,"created":1729506167937,"remoteIdentityKey":"BeQFDviycV0PPX1zmmlf7dzBGPzNDfSnCOBxF9GGd0ke"},"_chains":{"BWMN2g+CmSYLOvKEM3lw5e38HSWuTU1SVpcj5lKJkEVg":{"chainKey":{"counter":0,"key":"un3dBiVM2cEDJnnviK84086A61lJzqMY0HxfpsgmuuM="},"chainType":1,"messageKeys":{}}},"pendingPreKey":{"signedKeyId":1,"baseKey":"BctikubR/87AGfj3tXZU2gVqPZ5VVYOn1B+92jA2FThU","preKeyId":18}},"BbqyinUedZ0YHrt148LwxTbvhHlPiXKzQFBK/HCGRTES":{"registrationId":176,"currentRatchet":{"ephemeralKeyPair":{"pubKey":"BaefoLZuVsConcHzP+YWfYx+tz/0TOVz6mrhdEnUtDhE","privKey":"4NZAgkHwHlPCyt+LtuxECKycrVWDc49Vwo1hoZb7f34="},"lastRemoteEphemeralKey":"BT+sdacYpz1fL6aHhQXh+/44TVcDyMn5PLNbkcUydA1V","previousCounter":0,"rootKey":"9Cngl9Ui9OP0EfwjYQDfiYwo9x/l0TFeG/qE7/GYvQo="},"indexInfo":{"baseKey":"BbqyinUedZ0YHrt148LwxTbvhHlPiXKzQFBK/HCGRTES","baseKeyType":1,"closed":-1,"used":1729506177827,"created":1729506177827,"remoteIdentityKey":"BeQFDviycV0PPX1zmmlf7dzBGPzNDfSnCOBxF9GGd0ke"},"_chains":{"BaefoLZuVsConcHzP+YWfYx+tz/0TOVz6mrhdEnUtDhE":{"chainKey":{"counter":41,"key":"OK3a/przuWwwFJVWt+2u767Fxrncr57YmN15HdJlNlY="},"chainType":1,"messageKeys":{}}},"pendingPreKey":{"signedKeyId":1,"baseKey":"BbqyinUedZ0YHrt148LwxTbvhHlPiXKzQFBK/HCGRTES","preKeyId":29}}},"version":"v1"}