{"_sessions":{"BbMlbMgCFvle+DIPnAbXtHq4hSWcivpGGDrLAs4SiW5o":{"registrationId":183,"currentRatchet":{"ephemeralKeyPair":{"pubKey":"Bbh3/IRLCJutpJyjNVqsKsNXAU2oLv5x7ixm0CX7b5FV","privKey":"0EjByVmbReOSltg39EQ+1pAo9376sc71UyNon0ZOX1s="},"lastRemoteEphemeralKey":"BVv2zw7arhjONSCM73YqHzmpb3dVmjHptEfHkrrp5OVp","previousCounter":0,"rootKey":"9t8kW2A5nbwHBruQAZ5wgCMB5BtTVA95imMMkePp6Xg="},"indexInfo":{"baseKey":"BbMlbMgCFvle+DIPnAbXtHq4hSWcivpGGDrLAs4SiW5o","baseKeyType":1,"closed":-1,"used":1729152933724,"created":1729152933724,"remoteIdentityKey":"Be0+zlr212iVsD0ySsjwI5FV+kChurpIEKCl5I56Ekw7"},"_chains":{"Bbh3/IRLCJutpJyjNVqsKsNXAU2oLv5x7ixm0CX7b5FV":{"chainKey":{"counter":1,"key":"MnkZs/nKvuy6T/2j0cUwufVfwdqRrN22fjKGWHQGMXc="},"chainType":1,"messageKeys":{}}},"pendingPreKey":{"signedKeyId":1,"baseKey":"BbMlbMgCFvle+DIPnAbXtHq4hSWcivpGGDrLAs4SiW5o","preKeyId":56}}},"version":"v1"}