{"_sessions":{"BZuAk7ltJMZzRzquJveu9LAtJmXnR1jCrg3qc1xb9+Nv":{"registrationId":92,"currentRatchet":{"ephemeralKeyPair":{"pubKey":"BVbkDt0uBtu6jO+GIYr57FczH7Qr56ddcjElWD20i65s","privKey":"4FPo7qTY0HY9kgZBWIVDI7iPDw/xg2CQ8f7fLqYdXUs="},"lastRemoteEphemeralKey":"BeJOU1K5LDhpVb63bcMz4V7jjdWgTmJZLObS38R4VzdA","previousCounter":0,"rootKey":"DR3qsCsVUSiKfSGGxwSsFishKEtiREkmbRKrq5lsA/M="},"indexInfo":{"baseKey":"BZuAk7ltJMZzRzquJveu9LAtJmXnR1jCrg3qc1xb9+Nv","baseKeyType":1,"closed":-1,"used":1729222944326,"created":1729222944326,"remoteIdentityKey":"BaesLnOUBV8VxoaE2MJKmQSjWMpx/Q65EZjqUy0SH1hf"},"_chains":{"BVbkDt0uBtu6jO+GIYr57FczH7Qr56ddcjElWD20i65s":{"chainKey":{"counter":7,"key":"oBBxm0II6uCYYr56Y9bAiqG5xGj0YRgh2wBCWKVCnDE="},"chainType":1,"messageKeys":{}}},"pendingPreKey":{"signedKeyId":1,"baseKey":"BZuAk7ltJMZzRzquJveu9LAtJmXnR1jCrg3qc1xb9+Nv"}}},"version":"v1"}