{"_sessions":{"BeVbDB0vsSy1mafIl0mtr30LcprPIeymLalfFEJRkDp/":{"registrationId":73,"currentRatchet":{"ephemeralKeyPair":{"pubKey":"BaDEAHWK6k2fAg2cP3tYl8eB02Cj93bbI9nBxDGtHd5g","privKey":"aPMzjoVPmTyXLyUL6R3ANRedC35DTGdNtM1Ep0bZkEY="},"lastRemoteEphemeralKey":"BWHOG7tPm3n2g4UwN7vAEHopCugxgXZPLZQYc4DKTSNx","previousCounter":0,"rootKey":"22VyKUqZUzR12XsFfxLIeey3X5nDTdMher500yl02tc="},"indexInfo":{"baseKey":"BeVbDB0vsSy1mafIl0mtr30LcprPIeymLalfFEJRkDp/","baseKeyType":1,"closed":-1,"used":1729506099650,"created":1729506099650,"remoteIdentityKey":"BSQjtlMYr/k6MDN7LQw/eJLrE8cPbQSYlfzDs9aTz8UG"},"_chains":{"BaDEAHWK6k2fAg2cP3tYl8eB02Cj93bbI9nBxDGtHd5g":{"chainKey":{"counter":44,"key":"VcMMRJlytnPYrvDVygqOafMPonQfA91R8o9WfdfqD3E="},"chainType":1,"messageKeys":{}}},"pendingPreKey":{"signedKeyId":1,"baseKey":"BeVbDB0vsSy1mafIl0mtr30LcprPIeymLalfFEJRkDp/"}}},"version":"v1"}