{"_sessions":{"BYpHUDuFExIzc35RGBPYUmCrmFJ+7prtYt9fhiEW75dV":{"registrationId":174,"currentRatchet":{"ephemeralKeyPair":{"pubKey":"BToWOTl7bNpOwuJ2IGwd2pm+qs85jyb+KGfoFTi/ff0E","privKey":"eCYfs2+B8kTMs9w7yh3YvUGFU4hQHxCHQHcm8Ob+vW4="},"lastRemoteEphemeralKey":"Bb3BXErxikWhRmyY2TNeQlxc7qOY2hC9eSHhSCnsvQ8w","previousCounter":0,"rootKey":"TFJmPjM65Xzc3JxDLpDqsHtx1AV1jbehc2LopaHDvTI="},"indexInfo":{"baseKey":"BYpHUDuFExIzc35RGBPYUmCrmFJ+7prtYt9fhiEW75dV","baseKeyType":1,"closed":-1,"used":1729152933714,"created":1729152933714,"remoteIdentityKey":"BYN5w2QWZP4sKINYdvFNg44JxU3eHVRefQd9WdePHBl9"},"_chains":{"BToWOTl7bNpOwuJ2IGwd2pm+qs85jyb+KGfoFTi/ff0E":{"chainKey":{"counter":17,"key":"9GZD1oUpUDD1QjkE8IB5oEIchWzpfjagPGgFpVUWZy4="},"chainType":1,"messageKeys":{}}},"pendingPreKey":{"signedKeyId":1,"baseKey":"BYpHUDuFExIzc35RGBPYUmCrmFJ+7prtYt9fhiEW75dV"}}},"version":"v1"}