{"_sessions":{"BeC6e1y8xLAda12gjwoGleBKoTqOHW62BTPMJfHpHBYz":{"registrationId":873369567,"currentRatchet":{"ephemeralKeyPair":{"pubKey":"BbTW8HQOaDtwbO1dTt8YSQxikRxbPL8FyevrZkjH8EdV","privKey":"UBjjV0iv6FeZtJ2p3k+clpn493TbKkyafIugj17tPXM="},"lastRemoteEphemeralKey":"BYpFc7WbSe4wDMCJW6puVWKde9iCrsnCoPMQlW0A8VEx","previousCounter":0,"rootKey":"MtNL1DZcSU4CbDtDuzooaDl4aRGdfxFJvo+w4zduUj0="},"indexInfo":{"baseKey":"BeC6e1y8xLAda12gjwoGleBKoTqOHW62BTPMJfHpHBYz","baseKeyType":1,"closed":1729688390106,"used":1728836391924,"created":1728836391924,"remoteIdentityKey":"BUVhGRADOaz+ptCqyiLMzEcHxbTOMssA8NGtwOfrzvVe"},"_chains":{"BbTW8HQOaDtwbO1dTt8YSQxikRxbPL8FyevrZkjH8EdV":{"chainKey":{"counter":167,"key":"D1ma23XrIO1j76nK6yHtNx43rsYiiZLndKgJBgPNaTA="},"chainType":1,"messageKeys":{}}},"pendingPreKey":{"signedKeyId":0,"baseKey":"BeC6e1y8xLAda12gjwoGleBKoTqOHW62BTPMJfHpHBYz","preKeyId":6501472}},"BWU9AePEISy+LIbXAx34UfayxWBzl5ATCpH+ww0sEnsI":{"registrationId":873369567,"currentRatchet":{"ephemeralKeyPair":{"pubKey":"BQspNVAuDw1AyhN1YC/iGYniIHD7UofSnVZizh2XBeYo","privKey":"CIHSQl1Lh5I/4ZeLgUbQ5ChhdVNxcd4/i6PooIMM02c="},"lastRemoteEphemeralKey":"BYpFc7WbSe4wDMCJW6puVWKde9iCrsnCoPMQlW0A8VEx","previousCounter":0,"rootKey":"aH+r5iDtahtQgO2OYbtvcCl0S150vuvjp26mqx8e8BE="},"indexInfo":{"baseKey":"BWU9AePEISy+LIbXAx34UfayxWBzl5ATCpH+ww0sEnsI","baseKeyType":1,"closed":1729688390376,"used":1729688390070,"created":1729688390070,"remoteIdentityKey":"BUVhGRADOaz+ptCqyiLMzEcHxbTOMssA8NGtwOfrzvVe"},"_chains":{"BQspNVAuDw1AyhN1YC/iGYniIHD7UofSnVZizh2XBeYo":{"chainKey":{"counter":-1,"key":"WKBX8yb6bFiAo0dFOPhtx20X3sD4gJPm5TifBEoVNYM="},"chainType":1,"messageKeys":{}}},"pendingPreKey":{"signedKeyId":0,"baseKey":"BWU9AePEISy+LIbXAx34UfayxWBzl5ATCpH+ww0sEnsI","preKeyId":6501316}},"BSECTE74DPs/fsXWw/88w3Pry59VLAGgKQYMWENWjiY1":{"registrationId":873369567,"currentRatchet":{"ephemeralKeyPair":{"pubKey":"BRq9UtOofxuipnj4wKmAMG+bYh7avgCP8/hHw3o1rMEz","privKey":"IBRlCs9cDVfshi7Yx0T7M/cZz70IxaoHENUTHxBFsWQ="},"lastRemoteEphemeralKey":"BYpFc7WbSe4wDMCJW6puVWKde9iCrsnCoPMQlW0A8VEx","previousCounter":0,"rootKey":"1gw1ZBpD2JQ9Zq0xAhYB9Y2b9RJqhFt3fRmhX8uPf6A="},"indexInfo":{"baseKey":"BSECTE74DPs/fsXWw/88w3Pry59VLAGgKQYMWENWjiY1","baseKeyType":1,"closed":1729688390659,"used":1729688390359,"created":1729688390359,"remoteIdentityKey":"BUVhGRADOaz+ptCqyiLMzEcHxbTOMssA8NGtwOfrzvVe"},"_chains":{"BRq9UtOofxuipnj4wKmAMG+bYh7avgCP8/hHw3o1rMEz":{"chainKey":{"counter":-1,"key":"eLV5BcEvcZtp9SA1GmWGfOouJ6Ud5X0T2qPzL8r4rDU="},"chainType":1,"messageKeys":{}}},"pendingPreKey":{"signedKeyId":0,"baseKey":"BSECTE74DPs/fsXWw/88w3Pry59VLAGgKQYMWENWjiY1","preKeyId":6501293}},"BcFRsqEjLZX1czgMBEetiN4c7v8B8EFLibsXkCvBhYk/":{"registrationId":873369567,"currentRatchet":{"ephemeralKeyPair":{"pubKey":"BZzoa5k9WxIm3h6fL0WqKooSyiD0p8FBX5OZQwXFLgV1","privKey":"OE5gDjShAD4Y4+E2vI5upK8eHQovoKDiglDfxE56/mM="},"lastRemoteEphemeralKey":"BYpFc7WbSe4wDMCJW6puVWKde9iCrsnCoPMQlW0A8VEx","previousCounter":0,"rootKey":"AjgRZztOonJbB7dEdnq/CquPQilX6n+u9mBy0eKzoJE="},"indexInfo":{"baseKey":"BcFRsqEjLZX1czgMBEetiN4c7v8B8EFLibsXkCvBhYk/","baseKeyType":1,"closed":1729688390940,"used":1729688390629,"created":1729688390629,"remoteIdentityKey":"BUVhGRADOaz+ptCqyiLMzEcHxbTOMssA8NGtwOfrzvVe"},"_chains":{"BZzoa5k9WxIm3h6fL0WqKooSyiD0p8FBX5OZQwXFLgV1":{"chainKey":{"counter":-1,"key":"E7AHx+H/4MDX3K1G/0AyHDbg6plsFYPxYaZdit2lEbw="},"chainType":1,"messageKeys":{}}},"pendingPreKey":{"signedKeyId":0,"baseKey":"BcFRsqEjLZX1czgMBEetiN4c7v8B8EFLibsXkCvBhYk/","preKeyId":6501342}},"BYy9ouoFA+7tTU+LeAZ1r+AjLtoeqSc5+kFhRUwgvfV6":{"registrationId":873369567,"currentRatchet":{"ephemeralKeyPair":{"pubKey":"BV4GQZpMgA4UM6HmDuaXuxXVG4i7h1Phyg6fBRqzs7wV","privKey":"IPfUsgTHAxhuN/iKjoIr+WIhLAw+bjNwvHCd8HTbwEw="},"lastRemoteEphemeralKey":"BYpFc7WbSe4wDMCJW6puVWKde9iCrsnCoPMQlW0A8VEx","previousCounter":0,"rootKey":"CBmK5sj0ZfyJqKydD6lXN0r+U13cInh73UCUPb2RZV8="},"indexInfo":{"baseKey":"BYy9ouoFA+7tTU+LeAZ1r+AjLtoeqSc5+kFhRUwgvfV6","baseKeyType":1,"closed":1729688391208,"used":1729688390917,"created":1729688390917,"remoteIdentityKey":"BUVhGRADOaz+ptCqyiLMzEcHxbTOMssA8NGtwOfrzvVe"},"_chains":{"BV4GQZpMgA4UM6HmDuaXuxXVG4i7h1Phyg6fBRqzs7wV":{"chainKey":{"counter":-1,"key":"dE6b8s0sIjGNld/2mwNaGX8zaikTKOxcpaaXM2g6s8M="},"chainType":1,"messageKeys":{}}},"pendingPreKey":{"signedKeyId":0,"baseKey":"BYy9ouoFA+7tTU+LeAZ1r+AjLtoeqSc5+kFhRUwgvfV6","preKeyId":6501636}},"BaGmDGUDDfk5c8uFeHGQQmQdcRIpGM5A1uSkmUvGlwct":{"registrationId":873369567,"currentRatchet":{"ephemeralKeyPair":{"pubKey":"BQPWB3gI17WA1BN0RfSQXTzZ0R90LiBAySt4LECGfqRD","privKey":"MKssgRkoVgdeatPhAOZS7aLAF9e1zFPSbya9x+2shEg="},"lastRemoteEphemeralKey":"BYpFc7WbSe4wDMCJW6puVWKde9iCrsnCoPMQlW0A8VEx","previousCounter":0,"rootKey":"nTfS6/+siOuVv7xnyIcH4G3fPqG4HkzYszArXp/jCgM="},"indexInfo":{"baseKey":"BaGmDGUDDfk5c8uFeHGQQmQdcRIpGM5A1uSkmUvGlwct","baseKeyType":1,"closed":1729688391472,"used":1729688391201,"created":1729688391201,"remoteIdentityKey":"BUVhGRADOaz+ptCqyiLMzEcHxbTOMssA8NGtwOfrzvVe"},"_chains":{"BQPWB3gI17WA1BN0RfSQXTzZ0R90LiBAySt4LECGfqRD":{"chainKey":{"counter":-1,"key":"Nw5IB1Eey2XjSCMhXV4j3g6Ej9Y6rAJAAHLrzK7YVR8="},"chainType":1,"messageKeys":{}}},"pendingPreKey":{"signedKeyId":0,"baseKey":"BaGmDGUDDfk5c8uFeHGQQmQdcRIpGM5A1uSkmUvGlwct","preKeyId":6501381}},"BSLBWR6Lzqj2cDipkleH10mlmkV/zicX1pP0o/DHicsz":{"registrationId":873369567,"currentRatchet":{"ephemeralKeyPair":{"pubKey":"BVr7AJX4YdlSJOj9WWyIl8hlKi2OG/nzkixaMkVSx4Y5","privKey":"wGdU83h6/Q5Co4XfCybeV3TeZ5z4JgwlwW+X/6ji82Q="},"lastRemoteEphemeralKey":"BYpFc7WbSe4wDMCJW6puVWKde9iCrsnCoPMQlW0A8VEx","previousCounter":0,"rootKey":"pinLyCIPEIUWm+EjZ2LLVH7+h6wcssV4oalhskIwe1A="},"indexInfo":{"baseKey":"BSLBWR6Lzqj2cDipkleH10mlmkV/zicX1pP0o/DHicsz","baseKeyType":1,"closed":1729688391829,"used":1729688391462,"created":1729688391462,"remoteIdentityKey":"BUVhGRADOaz+ptCqyiLMzEcHxbTOMssA8NGtwOfrzvVe"},"_chains":{"BVr7AJX4YdlSJOj9WWyIl8hlKi2OG/nzkixaMkVSx4Y5":{"chainKey":{"counter":-1,"key":"fBf3IBMyjpsO1yjkgw8aBt0i0Z3chABLwWGFw7TMSDA="},"chainType":1,"messageKeys":{}}},"pendingPreKey":{"signedKeyId":0,"baseKey":"BSLBWR6Lzqj2cDipkleH10mlmkV/zicX1pP0o/DHicsz","preKeyId":6501047}},"BSR5h1URcIAGvaY620zqIQMich7/emWwxtFRUrM8HDA3":{"registrationId":873369567,"currentRatchet":{"ephemeralKeyPair":{"pubKey":"BSUJnfAJ6ZUuxgDesl9OCLlAqSjXqt1Ppfa6Z/rehpl4","privKey":"KDTgWJT2Std2qrI2HCgivusXOdBqKIUNI2H1MwCWYWs="},"lastRemoteEphemeralKey":"BYpFc7WbSe4wDMCJW6puVWKde9iCrsnCoPMQlW0A8VEx","previousCounter":0,"rootKey":"GBpNZuu0Cp0PwB5XVyPuEmED0WBkBO80SVOUTnrs3Og="},"indexInfo":{"baseKey":"BSR5h1URcIAGvaY620zqIQMich7/emWwxtFRUrM8HDA3","baseKeyType":1,"closed":1729688392122,"used":1729688391728,"created":1729688391728,"remoteIdentityKey":"BUVhGRADOaz+ptCqyiLMzEcHxbTOMssA8NGtwOfrzvVe"},"_chains":{"BSUJnfAJ6ZUuxgDesl9OCLlAqSjXqt1Ppfa6Z/rehpl4":{"chainKey":{"counter":-1,"key":"7mY63ibcmfJ78GE8ZLZPRbO9NsrIewuHB5pjddWwInE="},"chainType":1,"messageKeys":{}}},"pendingPreKey":{"signedKeyId":0,"baseKey":"BSR5h1URcIAGvaY620zqIQMich7/emWwxtFRUrM8HDA3","preKeyId":6501075}},"BXEbkL+pp2S4nzEp6LTGSZbEBxX3s68xlecn3/z1u5hw":{"registrationId":873369567,"currentRatchet":{"ephemeralKeyPair":{"pubKey":"BUw9mcj1LFSYRIy/Kl9vYoEx+p9s4qUbJl2xam9eYI98","privKey":"yCuNqKgV6rfL3cB1lW/GG9jAmBgLkq2psR/zDVh41k4="},"lastRemoteEphemeralKey":"BYpFc7WbSe4wDMCJW6puVWKde9iCrsnCoPMQlW0A8VEx","previousCounter":0,"rootKey":"l60K9y61feNsdIDld+BSr/ED22zkwxVoTDoCtm6ppbU="},"indexInfo":{"baseKey":"BXEbkL+pp2S4nzEp6LTGSZbEBxX3s68xlecn3/z1u5hw","baseKeyType":1,"closed":1729688392384,"used":1729688392109,"created":1729688392109,"remoteIdentityKey":"BUVhGRADOaz+ptCqyiLMzEcHxbTOMssA8NGtwOfrzvVe"},"_chains":{"BUw9mcj1LFSYRIy/Kl9vYoEx+p9s4qUbJl2xam9eYI98":{"chainKey":{"counter":-1,"key":"4r2KOknA8unaf5N2qg1jtCyiAvhrESYCi9yHoo5EesI="},"chainType":1,"messageKeys":{}}},"pendingPreKey":{"signedKeyId":0,"baseKey":"BXEbkL+pp2S4nzEp6LTGSZbEBxX3s68xlecn3/z1u5hw","preKeyId":6501039}},"BfBQcMtOeonxEDMo+wh2H1PDCnyfJ27+6bA0hNFt4xgn":{"registrationId":873369567,"currentRatchet":{"ephemeralKeyPair":{"pubKey":"BYQubD1fqyqUkcCSAoEvLQ76Et8WM46vmx6q1Mpa5KpS","privKey":"uLsxps4zhfcRjk5GhVEw7B77I0Pbf4rMRvF5UFaPCHc="},"lastRemoteEphemeralKey":"BYpFc7WbSe4wDMCJW6puVWKde9iCrsnCoPMQlW0A8VEx","previousCounter":0,"rootKey":"kbzSVeZ/vzu20GGUybCrOEMSbX9M+fuY/ZpW5PM/Zmc="},"indexInfo":{"baseKey":"BfBQcMtOeonxEDMo+wh2H1PDCnyfJ27+6bA0hNFt4xgn","baseKeyType":1,"closed":1729688392659,"used":1729688392375,"created":1729688392375,"remoteIdentityKey":"BUVhGRADOaz+ptCqyiLMzEcHxbTOMssA8NGtwOfrzvVe"},"_chains":{"BYQubD1fqyqUkcCSAoEvLQ76Et8WM46vmx6q1Mpa5KpS":{"chainKey":{"counter":-1,"key":"+Dy4Jluqrk89o0/+5GWqnhXvqnCZoS4CeXVSg6JYB8c="},"chainType":1,"messageKeys":{}}},"pendingPreKey":{"signedKeyId":0,"baseKey":"BfBQcMtOeonxEDMo+wh2H1PDCnyfJ27+6bA0hNFt4xgn","preKeyId":6501105}},"BZBsAfViyNmJAxtTD+1UZMuae7G1dUb0I22q+nFB9BVV":{"registrationId":873369567,"currentRatchet":{"ephemeralKeyPair":{"pubKey":"BbQOgXvP2TqGn2N6RNofmLp/NDtjVdwgmtOZ1bu4+885","privKey":"0HfZ0GofjpQW++FjxSxm4vLu0hFLLJdJWlzHud83z3k="},"lastRemoteEphemeralKey":"BYpFc7WbSe4wDMCJW6puVWKde9iCrsnCoPMQlW0A8VEx","previousCounter":0,"rootKey":"r9TiTHhyZOZhXTuP18gX0hf/FjdyF4GKKJ4/CwMTzHg="},"indexInfo":{"baseKey":"BZBsAfViyNmJAxtTD+1UZMuae7G1dUb0I22q+nFB9BVV","baseKeyType":1,"closed":1729688392930,"used":1729688392632,"created":1729688392632,"remoteIdentityKey":"BUVhGRADOaz+ptCqyiLMzEcHxbTOMssA8NGtwOfrzvVe"},"_chains":{"BbQOgXvP2TqGn2N6RNofmLp/NDtjVdwgmtOZ1bu4+885":{"chainKey":{"counter":-1,"key":"lqBZfANIZ2aIEVFL5QL5G3Cfv7hw4kojGEwZP4DBgcw="},"chainType":1,"messageKeys":{}}},"pendingPreKey":{"signedKeyId":0,"baseKey":"BZBsAfViyNmJAxtTD+1UZMuae7G1dUb0I22q+nFB9BVV","preKeyId":6500821}},"BU5+DJRqxBELNmlj0ai5I+gtAluk2nqaB2ClZglOrlRN":{"registrationId":873369567,"currentRatchet":{"ephemeralKeyPair":{"pubKey":"BemiQA8ZMCSDbOYOyn0StSagk9UgWKUb/095pZx1M+Vu","privKey":"8BI+ZN5iAeTSSxEjZ9LsLitiwyfbokbX2EG+yhNdwGg="},"lastRemoteEphemeralKey":"BYpFc7WbSe4wDMCJW6puVWKde9iCrsnCoPMQlW0A8VEx","previousCounter":0,"rootKey":"br20QX/wQybuxSFIKqSwukmeGX83Nw+O5kIgLTeHuhA="},"indexInfo":{"baseKey":"BU5+DJRqxBELNmlj0ai5I+gtAluk2nqaB2ClZglOrlRN","baseKeyType":1,"closed":1729688393198,"used":1729688392918,"created":1729688392918,"remoteIdentityKey":"BUVhGRADOaz+ptCqyiLMzEcHxbTOMssA8NGtwOfrzvVe"},"_chains":{"BemiQA8ZMCSDbOYOyn0StSagk9UgWKUb/095pZx1M+Vu":{"chainKey":{"counter":-1,"key":"SUiyT3/AJVYWNKdfwqhrOeoPTtgb8ZaGXoqSG03J7T8="},"chainType":1,"messageKeys":{}}},"pendingPreKey":{"signedKeyId":0,"baseKey":"BU5+DJRqxBELNmlj0ai5I+gtAluk2nqaB2ClZglOrlRN","preKeyId":6501311}},"BRmCRkU/7QiWw2T3DSW9dJfO4RoJnvgy4/tbVi3O+H0R":{"registrationId":873369567,"currentRatchet":{"ephemeralKeyPair":{"pubKey":"BZhuqDspJ+fv1ES9TUHDQjzBoCfj7Cd9RjwaB/HnWz9C","privKey":"QOhLGcRh8RWuXj7iAsXrM4nSTqmrM564TQCOm7BnNGc="},"lastRemoteEphemeralKey":"BYpFc7WbSe4wDMCJW6puVWKde9iCrsnCoPMQlW0A8VEx","previousCounter":0,"rootKey":"t9qSKOnTrUGO8H6lPcrZR5f/X9s9g7ED48XKVYT+QsQ="},"indexInfo":{"baseKey":"BRmCRkU/7QiWw2T3DSW9dJfO4RoJnvgy4/tbVi3O+H0R","baseKeyType":1,"closed":1729688393465,"used":1729688393176,"created":1729688393176,"remoteIdentityKey":"BUVhGRADOaz+ptCqyiLMzEcHxbTOMssA8NGtwOfrzvVe"},"_chains":{"BZhuqDspJ+fv1ES9TUHDQjzBoCfj7Cd9RjwaB/HnWz9C":{"chainKey":{"counter":-1,"key":"v/6H70d9YvTwBT1p+2AF+3ZmaWk9DZ4aaG8wY3m31Us="},"chainType":1,"messageKeys":{}}},"pendingPreKey":{"signedKeyId":0,"baseKey":"BRmCRkU/7QiWw2T3DSW9dJfO4RoJnvgy4/tbVi3O+H0R","preKeyId":6501312}},"BVi3T80diuRSJMofunIttO50X01r+J5Sy4WzxAsF8Gp0":{"registrationId":873369567,"currentRatchet":{"ephemeralKeyPair":{"pubKey":"BQasRnfqZzwAV3syVXGe54S5a7w0ht5tuJi/YE2PrIsm","privKey":"iFScJqNf8hi3lh7mWPCaX9x2oQ4Tv3nH6Le9zBFOznI="},"lastRemoteEphemeralKey":"BYpFc7WbSe4wDMCJW6puVWKde9iCrsnCoPMQlW0A8VEx","previousCounter":0,"rootKey":"qPuW2CIFTID0TkGcyEl1tgP1ZAeUf+HTiWInlmxzvR0="},"indexInfo":{"baseKey":"BVi3T80diuRSJMofunIttO50X01r+J5Sy4WzxAsF8Gp0","baseKeyType":1,"closed":1729688393729,"used":1729688393447,"created":1729688393447,"remoteIdentityKey":"BUVhGRADOaz+ptCqyiLMzEcHxbTOMssA8NGtwOfrzvVe"},"_chains":{"BQasRnfqZzwAV3syVXGe54S5a7w0ht5tuJi/YE2PrIsm":{"chainKey":{"counter":-1,"key":"TCOh+xyr9gSKZe5YUseGZxvGefGxyWkdznfxFpv7PKg="},"chainType":1,"messageKeys":{}}},"pendingPreKey":{"signedKeyId":0,"baseKey":"BVi3T80diuRSJMofunIttO50X01r+J5Sy4WzxAsF8Gp0","preKeyId":6501465}},"BfNpufmnErtnYz/kerFAFZq/RKef8+Pyj369uJC0oEEQ":{"registrationId":873369567,"currentRatchet":{"ephemeralKeyPair":{"pubKey":"BeoEok+PSN7RRkAFIZ3VSOZ65o0a62O6t6jvUa7L1FQd","privKey":"aLa/e3wSEX42rR329+AKyv+GUcU3JfzkmAU9dsw3kXU="},"lastRemoteEphemeralKey":"BYpFc7WbSe4wDMCJW6puVWKde9iCrsnCoPMQlW0A8VEx","previousCounter":0,"rootKey":"z9dDjnGXgju56lH/HiLKXRP9SW7M1t0wl5MZTGsrjL0="},"indexInfo":{"baseKey":"BfNpufmnErtnYz/kerFAFZq/RKef8+Pyj369uJC0oEEQ","baseKeyType":1,"closed":1729688394107,"used":1729688393710,"created":1729688393710,"remoteIdentityKey":"BUVhGRADOaz+ptCqyiLMzEcHxbTOMssA8NGtwOfrzvVe"},"_chains":{"BeoEok+PSN7RRkAFIZ3VSOZ65o0a62O6t6jvUa7L1FQd":{"chainKey":{"counter":-1,"key":"tVNoyPSKY7X4vea/xP44otxINQERcAPkUQuuXV8UIUc="},"chainType":1,"messageKeys":{}}},"pendingPreKey":{"signedKeyId":0,"baseKey":"BfNpufmnErtnYz/kerFAFZq/RKef8+Pyj369uJC0oEEQ","preKeyId":6501040}},"BWMTQ3HwN5/M+8IZIBLrJwG3JSmsaUk4ybL3gR6IeYN2":{"registrationId":873369567,"currentRatchet":{"ephemeralKeyPair":{"pubKey":"BT5yTWzPw04Gd2PEN9+5J8e+u//wPPVfYwqODrX3125O","privKey":"0GZDQfxmkwNOmRWZ7kTxgboQTDevPxDQ9vZ5nTgwwHs="},"lastRemoteEphemeralKey":"BYpFc7WbSe4wDMCJW6puVWKde9iCrsnCoPMQlW0A8VEx","previousCounter":0,"rootKey":"6qMBQZfUM9Da7DL8h8b2h8OrQUY9cnpmm33MagOH9GM="},"indexInfo":{"baseKey":"BWMTQ3HwN5/M+8IZIBLrJwG3JSmsaUk4ybL3gR6IeYN2","baseKeyType":1,"closed":1729688394389,"used":1729688394081,"created":1729688394081,"remoteIdentityKey":"BUVhGRADOaz+ptCqyiLMzEcHxbTOMssA8NGtwOfrzvVe"},"_chains":{"BT5yTWzPw04Gd2PEN9+5J8e+u//wPPVfYwqODrX3125O":{"chainKey":{"counter":-1,"key":"N4EniKHdUirCU/BI4/AmsQQBB90zQ0nZ1ZYuCGbee0Y="},"chainType":1,"messageKeys":{}}},"pendingPreKey":{"signedKeyId":0,"baseKey":"BWMTQ3HwN5/M+8IZIBLrJwG3JSmsaUk4ybL3gR6IeYN2","preKeyId":6501367}},"BX3tkPuWXQuPUwxfFKXoQY+niy9C4naLYUpWw1HjVfFW":{"registrationId":873369567,"currentRatchet":{"ephemeralKeyPair":{"pubKey":"BbNMui08w/yDmz51F0YBeQZtHfugcL7Ag3RJzkgdIS0R","privKey":"wCg7puHvXoeesJ/3Ssn9EfTt1a4xOy1cwf4QB1jy8GY="},"lastRemoteEphemeralKey":"BYpFc7WbSe4wDMCJW6puVWKde9iCrsnCoPMQlW0A8VEx","previousCounter":0,"rootKey":"Hv8L9V422IMLGeiRPCc8RATickP4fMXz3IDXOyVlnuM="},"indexInfo":{"baseKey":"BX3tkPuWXQuPUwxfFKXoQY+niy9C4naLYUpWw1HjVfFW","baseKeyType":1,"closed":1729688394671,"used":1729688394364,"created":1729688394364,"remoteIdentityKey":"BUVhGRADOaz+ptCqyiLMzEcHxbTOMssA8NGtwOfrzvVe"},"_chains":{"BbNMui08w/yDmz51F0YBeQZtHfugcL7Ag3RJzkgdIS0R":{"chainKey":{"counter":-1,"key":"8YlU3Q8gKU8zACQhwYYl/k46b6FOeqM606SR3+Y7RkI="},"chainType":1,"messageKeys":{}}},"pendingPreKey":{"signedKeyId":0,"baseKey":"BX3tkPuWXQuPUwxfFKXoQY+niy9C4naLYUpWw1HjVfFW","preKeyId":6501097}},"BeD0QcLPWtuyu7V4wY9pY9aonecxI6pZfwbrjH6lTY4r":{"registrationId":873369567,"currentRatchet":{"ephemeralKeyPair":{"pubKey":"BXlh3dqkeN1m9GG0WW6Qe9zKBBuW3UndmiJHoNAwF2he","privKey":"0FUG5l51pdCKiw5yx9Z072XnCPxwKPyZfPwOP9aF/04="},"lastRemoteEphemeralKey":"BYpFc7WbSe4wDMCJW6puVWKde9iCrsnCoPMQlW0A8VEx","previousCounter":0,"rootKey":"BVpCfoZOlZqOaXjJYnph+Fj9htBtpDfRcLPn6WrsJLM="},"indexInfo":{"baseKey":"BeD0QcLPWtuyu7V4wY9pY9aonecxI6pZfwbrjH6lTY4r","baseKeyType":1,"closed":1729688394955,"used":1729688394650,"created":1729688394650,"remoteIdentityKey":"BUVhGRADOaz+ptCqyiLMzEcHxbTOMssA8NGtwOfrzvVe"},"_chains":{"BXlh3dqkeN1m9GG0WW6Qe9zKBBuW3UndmiJHoNAwF2he":{"chainKey":{"counter":-1,"key":"Vq11snkZ0jDK8rva6dMLtqEjtWazqtXj1wKKpQOais4="},"chainType":1,"messageKeys":{}}},"pendingPreKey":{"signedKeyId":0,"baseKey":"BeD0QcLPWtuyu7V4wY9pY9aonecxI6pZfwbrjH6lTY4r","preKeyId":6501344}},"BQv0nXW3evRkTva75DthjrDqp5B/BrI/Gy2RlmKSOIdC":{"registrationId":873369567,"currentRatchet":{"ephemeralKeyPair":{"pubKey":"BbCIE4qmOHIAwddYOy/jBShsxas4TYN8Hb+MdxYYnL1r","privKey":"WGy4evaxt83eVQuVwJOjZ8pQ0lxWXizWEX5/84Et20M="},"lastRemoteEphemeralKey":"BYpFc7WbSe4wDMCJW6puVWKde9iCrsnCoPMQlW0A8VEx","previousCounter":0,"rootKey":"n8ML8VORi9/hGkd7u0PjiznKYVImCGqYb7yERpl1doM="},"indexInfo":{"baseKey":"BQv0nXW3evRkTva75DthjrDqp5B/BrI/Gy2RlmKSOIdC","baseKeyType":1,"closed":1729688395244,"used":1729688394941,"created":1729688394941,"remoteIdentityKey":"BUVhGRADOaz+ptCqyiLMzEcHxbTOMssA8NGtwOfrzvVe"},"_chains":{"BbCIE4qmOHIAwddYOy/jBShsxas4TYN8Hb+MdxYYnL1r":{"chainKey":{"counter":-1,"key":"Uf5OMkbutl0kYrgVpwhRaxQg0PCCjzMPsw9GyLUtqwg="},"chainType":1,"messageKeys":{}}},"pendingPreKey":{"signedKeyId":0,"baseKey":"BQv0nXW3evRkTva75DthjrDqp5B/BrI/Gy2RlmKSOIdC","preKeyId":6501063}},"BSX/NejyN39bvtnBa8aMj4RPlpIv8DV2/I18ZQOrpVRZ":{"registrationId":873369567,"currentRatchet":{"ephemeralKeyPair":{"pubKey":"BW+PnoJO2S/QduHlySYNtFq92nUJVMxGGsQ94Dte3Vs1","privKey":"IPsPc9Pgdsy37i2uE1oPyP7txHSvcxQGi0/EAL2Bg24="},"lastRemoteEphemeralKey":"BYpFc7WbSe4wDMCJW6puVWKde9iCrsnCoPMQlW0A8VEx","previousCounter":0,"rootKey":"s2CfwAJdchZHsi00D2yvc8JEGyPEkt6fojVyYXVTL7c="},"indexInfo":{"baseKey":"BSX/NejyN39bvtnBa8aMj4RPlpIv8DV2/I18ZQOrpVRZ","baseKeyType":1,"closed":1729688395525,"used":1729688395230,"created":1729688395230,"remoteIdentityKey":"BUVhGRADOaz+ptCqyiLMzEcHxbTOMssA8NGtwOfrzvVe"},"_chains":{"BW+PnoJO2S/QduHlySYNtFq92nUJVMxGGsQ94Dte3Vs1":{"chainKey":{"counter":-1,"key":"z7ludfNP8KRASzjLr1gMw+ftZDNnOsDZU926+232qDw="},"chainType":1,"messageKeys":{}}},"pendingPreKey":{"signedKeyId":0,"baseKey":"BSX/NejyN39bvtnBa8aMj4RPlpIv8DV2/I18ZQOrpVRZ","preKeyId":6501339}},"BS7nIFeboVf+Y4h6jx1m8aE/KDOzoPygPo6+mtSrQXN6":{"registrationId":873369567,"currentRatchet":{"ephemeralKeyPair":{"pubKey":"BSxECyZDk3nwolWUGkEiQrXDkCOUKcVVPELqb6Asu8c1","privKey":"aI7jyi9NZ5i8/C2b58oFUA0wUg4EpkngaDa3jliQIn8="},"lastRemoteEphemeralKey":"BYpFc7WbSe4wDMCJW6puVWKde9iCrsnCoPMQlW0A8VEx","previousCounter":0,"rootKey":"79GHFGgNe+O5KIp8tds4ulyGmWf9LH6+86zMBwEp9es="},"indexInfo":{"baseKey":"BS7nIFeboVf+Y4h6jx1m8aE/KDOzoPygPo6+mtSrQXN6","baseKeyType":1,"closed":1729688395991,"used":1729688395504,"created":1729688395504,"remoteIdentityKey":"BUVhGRADOaz+ptCqyiLMzEcHxbTOMssA8NGtwOfrzvVe"},"_chains":{"BSxECyZDk3nwolWUGkEiQrXDkCOUKcVVPELqb6Asu8c1":{"chainKey":{"counter":-1,"key":"VYQANVnNc5QWgJ04bt1CQRYAG8St6p83YUfuNc2wvXA="},"chainType":1,"messageKeys":{}}},"pendingPreKey":{"signedKeyId":0,"baseKey":"BS7nIFeboVf+Y4h6jx1m8aE/KDOzoPygPo6+mtSrQXN6","preKeyId":6501271}},"BYEyJKcruUk0RlC/03xlofJxukDsgx/1i+JfGpjkj4dh":{"registrationId":873369567,"currentRatchet":{"ephemeralKeyPair":{"pubKey":"BdfBE6I7LEWLQzPDelxSHMCIHe7ljJVr2K/9Ndo5uhBd","privKey":"KGCLL0JQTduhjhmSmdBtpZEA6itOy9VgajshvNJOcV4="},"lastRemoteEphemeralKey":"BYpFc7WbSe4wDMCJW6puVWKde9iCrsnCoPMQlW0A8VEx","previousCounter":0,"rootKey":"C2OTgXRPOlA4MseB6Sd2BWmDoIZt0ltVREUYlc7JmS8="},"indexInfo":{"baseKey":"BYEyJKcruUk0RlC/03xlofJxukDsgx/1i+JfGpjkj4dh","baseKeyType":1,"closed":1729688396302,"used":1729688395965,"created":1729688395965,"remoteIdentityKey":"BUVhGRADOaz+ptCqyiLMzEcHxbTOMssA8NGtwOfrzvVe"},"_chains":{"BdfBE6I7LEWLQzPDelxSHMCIHe7ljJVr2K/9Ndo5uhBd":{"chainKey":{"counter":-1,"key":"4P2VNA1Z6zuBlLm9wt7DoLEl2qFfqrc+EoOUhKHvq8c="},"chainType":1,"messageKeys":{}}},"pendingPreKey":{"signedKeyId":0,"baseKey":"BYEyJKcruUk0RlC/03xlofJxukDsgx/1i+JfGpjkj4dh","preKeyId":6501418}},"BanRCyTzc3VfFQ1DNaIS22sL2X1lA4mKH9PeHHnF7KRl":{"registrationId":873369567,"currentRatchet":{"ephemeralKeyPair":{"pubKey":"BaSbCPm58jKWqfqvNVozhYoONxhK9Z1S3He182sE4N1J","privKey":"cMsEOWIqPuFrmbWPLdjSZbpmeKT/B2MOwkDSqTiOAl4="},"lastRemoteEphemeralKey":"BYpFc7WbSe4wDMCJW6puVWKde9iCrsnCoPMQlW0A8VEx","previousCounter":0,"rootKey":"l+EBOUSJH03dxr/rmgw4Otnq/eTeBKEkzxno74P4ReE="},"indexInfo":{"baseKey":"BanRCyTzc3VfFQ1DNaIS22sL2X1lA4mKH9PeHHnF7KRl","baseKeyType":1,"closed":1729688396681,"used":1729688396287,"created":1729688396287,"remoteIdentityKey":"BUVhGRADOaz+ptCqyiLMzEcHxbTOMssA8NGtwOfrzvVe"},"_chains":{"BaSbCPm58jKWqfqvNVozhYoONxhK9Z1S3He182sE4N1J":{"chainKey":{"counter":-1,"key":"1xibny/bKOQj26REMLYX/gFmHnWt+MShCgQxNndYB2Q="},"chainType":1,"messageKeys":{}}},"pendingPreKey":{"signedKeyId":0,"baseKey":"BanRCyTzc3VfFQ1DNaIS22sL2X1lA4mKH9PeHHnF7KRl","preKeyId":6500948}},"BUnIkMA6a7h47K5WLRY138CbfkGiRP0AKr4PYSh2/d94":{"registrationId":873369567,"currentRatchet":{"ephemeralKeyPair":{"pubKey":"BdmUqBTkId5zlCp4THKrYQnrkTLRzTBCTUbhAdeVB6In","privKey":"WO2nNT7iQgCm82xJCQuWTUYeHEr+rVvGJu8f2s7tXn8="},"lastRemoteEphemeralKey":"BYpFc7WbSe4wDMCJW6puVWKde9iCrsnCoPMQlW0A8VEx","previousCounter":0,"rootKey":"IsQF7zmMCrQhE08XIiJ5UXMmS+F79ULAtlWDof0Lp6Q="},"indexInfo":{"baseKey":"BUnIkMA6a7h47K5WLRY138CbfkGiRP0AKr4PYSh2/d94","baseKeyType":1,"closed":1729688397176,"used":1729688396644,"created":1729688396644,"remoteIdentityKey":"BUVhGRADOaz+ptCqyiLMzEcHxbTOMssA8NGtwOfrzvVe"},"_chains":{"BdmUqBTkId5zlCp4THKrYQnrkTLRzTBCTUbhAdeVB6In":{"chainKey":{"counter":-1,"key":"RmSmg2BG/cTH0AL/2fAl7F8XT2vH40MuvMitzQHJeXM="},"chainType":1,"messageKeys":{}}},"pendingPreKey":{"signedKeyId":0,"baseKey":"BUnIkMA6a7h47K5WLRY138CbfkGiRP0AKr4PYSh2/d94","preKeyId":6501298}},"BZIdztaA3pCBVecMldHNSqSIMacBvn5zKSMfF3JJOCc/":{"registrationId":873369567,"currentRatchet":{"ephemeralKeyPair":{"pubKey":"BZKcf1xX2igvovw35AEscVx+nwllGLavLEUwNz1/O+lh","privKey":"aAJUChPZYy0WQndW3vApXaVe2qGiJJhZP5TBLCUJoFQ="},"lastRemoteEphemeralKey":"BYpFc7WbSe4wDMCJW6puVWKde9iCrsnCoPMQlW0A8VEx","previousCounter":0,"rootKey":"0FSsjAkdhPndE3EHZRWksrdUnZtifCzl3Gulbggw1B0="},"indexInfo":{"baseKey":"BZIdztaA3pCBVecMldHNSqSIMacBvn5zKSMfF3JJOCc/","baseKeyType":1,"closed":1729688397499,"used":1729688397159,"created":1729688397159,"remoteIdentityKey":"BUVhGRADOaz+ptCqyiLMzEcHxbTOMssA8NGtwOfrzvVe"},"_chains":{"BZKcf1xX2igvovw35AEscVx+nwllGLavLEUwNz1/O+lh":{"chainKey":{"counter":-1,"key":"7OxgGw2HY1oCiDv3w2ros1Ez6kUxqV26//so335XgDI="},"chainType":1,"messageKeys":{}}},"pendingPreKey":{"signedKeyId":0,"baseKey":"BZIdztaA3pCBVecMldHNSqSIMacBvn5zKSMfF3JJOCc/","preKeyId":6500912}},"BYHZDhYIW6wUWi2R5OUcQunwi3NWJjoNX/U5ZKtBeeFE":{"registrationId":873369567,"currentRatchet":{"ephemeralKeyPair":{"pubKey":"BbGV+TJ/zhO1Ts0ly+hpQTMN1OlJD7NRmJOURPuZfBND","privKey":"2KPwaGifVzi5MxP5X83KjIjpIWoyiDAbj99lPgjevUQ="},"lastRemoteEphemeralKey":"BYpFc7WbSe4wDMCJW6puVWKde9iCrsnCoPMQlW0A8VEx","previousCounter":0,"rootKey":"4IdtpZoJ/VB51TJifb0vqV9YwZSIeAjzJ76A3UcKEgY="},"indexInfo":{"baseKey":"BYHZDhYIW6wUWi2R5OUcQunwi3NWJjoNX/U5ZKtBeeFE","baseKeyType":1,"closed":1729688397814,"used":1729688397480,"created":1729688397480,"remoteIdentityKey":"BUVhGRADOaz+ptCqyiLMzEcHxbTOMssA8NGtwOfrzvVe"},"_chains":{"BbGV+TJ/zhO1Ts0ly+hpQTMN1OlJD7NRmJOURPuZfBND":{"chainKey":{"counter":-1,"key":"/ZaQUWOnZ9X2D0AEJPQkbMYYh4yTdEG6rFPx3Ebs3HM="},"chainType":1,"messageKeys":{}}},"pendingPreKey":{"signedKeyId":0,"baseKey":"BYHZDhYIW6wUWi2R5OUcQunwi3NWJjoNX/U5ZKtBeeFE","preKeyId":6500840}},"BcJriyzoZeAH3LAxczRZuPx+55GpIr1bnVGTDZ8mwf1z":{"registrationId":873369567,"currentRatchet":{"ephemeralKeyPair":{"pubKey":"BQf88coV5Z9LU+AbcZHNVDVcM/8uvcqZTCdwRLFdmU1S","privKey":"cEoHlYbdkvec6ArDa/pFoD1UFroDB8plN10Gx8ZPSlI="},"lastRemoteEphemeralKey":"BYpFc7WbSe4wDMCJW6puVWKde9iCrsnCoPMQlW0A8VEx","previousCounter":0,"rootKey":"DvyckkWZWa1cDbdzefTeW+dokyBPKrpamgTkctS5cZM="},"indexInfo":{"baseKey":"BcJriyzoZeAH3LAxczRZuPx+55GpIr1bnVGTDZ8mwf1z","baseKeyType":1,"closed":1729688398091,"used":1729688397791,"created":1729688397791,"remoteIdentityKey":"BUVhGRADOaz+ptCqyiLMzEcHxbTOMssA8NGtwOfrzvVe"},"_chains":{"BQf88coV5Z9LU+AbcZHNVDVcM/8uvcqZTCdwRLFdmU1S":{"chainKey":{"counter":-1,"key":"Isb7MwOepv83vgJJ3IrMd5b9RnfIuyz+dQibPrkfwb4="},"chainType":1,"messageKeys":{}}},"pendingPreKey":{"signedKeyId":0,"baseKey":"BcJriyzoZeAH3LAxczRZuPx+55GpIr1bnVGTDZ8mwf1z","preKeyId":6501302}},"BZMNoOP1rcNgydLLI2wxWsDw+N/oYnPij97W+5+oa1Y2":{"registrationId":873369567,"currentRatchet":{"ephemeralKeyPair":{"pubKey":"BTLuJisOQdzX2m5+XtvbqnbS8X63A2tGeUEm3BMsJFJM","privKey":"MFVyL1hGq83eODFzLlJxbt4NbIpIM/QNl47pYB0JQVM="},"lastRemoteEphemeralKey":"BYpFc7WbSe4wDMCJW6puVWKde9iCrsnCoPMQlW0A8VEx","previousCounter":0,"rootKey":"NHLOlTVYRMrUK+8DuPiS5IJCZ1caINBi/D9fkFPBdUg="},"indexInfo":{"baseKey":"BZMNoOP1rcNgydLLI2wxWsDw+N/oYnPij97W+5+oa1Y2","baseKeyType":1,"closed":1729688398468,"used":1729688398062,"created":1729688398062,"remoteIdentityKey":"BUVhGRADOaz+ptCqyiLMzEcHxbTOMssA8NGtwOfrzvVe"},"_chains":{"BTLuJisOQdzX2m5+XtvbqnbS8X63A2tGeUEm3BMsJFJM":{"chainKey":{"counter":-1,"key":"k5ObVDAuB9SW0GzfzejXpR7M0k9zcI4b16inyxO6O7A="},"chainType":1,"messageKeys":{}}},"pendingPreKey":{"signedKeyId":0,"baseKey":"BZMNoOP1rcNgydLLI2wxWsDw+N/oYnPij97W+5+oa1Y2","preKeyId":6501338}},"BTmvKmwqwZi+BHwvE53iGiIGNE8RD44QHft8QmYWl8c6":{"registrationId":873369567,"currentRatchet":{"ephemeralKeyPair":{"pubKey":"BfeBT57yvs/0mwX5BkvI0BOvkdZerhu65uvvgkS3K+0A","privKey":"QKTK+NE01cq0snurRIZcqtIfn/v83QAATn7BaQz9im8="},"lastRemoteEphemeralKey":"BYpFc7WbSe4wDMCJW6puVWKde9iCrsnCoPMQlW0A8VEx","previousCounter":0,"rootKey":"hD6bmQqxhxKNKELg7ejrOejcLpTp/V342+4oIfDL3PU="},"indexInfo":{"baseKey":"BTmvKmwqwZi+BHwvE53iGiIGNE8RD44QHft8QmYWl8c6","baseKeyType":1,"closed":1729688398825,"used":1729688398403,"created":1729688398403,"remoteIdentityKey":"BUVhGRADOaz+ptCqyiLMzEcHxbTOMssA8NGtwOfrzvVe"},"_chains":{"BfeBT57yvs/0mwX5BkvI0BOvkdZerhu65uvvgkS3K+0A":{"chainKey":{"counter":-1,"key":"dVCh0ABZGvDFBuBu6XomLY/6GFcsr8CYJoEWqhHC8RA="},"chainType":1,"messageKeys":{}}},"pendingPreKey":{"signedKeyId":0,"baseKey":"BTmvKmwqwZi+BHwvE53iGiIGNE8RD44QHft8QmYWl8c6","preKeyId":6501282}},"BakP3MOkah75OQCvdzQAkBWFJNekGT/+HU548Yih4O8E":{"registrationId":873369567,"currentRatchet":{"ephemeralKeyPair":{"pubKey":"BWN9C8AfsKV+VRcglHQQxMqMeeh2wwJfUfNwTReO6r9L","privKey":"UGn/jW6O6jUIDGf+JcS/1q1P1kDnS12mhZq5C113J0U="},"lastRemoteEphemeralKey":"BZ8rcU8hn/0W3DP+BY7VLt5RYh4Rac1xNdHpoDmNHyBl","previousCounter":0,"rootKey":"3KlLTbGMIIKVHHwyN+k4GNlUFZiOh0BBsY72/FwIOE4="},"indexInfo":{"baseKey":"BakP3MOkah75OQCvdzQAkBWFJNekGT/+HU548Yih4O8E","baseKeyType":1,"closed":-1,"used":1729688736281,"created":1729688398807,"remoteIdentityKey":"BUVhGRADOaz+ptCqyiLMzEcHxbTOMssA8NGtwOfrzvVe"},"_chains":{"BZ8rcU8hn/0W3DP+BY7VLt5RYh4Rac1xNdHpoDmNHyBl":{"chainKey":{"counter":2,"key":"B2iqb4r4kV+2M92Jb6pdmaZhE3rcVdNeLNkjJiIa1IY="},"chainType":2,"messageKeys":{}},"BWN9C8AfsKV+VRcglHQQxMqMeeh2wwJfUfNwTReO6r9L":{"chainKey":{"counter":9,"key":"uiLToWeLj9/QJkjZo7iwtlHzBNvfJ6gz82HRCe1gWLs="},"chainType":1,"messageKeys":{}}}}},"version":"v1"}