{"_sessions":{"BZYMNU0SRO9+pN/M1AM/tciFFPtw+5Bp0/u7rkgKYJ8p":{"registrationId":20,"currentRatchet":{"ephemeralKeyPair":{"pubKey":"Bene8ufx+Sweo2F4umMNZ7BUO0UGojSRWCyP3I9gZC4U","privKey":"gGM21hIXLUQC5U0c3w7ghXUaaiS8QY/rcjJwJmc5aWk="},"lastRemoteEphemeralKey":"BQ0MK1xxelh/d4aQS89NfvP8fY2EQ/OmmiZcA5NSXIgQ","previousCounter":0,"rootKey":"bq0o7kq3SThKc8j1G3dLy6QagLTJAvE1NmsqtSBNIz8="},"indexInfo":{"baseKey":"BZYMNU0SRO9+pN/M1AM/tciFFPtw+5Bp0/u7rkgKYJ8p","baseKeyType":1,"closed":-1,"used":1729506099559,"created":1729506099559,"remoteIdentityKey":"BShKetK/3yAt64WCZA1qAXRXQjwq23EuXBX4R/nlEghA"},"_chains":{"Bene8ufx+Sweo2F4umMNZ7BUO0UGojSRWCyP3I9gZC4U":{"chainKey":{"counter":43,"key":"Ff6DrbQ8FHJ2eF3WyVBp26HaOUsXH7AqmEHvz8KqegU="},"chainType":1,"messageKeys":{}}},"pendingPreKey":{"signedKeyId":1,"baseKey":"BZYMNU0SRO9+pN/M1AM/tciFFPtw+5Bp0/u7rkgKYJ8p"}}},"version":"v1"}