{"_sessions":{"BZTXAJz7BZhC4XqWvisXbaaKJDJ4cP6HnEGXhQJcLR8y":{"registrationId":117,"currentRatchet":{"ephemeralKeyPair":{"pubKey":"Bbh8MKuy2aeVb8Gl0Bh32SeXlqwSc3Ze0CC+HF+7Fd96","privKey":"4Fa1L4aS+lzBif1TqkaRwtKpRuP9qr8rX+VhX+dqq3k="},"lastRemoteEphemeralKey":"BUqDslIMh3Mi9BDW2OoZ8F9KO+pAltc3n0OBQ/1/HIR/","previousCounter":0,"rootKey":"l2pawezDrorK+l8kVSTXNTph1ai/cEOejIlLUtn7hzk="},"indexInfo":{"baseKey":"BZTXAJz7BZhC4XqWvisXbaaKJDJ4cP6HnEGXhQJcLR8y","baseKeyType":1,"closed":1729154518261,"used":1729154404352,"created":1729154404352,"remoteIdentityKey":"BfHdmyB+6r4X4LTazExpranfXqG01pHxLoAqUzl9WdF8"},"_chains":{"Bbh8MKuy2aeVb8Gl0Bh32SeXlqwSc3Ze0CC+HF+7Fd96":{"chainKey":{"counter":0,"key":"JkIhEP186RT5rhh3X60KndjYAXFIGI1wqYL4F/O3bcg="},"chainType":1,"messageKeys":{}}},"pendingPreKey":{"signedKeyId":1,"baseKey":"BZTXAJz7BZhC4XqWvisXbaaKJDJ4cP6HnEGXhQJcLR8y"}},"Bc5vg+AtuFN0vQzuskv8X+KdwraDHXUKFZpOS0hgc/kI":{"registrationId":117,"currentRatchet":{"ephemeralKeyPair":{"pubKey":"BbEytcoP79Pi0tcZubENrSyLK697k4FUTmbPbYYBf2kn","privKey":"yOVLudHagRw3QFlw58VGejiy6vNTKTVPJUz3lrsszl0="},"lastRemoteEphemeralKey":"BUqDslIMh3Mi9BDW2OoZ8F9KO+pAltc3n0OBQ/1/HIR/","previousCounter":0,"rootKey":"eGGx/Kw60opHkbdCPtlwgrWAryNO/y6RpfRg1uU2XlA="},"indexInfo":{"baseKey":"Bc5vg+AtuFN0vQzuskv8X+KdwraDHXUKFZpOS0hgc/kI","baseKeyType":1,"closed":-1,"used":1729154518258,"created":1729154518258,"remoteIdentityKey":"BfHdmyB+6r4X4LTazExpranfXqG01pHxLoAqUzl9WdF8"},"_chains":{"BbEytcoP79Pi0tcZubENrSyLK697k4FUTmbPbYYBf2kn":{"chainKey":{"counter":6,"key":"XdONuYaOvLOrq6umsKYxjbmH2E9pYhZ5nH0CuaQrc2A="},"chainType":1,"messageKeys":{}}},"pendingPreKey":{"signedKeyId":1,"baseKey":"Bc5vg+AtuFN0vQzuskv8X+KdwraDHXUKFZpOS0hgc/kI","preKeyId":33}}},"version":"v1"}