{"_sessions":{"BakJ8XyhjxMxWl4RD4ipCv4P3cmtuko+7UfXxuH3H1cm":{"registrationId":89,"currentRatchet":{"ephemeralKeyPair":{"pubKey":"BSqpPIcVX4iLxYHuffuxDxVEhiJDQCg8dWzWfVl6r75z","privKey":"eEYKflXYKKmHtCWxX4g2+zB3Z2OE7yZCdIFlGIyZjkI="},"lastRemoteEphemeralKey":"Bd1s99u47y6CU/47xRKMk44lEBCZ5V7A0cJzqyUxKd8u","previousCounter":0,"rootKey":"Wh3Em7+beTwqofP4Dm5ZR24bYNhV7pa0Gc7DewK8h3E="},"indexInfo":{"baseKey":"BakJ8XyhjxMxWl4RD4ipCv4P3cmtuko+7UfXxuH3H1cm","baseKeyType":1,"closed":-1,"used":1729506099631,"created":1729506099631,"remoteIdentityKey":"BdBu+ZNOV1d2GT41s+Lg9ymfSkzJITZ5B6qFVRJfDCFb"},"_chains":{"BSqpPIcVX4iLxYHuffuxDxVEhiJDQCg8dWzWfVl6r75z":{"chainKey":{"counter":44,"key":"umiq2qZG2dbGl0oZBJujyo2D4AQL83obzQeZTikiFNk="},"chainType":1,"messageKeys":{}}},"pendingPreKey":{"signedKeyId":1,"baseKey":"BakJ8XyhjxMxWl4RD4ipCv4P3cmtuko+7UfXxuH3H1cm"}}},"version":"v1"}