{"_sessions":{"BbEvGvFRz/D6GYmHJOnzYs/e9jD3YtioseFgnY0tZSlT":{"registrationId":54,"currentRatchet":{"ephemeralKeyPair":{"pubKey":"BRi7q2fxixpBPBuFXOwE3vxAN5+IbfqdPInyuBpotMIn","privKey":"cNOMe3siAk4JJijwaIvHkVJXfOTFFhfFIBRxagcWS3w="},"lastRemoteEphemeralKey":"Bce2sAkLZpbOESHb4I4IMP5efBnpZijmDuCr9XofuGgt","previousCounter":0,"rootKey":"R8b7gBBC7gntqbekKOkcRNhslhlTR95W6I0WHm7LOuI="},"indexInfo":{"baseKey":"BbEvGvFRz/D6GYmHJOnzYs/e9jD3YtioseFgnY0tZSlT","baseKeyType":1,"closed":-1,"used":1729181404358,"created":1729181404358,"remoteIdentityKey":"BUEYf4QKE/dX1EruWXbnqbuWpimPht1PMBwIlSbbR5Qo"},"_chains":{"BRi7q2fxixpBPBuFXOwE3vxAN5+IbfqdPInyuBpotMIn":{"chainKey":{"counter":14,"key":"dLFJsgnWHUJPmgyx5xS8J2e75opKvCNTLlKGmKkbwoU="},"chainType":1,"messageKeys":{}}},"pendingPreKey":{"signedKeyId":1,"baseKey":"BbEvGvFRz/D6GYmHJOnzYs/e9jD3YtioseFgnY0tZSlT","preKeyId":7}}},"version":"v1"}