{"_sessions":{"BYpWMEQyFsaBQrHKSrRkN0Zx8pgUre1mN6QcxtnBrHZk":{"registrationId":233,"currentRatchet":{"ephemeralKeyPair":{"pubKey":"BS5UwcSh724drCPXTTDavQ+mPaaRF51ogU271CU2vdYy","privKey":"aMwwzC1E7ST6WSR3u7j/qAatnsv1BrQN2doPu6djhH8="},"lastRemoteEphemeralKey":"BfmJYyiHvsD9NhxRqt07+cAr6iL3o8g5p/3+jXE+bIhr","previousCounter":2,"rootKey":"+MOJHwX31/3jIejC66cqaUlatzZ4GKuhwb7G2ZTVJc0="},"indexInfo":{"baseKey":"BYpWMEQyFsaBQrHKSrRkN0Zx8pgUre1mN6QcxtnBrHZk","baseKeyType":1,"closed":-1,"used":1729553563537,"created":1729512976971,"remoteIdentityKey":"BWSalRT1myVhsX9ctDiMJzxObPmNToxwoQfNJuGUKZxt"},"_chains":{"BfuCbGutCZcpK54YjHo2IBIJx1NpskzBX108Z06VTglD":{"chainKey":{"counter":0},"chainType":2,"messageKeys":{}},"BfmJYyiHvsD9NhxRqt07+cAr6iL3o8g5p/3+jXE+bIhr":{"chainKey":{"counter":0,"key":"evOQYe/pcdNshPIngsJ5RZWHufOCBfoiwhcKw+69PEs="},"chainType":2,"messageKeys":{}},"BS5UwcSh724drCPXTTDavQ+mPaaRF51ogU271CU2vdYy":{"chainKey":{"counter":-1,"key":"w0SRsauNvJA89+mGTKaTs+r5KFXSucOj11bah75mr2o="},"chainType":1,"messageKeys":{}}}}},"version":"v1"}