{"_sessions":{"BbNhD0HRIPCcp2kO717xM1aZDThfTtXCXYstC+efmdcL":{"registrationId":167,"currentRatchet":{"ephemeralKeyPair":{"pubKey":"BTjoMpRXmqye44MbFZc7uGXrJgbKpwDyAODuD/r5i0M/","privKey":"0JLXPZ3TRJtgWl/ManaYZh1BFcnbgvRfjXMYlF91u0E="},"lastRemoteEphemeralKey":"BSrqqMPAGL8IswoXIko6QCHPTt9KCHfSAf2HY5HqvhEH","previousCounter":0,"rootKey":"Kf/Af5YWbvQOue0TCGX9tTXSC29fszApYks5FpeJ0So="},"indexInfo":{"baseKey":"BbNhD0HRIPCcp2kO717xM1aZDThfTtXCXYstC+efmdcL","baseKeyType":1,"closed":1729224958153,"used":1729205614773,"created":1729205614773,"remoteIdentityKey":"BRkdGim56cViEs4kpCO4YEZxYLMc8lF0SV/hB9tncbAJ"},"_chains":{"BTjoMpRXmqye44MbFZc7uGXrJgbKpwDyAODuD/r5i0M/":{"chainKey":{"counter":1,"key":"9MsIe/Io+dY1UvL91NO9hD32eejZjHaWxqCYeIvcmTc="},"chainType":1,"messageKeys":{}}},"pendingPreKey":{"signedKeyId":1,"baseKey":"BbNhD0HRIPCcp2kO717xM1aZDThfTtXCXYstC+efmdcL","preKeyId":14}},"BZTtl4hYe6o2CU6UE/9bEUti1Ny5PdzUeOrozdW4JGd6":{"registrationId":167,"currentRatchet":{"ephemeralKeyPair":{"pubKey":"Bc9WXwVlGkMvtY6zAjF+OjV7xzeavyvdg/6+6Lmil2QP","privKey":"cFgFYjVIJLAQJn+m8RoISeJYtWIa0rAwPAcNPm0ItE0="},"lastRemoteEphemeralKey":"BSrqqMPAGL8IswoXIko6QCHPTt9KCHfSAf2HY5HqvhEH","previousCounter":0,"rootKey":"LAhqcUUlSGdtrRWP27eeQOOCUgvl/vzgNuDacYgImiA="},"indexInfo":{"baseKey":"BZTtl4hYe6o2CU6UE/9bEUti1Ny5PdzUeOrozdW4JGd6","baseKeyType":1,"closed":1729224993705,"used":1729224958150,"created":1729224958150,"remoteIdentityKey":"BRkdGim56cViEs4kpCO4YEZxYLMc8lF0SV/hB9tncbAJ"},"_chains":{"Bc9WXwVlGkMvtY6zAjF+OjV7xzeavyvdg/6+6Lmil2QP":{"chainKey":{"counter":0,"key":"seAMNe2cC9FNkcgsveUCUrbn7ND5oLZU6qCJBXDJ4PM="},"chainType":1,"messageKeys":{}}},"pendingPreKey":{"signedKeyId":1,"baseKey":"BZTtl4hYe6o2CU6UE/9bEUti1Ny5PdzUeOrozdW4JGd6"}},"BZHInqU6CoAovd7FwYnvmQyRgfR2hZcxJ9A71C2BnM9v":{"registrationId":167,"currentRatchet":{"ephemeralKeyPair":{"pubKey":"BfEAkUKzzFY1lhHPJ4suuvVPABTlszZ32LnYBv8UD3FZ","privKey":"qIPgYNsbUWM+jDG/8ijXrvt4SA69dgwUJ5E1tzYLVFI="},"lastRemoteEphemeralKey":"BSrqqMPAGL8IswoXIko6QCHPTt9KCHfSAf2HY5HqvhEH","previousCounter":0,"rootKey":"qpNacFdFUcxWik/sRpIihpozXYS32pkfosNi6P/B4Rg="},"indexInfo":{"baseKey":"BZHInqU6CoAovd7FwYnvmQyRgfR2hZcxJ9A71C2BnM9v","baseKeyType":1,"closed":-1,"used":1729224993694,"created":1729224993694,"remoteIdentityKey":"BRkdGim56cViEs4kpCO4YEZxYLMc8lF0SV/hB9tncbAJ"},"_chains":{"BfEAkUKzzFY1lhHPJ4suuvVPABTlszZ32LnYBv8UD3FZ":{"chainKey":{"counter":6,"key":"3SqeCnoR9HLY88bW6qZRS3nf2quiLFVwLpTSJT+imQk="},"chainType":1,"messageKeys":{}}},"pendingPreKey":{"signedKeyId":1,"baseKey":"BZHInqU6CoAovd7FwYnvmQyRgfR2hZcxJ9A71C2BnM9v"}}},"version":"v1"}