{"_sessions":{"BYpwR/cael63jYHTXRUVAfn+04kaw63LXbkQwDG+wJ89":{"registrationId":1187103490,"currentRatchet":{"ephemeralKeyPair":{"pubKey":"BUNN0HIW9iTyw406LGZ0QTtwsljJkVn5rmrbynzZod0O","privKey":"UNI0nATNDi4A0Cg5QmbOj0TpJwc/bVqeOkoU9wgpzWo="},"lastRemoteEphemeralKey":"BctA/mf3GnSgS67S3C+alIt04KWXmvhiYic/KMIlUREI","previousCounter":0,"rootKey":"zFc8mvfGc1TUXlHGu0GhYSZPuEYGUR2Gsov/EDsLMU0="},"indexInfo":{"baseKey":"BYpwR/cael63jYHTXRUVAfn+04kaw63LXbkQwDG+wJ89","baseKeyType":1,"closed":-1,"used":1728836391929,"created":1728836391929,"remoteIdentityKey":"BeVAbkbLjL6ewpxGsRJx8FSkz6P0eQz308qD1nLT/zAP"},"_chains":{"BUNN0HIW9iTyw406LGZ0QTtwsljJkVn5rmrbynzZod0O":{"chainKey":{"counter":107,"key":"ovDm4QXmyGopvpwr/caokLEqNgqV5IeMZ9pHjNeuVQA="},"chainType":1,"messageKeys":{}}},"pendingPreKey":{"signedKeyId":2,"baseKey":"BYpwR/cael63jYHTXRUVAfn+04kaw63LXbkQwDG+wJ89","preKeyId":11524291}}},"version":"v1"}