{"_sessions":{"BTYtE+R7gNEyCsnfur55AVTQ015XVaV+sDwJgnH4VahY":{"registrationId":2312,"currentRatchet":{"ephemeralKeyPair":{"pubKey":"BZq8bAjjLJnrtQMz9KjMVpwmO61jQTjlR6I5YgU9Hi4D","privKey":"SKeuymsbUHDS2MpTRP0BVZHm9VAEHMACsldtdXFGv2c="},"lastRemoteEphemeralKey":"BSpFtjCin+aJxlYsihNINDN9Y1etAVVnRABGVEZEgtAd","previousCounter":0,"rootKey":"G9vj0Qib+jee/9I8nx8i8BmKU5LrMKmJBqp89azTwf0="},"indexInfo":{"baseKey":"BTYtE+R7gNEyCsnfur55AVTQ015XVaV+sDwJgnH4VahY","baseKeyType":1,"closed":-1,"used":1728836391857,"created":1728836391857,"remoteIdentityKey":"BRf6LQUT9klaDGqdKJzy3+fpVg2xpkdTSfCEO4zFYHsT"},"_chains":{"BZq8bAjjLJnrtQMz9KjMVpwmO61jQTjlR6I5YgU9Hi4D":{"chainKey":{"counter":107,"key":"vxhYFqR3jVxrY+QlHu0XEIKM5Jx+3ESmQzGKEqthOAA="},"chainType":1,"messageKeys":{}}},"pendingPreKey":{"signedKeyId":2,"baseKey":"BTYtE+R7gNEyCsnfur55AVTQ015XVaV+sDwJgnH4VahY"}}},"version":"v1"}