{"_sessions":{"BR72ymJyVCgzFqSMj8Jo1dUu4fhQxT3ewHxyxbW9oQ4s":{"registrationId":102,"currentRatchet":{"ephemeralKeyPair":{"pubKey":"BTLNtUp0GpscgxBrF1QEbm6DOKWK2ELf5WdSHTuhm3E0","privKey":"qCIxS1vln77WHGB5gyT3pniXYzph0kz4kwZYntBq4lU="},"lastRemoteEphemeralKey":"BdA+kFBjml3vwYK/XGhURqDDMdSZ/1QreSqtxVYq0E1T","previousCounter":0,"rootKey":"ikq7c1JjmHodnhflfv8NCW1lswVSkuY7XuZR1+BKU+o="},"indexInfo":{"baseKey":"BR72ymJyVCgzFqSMj8Jo1dUu4fhQxT3ewHxyxbW9oQ4s","baseKeyType":1,"closed":-1,"used":1729152933719,"created":1729152933719,"remoteIdentityKey":"BUFswTdkIXE7KJFUNCJqm7E56k1aTXfR08fl5ian+bJa"},"_chains":{"BTLNtUp0GpscgxBrF1QEbm6DOKWK2ELf5WdSHTuhm3E0":{"chainKey":{"counter":1,"key":"rHHAIeZlihoGNF79cxZggCuO4tQDfszTzS4oA+dciLg="},"chainType":1,"messageKeys":{}}},"pendingPreKey":{"signedKeyId":1,"baseKey":"BR72ymJyVCgzFqSMj8Jo1dUu4fhQxT3ewHxyxbW9oQ4s"}}},"version":"v1"}