{"_sessions":{"BTGpuTjeXLCLLNi9CyqqKnmAxISGAk9a0dkH4TFMHWd3":{"registrationId":760787800,"currentRatchet":{"ephemeralKeyPair":{"pubKey":"BRPEcSRlw0PsroKyOuIDhhSi811GHx/FqVaqHS/NR1hP","privKey":"oMw3DSi/+zHRD7q9rxe6niMh0QAaV/vHNDEIJJoOc3E="},"lastRemoteEphemeralKey":"BYEPHHZ0O91jk300u4netR4lZu5a+xSkyRJjoc7qO3Ze","previousCounter":3,"rootKey":"m2izwxI1woCIXjwH0qPY2jVO2mV5H9vM75YqCbxBdC8="},"indexInfo":{"baseKey":"BTGpuTjeXLCLLNi9CyqqKnmAxISGAk9a0dkH4TFMHWd3","baseKeyType":1,"closed":1729153926345,"used":1728896676048,"created":1728836391918,"remoteIdentityKey":"BV13D34IgSboi21HXNBuEaZOy+ghdWWO33CgOVpTZmJ0"},"_chains":{"BdKgSfYWSIEntfY8IpntxoC/dXfuhGC3pUcf58wwpYJF":{"chainKey":{"counter":0},"chainType":2,"messageKeys":{}},"BfwrZErRPpNXfSu/AO82mU8pFxkGK8xMJkGsXYi8qOhy":{"chainKey":{"counter":0},"chainType":2,"messageKeys":{}},"BYEPHHZ0O91jk300u4netR4lZu5a+xSkyRJjoc7qO3Ze":{"chainKey":{"counter":0,"key":"dSdWWxFpG9KU5enNU1w2kk20+YgM5RmV8QcCwMDl8Vc="},"chainType":2,"messageKeys":{}},"BRPEcSRlw0PsroKyOuIDhhSi811GHx/FqVaqHS/NR1hP":{"chainKey":{"counter":45,"key":"GceEQDxiUvtLu7CwrOYJV4cGbtTv29/Ieox9TDrBLyA="},"chainType":1,"messageKeys":{}}}},"BbI3G0ywMkM/BVb48fOoiyP49PgRQ2L/ruHR3aQ2LnpD":{"registrationId":760787800,"currentRatchet":{"ephemeralKeyPair":{"pubKey":"BcyREZf9lkfpPMgZKaXS2wh/Vs8fXIWAgLWFfCH8x5sI","privKey":"6Pe3WmDlpKDesSEM3FHnHz33Mgio/OwThJ9RtPfhI2Y="},"lastRemoteEphemeralKey":"BUXd1Uq3/7VXsAQRYI58CqSFQnq3aRkStucFoSyulhMN","previousCounter":0,"rootKey":"w8aOL3pucabljdc3+8Ew9pwooxydbdryw9RNNQuZgsc="},"indexInfo":{"baseKey":"BbI3G0ywMkM/BVb48fOoiyP49PgRQ2L/ruHR3aQ2LnpD","baseKeyType":2,"closed":1729181654516,"used":1729153926349,"created":1729153926349,"remoteIdentityKey":"BV13D34IgSboi21HXNBuEaZOy+ghdWWO33CgOVpTZmJ0"},"_chains":{"BUXd1Uq3/7VXsAQRYI58CqSFQnq3aRkStucFoSyulhMN":{"chainKey":{"counter":0,"key":"ZmNvlgH3guYQAZMO+m2Nco6LfabC/p65L7Wtoi1gTI4="},"chainType":2,"messageKeys":{}},"BcyREZf9lkfpPMgZKaXS2wh/Vs8fXIWAgLWFfCH8x5sI":{"chainKey":{"counter":3,"key":"baBUUYBxlQ5mDrDGJWeScetJbFqL0jlrukU1prgJ/FQ="},"chainType":1,"messageKeys":{}}}},"BYhgF+66Zw1wBlGbtVokxAnvi3fVVK+0dm4PRvAwyBFa":{"registrationId":760787800,"currentRatchet":{"ephemeralKeyPair":{"pubKey":"BXQh1WktC3w+WCHcP2uEEN0jSeKTWJN6niN5fbMHh51E","privKey":"yFoYlaCsi8snm9RuruLZhTzMuZawkeKzqE052A/w+Eo="},"lastRemoteEphemeralKey":"Be5lW0nfQh/m3ZZ1dd0Dxlg+78l8fqUhUf1Z/B36o0po","previousCounter":3,"rootKey":"20tCB6t0wCuD7RWnj3rkzMGVA8d1LBsIpkNjHkHHSDs="},"indexInfo":{"baseKey":"BYhgF+66Zw1wBlGbtVokxAnvi3fVVK+0dm4PRvAwyBFa","baseKeyType":2,"closed":1729506110529,"used":1729225156062,"created":1729181654519,"remoteIdentityKey":"BV13D34IgSboi21HXNBuEaZOy+ghdWWO33CgOVpTZmJ0"},"_chains":{"BVdDX9oRISw07OdVsCVx03+Q+1vTwEjt6aHfGIIURjgE":{"chainKey":{"counter":0},"chainType":2,"messageKeys":{}},"Be5lW0nfQh/m3ZZ1dd0Dxlg+78l8fqUhUf1Z/B36o0po":{"chainKey":{"counter":0,"key":"9f+GyQ1kFha+ivcjQ3VR55f9g08ibM6mxvVuwSbzgr0="},"chainType":2,"messageKeys":{}},"BXQh1WktC3w+WCHcP2uEEN0jSeKTWJN6niN5fbMHh51E":{"chainKey":{"counter":13,"key":"OdZZFvf3PkEkMPmSspYGd8Xf9arkCabI+p+hICoj5gE="},"chainType":1,"messageKeys":{}}}},"BR6v1ZNnzuWUCXAZdUkn+s6MrZZaiek5nQiE7WOQS0w4":{"registrationId":760787800,"currentRatchet":{"ephemeralKeyPair":{"pubKey":"BQGftZ7xroEcW1ypg8ejRPsK8sqoHVeX6pqUul6kuRkm","privKey":"YII7obKj41tELAxq38Eolg7Rs2mTafeKbRo+ntz6+Ew="},"lastRemoteEphemeralKey":"Beg+iwz6hZMKfc++OVS7TOhs8uq+eRVExndEnpRGX/k3","previousCounter":0,"rootKey":"tRkLABbdnKtpHl+RBaPS1EXd8148N9I5gJyVH1VR6sA="},"indexInfo":{"baseKey":"BR6v1ZNnzuWUCXAZdUkn+s6MrZZaiek5nQiE7WOQS0w4","baseKeyType":1,"closed":-1,"used":1729638169344,"created":1729506110524,"remoteIdentityKey":"BV13D34IgSboi21HXNBuEaZOy+ghdWWO33CgOVpTZmJ0"},"_chains":{"BcaS7i/wl7tiTPI0Kkv2HnJ+4hEZPeXRnLEJCGmuz08N":{"chainKey":{"counter":0},"chainType":2,"messageKeys":{}},"BWoxlW2qAYCvCzFd8SUycDM0GzD3VNshqaGUkReG9vUY":{"chainKey":{"counter":0},"chainType":2,"messageKeys":{}},"BbbmAWkmJjc4PuceB4SGyGg9gptyt9Jht+pPU40ZVuxX":{"chainKey":{"counter":2},"chainType":2,"messageKeys":{}},"Beg+iwz6hZMKfc++OVS7TOhs8uq+eRVExndEnpRGX/k3":{"chainKey":{"counter":0,"key":"K1IS55XSHvzrTaVDdf74J6bAC4Q4GzJGiuhaMJZnSNU="},"chainType":2,"messageKeys":{}},"BQGftZ7xroEcW1ypg8ejRPsK8sqoHVeX6pqUul6kuRkm":{"chainKey":{"counter":-1,"key":"Q8HcgenIrc2mofwpa+0UWiZVyARMaoVFBBRBkfgwK+c="},"chainType":1,"messageKeys":{}}}}},"version":"v1"}