{"_sessions":{"BbN6D3JB7GSWQNTaHDpUTN9lAwgB8sfXJNMm1j99bGRo":{"registrationId":148,"currentRatchet":{"ephemeralKeyPair":{"pubKey":"BZGPKC9JqvLT69SIT9Y/9jMZe2nFfAk1yF4VTFbvLBAw","privKey":"EMz6oyFYaj7Mfrukx/e7LhetZ/wuJtaUyRRZWmZnBm8="},"lastRemoteEphemeralKey":"Bdt8SS9FrYd3uRLuu6R6G1fkUYcIFCjDAUgt5LL11LVd","previousCounter":0,"rootKey":"NJRRtU5GMG9DfoAmtVsaUQRyK2Z1fkqQfNN/hfSzvkA="},"indexInfo":{"baseKey":"BbN6D3JB7GSWQNTaHDpUTN9lAwgB8sfXJNMm1j99bGRo","baseKeyType":1,"closed":-1,"used":1729506099655,"created":1729506099655,"remoteIdentityKey":"Bba9pmHFUYimEVFvbTpCpC6iWmXKy33P3g1Db91ZwPgz"},"_chains":{"BZGPKC9JqvLT69SIT9Y/9jMZe2nFfAk1yF4VTFbvLBAw":{"chainKey":{"counter":44,"key":"5brCsOA4owiilFh+XO5mEclDw53q/sMyv5H9iH4NWx4="},"chainType":1,"messageKeys":{}}},"pendingPreKey":{"signedKeyId":1,"baseKey":"BbN6D3JB7GSWQNTaHDpUTN9lAwgB8sfXJNMm1j99bGRo"}}},"version":"v1"}