{"_sessions":{"BTR9JklZg7Ws43EF1PykzRxs5JKG88xTQ+IePRlQyuhE":{"registrationId":36,"currentRatchet":{"ephemeralKeyPair":{"pubKey":"BSu5nrlhVI3HgaIqkRN321BZTdJ/QTVC9VYouEwjiIRu","privKey":"gIn0D8xOasKZklUr3SBItmYbeCqMFPafLGarDp4VX20="},"lastRemoteEphemeralKey":"Bb8Wm1JymUutvCprdU5Tf50LLbGbfvyPh0nAQEjS90EF","previousCounter":0,"rootKey":"9GxLSHKOnSLamPdAhIwGFlRhYvhhYD99XjArqTikDqk="},"indexInfo":{"baseKey":"BTR9JklZg7Ws43EF1PykzRxs5JKG88xTQ+IePRlQyuhE","baseKeyType":1,"closed":-1,"used":1728836391555,"created":1728836391555,"remoteIdentityKey":"BRKgJc1A7i9UsVCQTnNSkdu1Ax+GOOln3C+ljnLMWdkv"},"_chains":{"BSu5nrlhVI3HgaIqkRN321BZTdJ/QTVC9VYouEwjiIRu":{"chainKey":{"counter":75,"key":"8G0vduJj8DN48maK/AzHLP8u7IOGcRd5qxGRdw3XKPI="},"chainType":1,"messageKeys":{}}},"pendingPreKey":{"signedKeyId":1,"baseKey":"BTR9JklZg7Ws43EF1PykzRxs5JKG88xTQ+IePRlQyuhE","preKeyId":33}}},"version":"v1"}