{"_sessions":{"BSSn7V1jQjZ3V6zDtK/IlAf5sSoDT7y8BZfM01rdZTE3":{"registrationId":61,"currentRatchet":{"ephemeralKeyPair":{"pubKey":"Bf6G2QAYuP+c67bmnK1qZ/DajDKOTdREOotN1qexyi4q","privKey":"AHhZSgzJHh0iUvQq2mjPBanzeMOGG3nr0F8g1q9D9mI="},"lastRemoteEphemeralKey":"BUszaDjzNp3oBET6rNvCOlvWh6FPoqdnoxfK43RQ4C4z","previousCounter":0,"rootKey":"DC4H6ghMg+a2zKD29AL57n1bknAGJyxMZBl47GfZqdU="},"indexInfo":{"baseKey":"BSSn7V1jQjZ3V6zDtK/IlAf5sSoDT7y8BZfM01rdZTE3","baseKeyType":1,"closed":-1,"used":1729225615195,"created":1729225615195,"remoteIdentityKey":"BbTkZ6j72TmEsYI7oLkaHE2szYg70j8VdXqYCi3vRC0v"},"_chains":{"Bf6G2QAYuP+c67bmnK1qZ/DajDKOTdREOotN1qexyi4q":{"chainKey":{"counter":6,"key":"bLuGrA5zODB+AoYEAJPpS7q2enM+2d7yhwhMfbCoi2c="},"chainType":1,"messageKeys":{}}},"pendingPreKey":{"signedKeyId":1,"baseKey":"BSSn7V1jQjZ3V6zDtK/IlAf5sSoDT7y8BZfM01rdZTE3","preKeyId":5}}},"version":"v1"}