{"_sessions":{"BV8w8cedhQJRTO1wAhzMoh6K0cCCVZQbx6GIQvBkH4cq":{"registrationId":116,"currentRatchet":{"ephemeralKeyPair":{"pubKey":"BYkp3jbEO3vZL9NOpmrVlIaH4sPKgHoQT5zhRBf10+9N","privKey":"0J40xwRRq/dOTDrbTb/ovY6su3mesfDyD41bBnkHXFY="},"lastRemoteEphemeralKey":"Bdct5cC/bKun6R2tdgxPli1nX0ivKFaGaVHHwilgycZs","previousCounter":0,"rootKey":"RJ15roe6bycpkxs3uV5mStGUhmsNtWqCuD/2L4P3FYg="},"indexInfo":{"baseKey":"BV8w8cedhQJRTO1wAhzMoh6K0cCCVZQbx6GIQvBkH4cq","baseKeyType":1,"closed":-1,"used":1729211329795,"created":1729210222259,"remoteIdentityKey":"Bb/aSxH4hMQv0bS04POOGlgJOEa7cDm2qNQOuLR5hhIW"},"_chains":{"Bdct5cC/bKun6R2tdgxPli1nX0ivKFaGaVHHwilgycZs":{"chainKey":{"counter":0,"key":"KF8BO3HLsCuLFqs9Cul/u8LIL6kvyreATYqMh1mcT2w="},"chainType":2,"messageKeys":{}},"BYkp3jbEO3vZL9NOpmrVlIaH4sPKgHoQT5zhRBf10+9N":{"chainKey":{"counter":-1,"key":"YuitI4qpV0FvUZL8nEP1TsfSKR8rulGAONpZVn4hpCE="},"chainType":1,"messageKeys":{}}}}},"version":"v1"}