{"_sessions":{"BVynuMBwuzLOnV03B6lJ05lWi/MlkGkv24IAHDPwo2Uk":{"registrationId":147,"currentRatchet":{"ephemeralKeyPair":{"pubKey":"BU76uhzDNZDjSrYPaYiZAyOauzyZQJ1fyVOAA+ycyB1N","privKey":"sO6ntaCIVW4bRTHbFtAFk1ek/YIauc08wPfSAcuJr14="},"lastRemoteEphemeralKey":"BebPZFK25JiUtg16lpQomxEc6+4Vx5NPDIYIgp1GAVx+","previousCounter":0,"rootKey":"y2inD8LIzxq1ZzmxWOxlOgqDEoxLaEUlMrCSi6w3Th8="},"indexInfo":{"baseKey":"BVynuMBwuzLOnV03B6lJ05lWi/MlkGkv24IAHDPwo2Uk","baseKeyType":1,"closed":-1,"used":1729152933710,"created":1729152933710,"remoteIdentityKey":"BWGrRY9c99qZPjbUMCDA12ekJ0xTC+MDoXqTEEQtKvl/"},"_chains":{"BU76uhzDNZDjSrYPaYiZAyOauzyZQJ1fyVOAA+ycyB1N":{"chainKey":{"counter":17,"key":"b1c9fQ1Ow9mtevOR3m6gjl1lyfhq2zgS0EgKTvwHNfA="},"chainType":1,"messageKeys":{}}},"pendingPreKey":{"signedKeyId":1,"baseKey":"BVynuMBwuzLOnV03B6lJ05lWi/MlkGkv24IAHDPwo2Uk"}}},"version":"v1"}