{"_sessions":{"BUpEJFkgsmJJNii0saJLzBdfOklHE0CmRVSwsLc44R5c":{"registrationId":1002524185,"currentRatchet":{"ephemeralKeyPair":{"pubKey":"BeyCZN2UEb8cEzOX1+JIfVfT+JtlfqucG4XwdQGMc9Ih","privKey":"8CMFyfpOa7xHCUjgd48mieh5nREN/Qk8svO0l9bPh34="},"lastRemoteEphemeralKey":"BRU97E8/zEx8iSs3AjfuDJvi7PpQq024DIIbwR2pu/s3","previousCounter":0,"rootKey":"Dnv0cg36Ym1pY9i86p3oYY1lSxwSRjEMU5wAjxcWfoE="},"indexInfo":{"baseKey":"BUpEJFkgsmJJNii0saJLzBdfOklHE0CmRVSwsLc44R5c","baseKeyType":1,"closed":-1,"used":1729519653355,"created":1729519653355,"remoteIdentityKey":"BdjWuZ99o7+yucxQ6FjODX97fCDEXe/xAdZM0mEs9itK"},"_chains":{"BeyCZN2UEb8cEzOX1+JIfVfT+JtlfqucG4XwdQGMc9Ih":{"chainKey":{"counter":25,"key":"xtOyhC1LlQobcMn1NTIAzoTSjL8c8+DMNAt7GBALmo0="},"chainType":1,"messageKeys":{}}},"pendingPreKey":{"signedKeyId":1,"baseKey":"BUpEJFkgsmJJNii0saJLzBdfOklHE0CmRVSwsLc44R5c","preKeyId":32}}},"version":"v1"}