{"_sessions":{"BWSrdLn+F2/tzh0ZI7ReGxd0RcYL7CAzMs4u4GYgGctn":{"registrationId":206,"currentRatchet":{"ephemeralKeyPair":{"pubKey":"Bc+2UxCfPi4x4caLI/k4upLxNJnGSsbEiAMhj4w31cM6","privKey":"sKBZsPuuNExhvwB0cub4c2dNDkCo6MEUSSHDGBZTuHc="},"lastRemoteEphemeralKey":"BdfM/u3dQDHgRkkthB8l7uAECHAVTNGK2YvCAO7O6Ogb","previousCounter":0,"rootKey":"2hefDFi6MnB8kI1dgF8oZjwx61JvWSPWfp3KWRcYHmw="},"indexInfo":{"baseKey":"BWSrdLn+F2/tzh0ZI7ReGxd0RcYL7CAzMs4u4GYgGctn","baseKeyType":1,"closed":-1,"used":1729508156342,"created":1729508156342,"remoteIdentityKey":"BVVs74+12bXqNq8k8l26x08OKlOjWqwaalwzPu0JWXpF"},"_chains":{"Bc+2UxCfPi4x4caLI/k4upLxNJnGSsbEiAMhj4w31cM6":{"chainKey":{"counter":34,"key":"wvUjjRx8L4vNSV6bcl3KDcYvyztc9BeEGvJeoACuDQk="},"chainType":1,"messageKeys":{}}},"pendingPreKey":{"signedKeyId":1,"baseKey":"BWSrdLn+F2/tzh0ZI7ReGxd0RcYL7CAzMs4u4GYgGctn","preKeyId":26}}},"version":"v1"}