{"version":2,"hash":{"type":"Buffer","data":"XuK+xe9MvPo7HyZ3oJFUi2j+p1vJQ/vtDX2ZzBvGI6E0on1qoeqnd63Glm2XsCcgOv1PwMAXtdf3qHtsI+ykT+Q07GJq2S8dMKZ02kZiul+yGUnOezRuFB9EUMZBq56wgfzP7bk6gNwPOvrke+TACeSXQl+i5dGQRDT4IBWybAY="},"indexValueMap":{"BkSNq95U4GjkANO2ag1UAbd8xkGzeEWtyXygC1Bs540=":{"valueMac":{"type":"Buffer","data":"O7Dtq1e+n3WYrdGVdpIWV0G75cbUDNcIxwjqBw4jtm4="}},"tbU+wov/BOwxQzoWUGxXR2MI5/QUdhku7ZaFF9PubY4=":{"valueMac":{"type":"Buffer","data":"cg34Qul+wayBliDV7QkhlBjXpOSaM71d6n5K28r3Bns="}},"P/5oObD/yGQfo+VUBDNFz+Eq8RenHQPIRzmg+t6vOC4=":{"valueMac":{"type":"Buffer","data":"m+hdbhfv4jqI+2397Amf0rzNDgWHa1ZF+YanEfhYJfU="}}}}