{"version":6,"hash":{"type":"Buffer","data":"vYN83uetlm7KHDAn1vLqP62f6oPjfUC1bT9PZgPnUxZAqzU5bMOKHOTf/hcAe5Ysmr86Vj6EXJvO1pnpJYSDQy0SGNhL4qDCQ8b352BJpUWuLHlUVuHAZmmBSZN1Re8pgjdxt8aD5jKPGngw0VHP9hlXTdoWgeOpTZx9K28FdYA="},"indexValueMap":{"AHYkVIYMMv0KafPB8k/DAaKe3qBj2n/YXQVXG1Ot/gs=":{"valueMac":{"type":"Buffer","data":"mk0X1XZq/f9BSO1ine915HAi48y7M/GFyeNtGhP5jyg="}},"CfizloMsYlOMTAzCGbRu85yyc429z73TvpSbJYF6KDQ=":{"valueMac":{"type":"Buffer","data":"5mmyw4JoHwiC3avoBlgZEYcjPTL7YKI/P71Y1kDUb7s="}},"FMM1LuAvKZidwCv5pfhzcP5KCE+CXsOsqTs9cvQOqgw=":{"valueMac":{"type":"Buffer","data":"VrWqnxntYXLRrSXI2ohHMHRHqsXYtAAd+K1RqSMEAg4="}},"FbDRu0Hit6StySgxF2MBC44hpSpkYADN6+wG/DVhvD8=":{"valueMac":{"type":"Buffer","data":"/kiw+u6PolOaGaiyDZoIoW9vM8cXBYkT29hyZxPlluQ="}},"IWgp0OhFM9vgLcXlI2RyD8RuYuwgQuzzzMwpM7BoYJU=":{"valueMac":{"type":"Buffer","data":"mx4buol5XkeOmz8QDO2NzhfYnZUvMCbbQyfnhgTi2Uo="}},"NwbrmGOHGVlnZCBA8C4jgcxQUivdRSygg8WQxDHbavw=":{"valueMac":{"type":"Buffer","data":"l/93FWhqoy6YSqRvD7nTC+nyo0l9hiG5tN2KVYLjIrE="}},"SCqcY38Zpter8ZLcHIOxfIKkj4iLdMsptq1K5L+cX0k=":{"valueMac":{"type":"Buffer","data":"8HGigrOxITms4+1VapO+HVjVKs0K9jmqdArHW9vLzRg="}},"Su9/zJJ/OH4wzWS8KcbQMn/PTc7/4HzGnaaFOW5+gtk=":{"valueMac":{"type":"Buffer","data":"+39W7nI/nE3Gff7mt0mG7mIM6o1CgL0zWPLRezJ8Gb8="}},"cGn4QfBobG5/0tmr8X+gsEkRx7BnlLN9QZw7NKJVY0U=":{"valueMac":{"type":"Buffer","data":"EE8u5RY6SHffKj7EKSPNJ6KkOxr5QHVrEAlFphHXtUw="}},"cHmmcgJ8u54HkIAkgqRd3MfVHRePmbHjnChhdZPabEY=":{"valueMac":{"type":"Buffer","data":"t+hVhDBerpDjj5r2bYi8Mu4CcVY71SnKku2DH8fKMRI="}},"eQkJFFFXoVnut9QzsRibHWRXaxgAzobxdxXmi/zLjQg=":{"valueMac":{"type":"Buffer","data":"QO+qyQ69xRGYiWq7O4Noepx0pTkAldm5ekJzO4uFUEU="}},"efH7pW3eBhPVMe6TKvBrNii8RoIc6hZ0grrIknm2DZI=":{"valueMac":{"type":"Buffer","data":"7BTA04vmG8cQdFyK7h9H3l7fkP5iY0EtDL+fnQCSnKo="}},"hcIEoUqBU2p0ltO/t+/xBHi7quWb/S4zz7QrlVXJ/0c=":{"valueMac":{"type":"Buffer","data":"3vqEfZNPFT3194wQFQZGrGgjuLWLEI6498wyziXhGeA="}},"kElDitPQtKSqf9gaQp2q3G8RtTZV8qfEs6iXVB9le+I=":{"valueMac":{"type":"Buffer","data":"jhcfS7wLgjRDMNj4osTuGC9LOecH06AeQl/OrFq100M="}},"kHSzwaDBs167zCTGU0m76alXsGPZDaeUPkwvwNKGOlg=":{"valueMac":{"type":"Buffer","data":"75XygWTb/9TsbjOM2U/uvE4ezOGJ1vehvOAI2KrrxlU="}},"nG6ywPnIlMtC0sipveBEe5vZ1jQ6wbak3ZaJroFtHEY=":{"valueMac":{"type":"Buffer","data":"VCeyzgQet4Rhq4K96yA8kzj4uYuvcejKj9jjsiK8oXA="}},"oyJsY/lgXTtF20+Ju4kxhN6Hzop3Zor6WRz1eoUFKko=":{"valueMac":{"type":"Buffer","data":"p84UkHu57rJFEXMm2IADvuZoOfHHA8VDFloZYwDVVrM="}},"sxRPmXMnw7/2kdJK14jPX1HKcH2jGvwPzrvDfSclV1I=":{"valueMac":{"type":"Buffer","data":"E8EPB9qj5+cDjPHvdw6nAGH72WwMT6KctstWdVWfR2Q="}},"xQCmBtDxx8m/imILvG45WjqwLED7EzFebKUD0NmrtRQ=":{"valueMac":{"type":"Buffer","data":"ENJfQvtHRGrGZxp9toYzZlNGttTllwco7SLcMGxECuo="}},"00k2fRY8s2tnT5dw5kXygtCilf8fH1aenT4i99ICFKE=":{"valueMac":{"type":"Buffer","data":"eJrvzXGNQqWtdZXMZjSkrXcm0T/df3ZfuD2rJT/OuS8="}},"3JMKh4V/y9nZVk0sOcNjYRLgR4nBNWIEASzw2i/I8o4=":{"valueMac":{"type":"Buffer","data":"/mt965zgBeswrvd7DqwQWtDQwlIfSW6sZvysUCpzTvY="}},"6sLEb6HSlIh4QdJwaMi9ypRXzbF0KFbJ7naIhX8Y/hk=":{"valueMac":{"type":"Buffer","data":"Nv0FFXdlvM2MlwxkVyCDDyaF1HVaP2WgiTz6Fn9ZeUk="}},"61otyq8woQVZNTbug0zsxwnUbT8MNcJPGTnRwNvCT5c=":{"valueMac":{"type":"Buffer","data":"ZWfL/yKBPZYiv6H2CUnaXu9lB/aB+ueFUVXOZlL9djc="}},"/6OsJPB7HxkWscRexMzMOrRmo6hK5i54ZSWi/vkrUMM=":{"valueMac":{"type":"Buffer","data":"2Nar7KUhKaHS0lRAGbaKYTgoQiVcfey1AeW0SSCNFPw="}},"s5tdSeUykd3ET3OowRWwcEhNqPSyQp+PBz92Y6qlKp0=":{"valueMac":{"type":"Buffer","data":"AKTymgYqCARXhO7u5WyqCJ/ca7nvtTpsIpm6Sj2nZyA="}},"SiNhlhYmf0Z8JXet/3T0MX7Dz9wWf/eUE2X0kNQuZvs=":{"valueMac":{"type":"Buffer","data":"OYcUH7UqErnwmlk5Iupf2Wfj3DmF2rCjGnaqy4ZfCwM="}},"O2I54bPyC9yIpKYgv/Zlr2kJMhdAhYtxBTEpswb+HtM=":{"valueMac":{"type":"Buffer","data":"ZczBn/BhDz3mdtnj6QMQNziCkCk4PBlvs6XXKaEQxgE="}},"u0RSgD42iR4IOwuMYrMSDBJO71DM50yPYTGkN+u1no0=":{"valueMac":{"type":"Buffer","data":"HPAAnMHo/02f5ckGP+aqpBAWQJ60EyyIqZkx6sSc4UM="}},"Z7N80I0QU/pRHOIUQVj7Q3as5w3WrLl7zWMOOsEhkzg=":{"valueMac":{"type":"Buffer","data":"6101cKNEojOOo74ZRT5Dd10zbN7pj8PRp5iCgKE1KzA="}},"gr8NpHGMF/QLDVCpA5c5O5TX4WFIFXUvG5Fz3DScKmw=":{"valueMac":{"type":"Buffer","data":"4kV9DXnJNfatTtHuFWhx6K6ifkEgqV+70ZS/GeaVvI4="}},"55hq8bRKrbY+tBpFal5Q2h4b0+ir8gfj+2+dgaZous8=":{"valueMac":{"type":"Buffer","data":"vqRLT59wLwSxeWTowZgGra+VwcpaxX81v9ZTRitnP9A="}}}}