{"noiseKey":{"private":{"type":"Buffer","data":"wITnUZ0FiVnC7z5siSCss9hDm9d/RyQkx1PsMPngBEc="},"public":{"type":"Buffer","data":"TshDCwzS0zjov+ZM7igdr/5psS6XurAM30EwgU5dKBs="}},"pairingEphemeralKeyPair":{"private":{"type":"Buffer","data":"6GT1vxwIaz5NPdI08tEgWafR/qOT1CJCWgdQGKJ++nI="},"public":{"type":"Buffer","data":"ZCS98B8RpRt9F3FBQpdznvars3tp/UTp8oplhuJAXVs="}},"signedIdentityKey":{"private":{"type":"Buffer","data":"WF/WjANbnfn+ypagDbEcXY49kjz/5rrrre/gXn7OU1g="},"public":{"type":"Buffer","data":"fskW8b4VPc3zLssugrmm3Q3G3jszXttVw97C0kJFpX0="}},"signedPreKey":{"keyPair":{"private":{"type":"Buffer","data":"ePQmcGsbt6ntYqPcsjWsoMTK9Q6iOF/4A3Mw2sWjrEA="},"public":{"type":"Buffer","data":"f7f7uU6Kxb5twZr5xe2OkIvXpSN0XTlu/dlxIDhbpDI="}},"signature":{"type":"Buffer","data":"MrtHfjvz5jIz1RRLb1Lt3FM45rIaZq2VpV8htItBV8/kvdipxVZcdKT59yc8xOR76THvv166iaRLCTnBx9zhDA=="},"keyId":1},"registrationId":246,"advSecretKey":"1Fy6/8FQp588u36QADTSsSmhE9dnWIf2dpY52vW8rIc=","processedHistoryMessages":[{"key":{"remoteJid":"6288276554694@s.whatsapp.net","fromMe":true,"id":"8FC10237E06138962B9C2745C990402E"},"messageTimestamp":1732318901},{"key":{"remoteJid":"6288276554694@s.whatsapp.net","fromMe":true,"id":"7B78BD2285A2F81E7A2CD17B8D9BC56A"},"messageTimestamp":1732318902},{"key":{"remoteJid":"6288276554694@s.whatsapp.net","fromMe":true,"id":"97E9F22C3E2CEA351C784F7EEA379566"},"messageTimestamp":1732319023},{"key":{"remoteJid":"6288276554694@s.whatsapp.net","fromMe":true,"id":"055D4458CC732F482054A006A933B981"},"messageTimestamp":1732319064},{"key":{"remoteJid":"6288276554694@s.whatsapp.net","fromMe":true,"id":"5FCCC510C4847A839190D0A836656876"},"messageTimestamp":1732319079},{"key":{"remoteJid":"6288276554694@s.whatsapp.net","fromMe":true,"id":"C09CB09CCCD61875C2E4EF5D0C07C7E7"},"messageTimestamp":1732319080},{"key":{"remoteJid":"6288276554694@s.whatsapp.net","fromMe":true,"id":"B1DF830216D5C0279B5DF2C8E293B77C"},"messageTimestamp":1732319082}],"nextPreKeyId":618,"firstUnuploadedPreKeyId":618,"accountSyncCounter":1,"accountSettings":{"unarchiveChats":false},"deviceId":"PKGh0rX-SQODVRlbP7vnMQ","phoneId":"beba528e-f966-4296-a9f8-1ce6551db52b","identityId":{"type":"Buffer","data":"klUeXOv4jzpVdtEL1GrbUFP9uNY="},"registered":true,"backupToken":{"type":"Buffer","data":"Gi3DArSa2BWI8dNQ8x+c3NighaI="},"registration":{},"pairingCode":"XPPJH8C5","me":{"id":"6288276554694:22@s.whatsapp.net","name":"𝙽𝚒𝚗𝚎𝙶","lid":"235686816964700:22@lid"},"account":{"details":"CMrT1f0DEKythLoGGAEgACgA","accountSignatureKey":"lSl2/95zbL7G8+6lIh2gbdkWpgga4rgKn47xqmnK10w=","accountSignature":"G/JRMOY8eu2lluurLbZdb62KbLzqyWsagnhdktTngFsN58eA0f5ba6tK4NmdkopgmrTRtAdfET2wNPgiR1dXAg==","deviceSignature":"RV4p9xtHl5GlMhLkUxCffHR7xey+AjG+Bs7NdTioHq7NOFeO4j0MQ1aQ0qe7H5oBPcJN+dbgW2ChPaqVxf4/Bg=="},"signalIdentities":[{"identifier":{"name":"6288276554694:22@s.whatsapp.net","deviceId":0},"identifierKey":{"type":"Buffer","data":"BZUpdv/ec2y+xvPupSIdoG3ZFqYIGuK4Cp+O8appytdM"}}],"platform":"smba","routingInfo":{"type":"Buffer","data":"CAkIBQ=="},"lastAccountSyncTimestamp":1732956295,"myAppStateKeyId":"AAAAAACD","lastPropHash":"TrDC9"}