[{"senderKeyId":102109059,"senderChainKey":{"iteration":547,"seed":"xqU7Am0RTZ1j4V3Qz5zZhLs75AIRRA5HGkyHsueOZB8="},"senderSigningKey":{"public":"BYmvVclTovUzOX/aHkduvQ+XwkuNY2VUPp7p853/vj0o"},"senderMessageKeys":[{"iteration":525,"seed":"Vf+PTMo3RLtXpI0wuC5VXwSIk83s9tExlNDIg7Z0mVs="},{"iteration":526,"seed":"KlfemQFsxrHerIIEroXDBON6Q7zc8er5mWpkxL2gUCk="},{"iteration":527,"seed":"55zAinXdkK6XZrrqckSkKQtll89O18ArSuYbYSkEl0o="},{"iteration":528,"seed":"2mevLL6+gd5oXzzYkuEbWGEfzmiUDotRCo+M4rEMZvk="},{"iteration":529,"seed":"0WrhLz3OPfDNe0kHdyVA3M0ZfsKbBD6mtEtgtmaV6BI="},{"iteration":530,"seed":"F1JPJRPieoy/jgMMQ6t5vLyK+vCFgtMIuVVBxbtVdgY="},{"iteration":531,"seed":"y597tHKyzhYYFswJRf+vWYuUt9XQw501ikjSvBuaib8="},{"iteration":532,"seed":"XJ814xMhmzK5e17cACxkfuEza4ZT4oKxDUAYgqr3F2w="},{"iteration":533,"seed":"XQfsuwiz1DpxihaJRG0CPczSdfsMOq8RbMyGoNQ+noU="},{},{},{},{},{},{}]},{"senderKeyId":102109059,"senderChainKey":{"iteration":527,"seed":"ibWNmVdi0oB9b2cGYlA+ym/IOrT/ZXnlYboXdKjn3Cc="},"senderSigningKey":{"public":"BYmvVclTovUzOX/aHkduvQ+XwkuNY2VUPp7p853/vj0o"},"senderMessageKeys":[]},{"senderKeyId":102109059,"senderChainKey":{"iteration":529,"seed":"W9JuHdbW5EirEYcHvDKHzsFKl4f9kqd8i/nZ/norXmI="},"senderSigningKey":{"public":"BYmvVclTovUzOX/aHkduvQ+XwkuNY2VUPp7p853/vj0o"},"senderMessageKeys":[]},{"senderKeyId":102109059,"senderChainKey":{"iteration":531,"seed":"POx1040RWyn7VgS1yoyZ7oDVzg63ypYHKyMWud43Tk8="},"senderSigningKey":{"public":"BYmvVclTovUzOX/aHkduvQ+XwkuNY2VUPp7p853/vj0o"},"senderMessageKeys":[]},{"senderKeyId":102109059,"senderChainKey":{"iteration":533,"seed":"+amkEi5e79Kmz5/2irJxSynSntzqqQbHLYiv1rjLVig="},"senderSigningKey":{"public":"BYmvVclTovUzOX/aHkduvQ+XwkuNY2VUPp7p853/vj0o"},"senderMessageKeys":[]}]