[{"senderKeyId":1090552539,"senderChainKey":{"iteration":851,"seed":"XkfXOxiPbRpgjUlcSXQ2ek5th4bj8sW1/Z1K5vu9R3o="},"senderSigningKey":{"public":"BX/JpHIn+2td9V3XueexT34zvfLFVXskY3Ey1pibe7Iz"},"senderMessageKeys":[{},{},{},{},{},{},{},{},{},{},{},{},{},{},{},{},{},{},{},{},{},{},{},{}]},{"senderKeyId":1090552539,"senderChainKey":{"iteration":825,"seed":"y+GO5D/Oc+Sg788Cr6AmiN4m5CZfDSGowTDs7n7WIrk="},"senderSigningKey":{"public":"BX/JpHIn+2td9V3XueexT34zvfLFVXskY3Ey1pibe7Iz"},"senderMessageKeys":[]},{"senderKeyId":1090552539,"senderChainKey":{"iteration":827,"seed":"MkNW5mqWCGf9Bmp6GgnqKw5iOhBRIMj1M/3Oo2TokvQ="},"senderSigningKey":{"public":"BX/JpHIn+2td9V3XueexT34zvfLFVXskY3Ey1pibe7Iz"},"senderMessageKeys":[]},{"senderKeyId":1090552539,"senderChainKey":{"iteration":833,"seed":"0bggjB7SLPZYTcnUGGavTiJy84UC1kOZMqts4eDIjjc="},"senderSigningKey":{"public":"BX/JpHIn+2td9V3XueexT34zvfLFVXskY3Ey1pibe7Iz"},"senderMessageKeys":[]},{"senderKeyId":1090552539,"senderChainKey":{"iteration":839,"seed":"xh6J2FhlKUePX3gdLaadzFqp6nogt+2g8seKBt73Zyk="},"senderSigningKey":{"public":"BX/JpHIn+2td9V3XueexT34zvfLFVXskY3Ey1pibe7Iz"},"senderMessageKeys":[]}]