[{"senderKeyId":1604540380,"senderChainKey":{"iteration":253,"seed":"Xyuje3tRNPMnNHIk45xQ8UUmyHMI5qtnTDNEam+EJpE="},"senderSigningKey":{"public":"BQK9RKd9Gm93bkJewCeMcSRCOwKaRNpssf3IvlX9uvU/"},"senderMessageKeys":[{},{},{},{},{},{},{},{},{},{},{},{},{},{},{},{},{},{},{},{},{},{},{},{},{},{},{},{},{},{},{},{},{},{},{},{},{},{},{},{},{},{},{},{},{},{},{},{},{},{},{},{},{},{},{},{},{},{},{},{},{},{},{},{},{},{},{},{},{},{},{},{},{},{},{},{},{},{},{},{},{},{},{}]},{"senderKeyId":1604540380,"senderChainKey":{"iteration":219,"seed":"XfTyOeFvjumWh+8eneFmArKP+89dIv2OZ9P3zea0AKg="},"senderSigningKey":{"public":"BQK9RKd9Gm93bkJewCeMcSRCOwKaRNpssf3IvlX9uvU/"},"senderMessageKeys":[]},{"senderKeyId":1604540380,"senderChainKey":{"iteration":221,"seed":"nwaMGaJw/8gk73EEgWtorCnK/KHNCDhAlV7p5AU0hfw="},"senderSigningKey":{"public":"BQK9RKd9Gm93bkJewCeMcSRCOwKaRNpssf3IvlX9uvU/"},"senderMessageKeys":[]},{"senderKeyId":1604540380,"senderChainKey":{"iteration":235,"seed":"M+j/wSBfmWN1h9h4TlnbZKsPH0QJpWCsbbqa4pwkcqs="},"senderSigningKey":{"public":"BQK9RKd9Gm93bkJewCeMcSRCOwKaRNpssf3IvlX9uvU/"},"senderMessageKeys":[]},{"senderKeyId":1604540380,"senderChainKey":{"iteration":237,"seed":"MW1PSGhUWQcKtZhjPprVeFx/aIOBpOaM6JBpl6orwBE="},"senderSigningKey":{"public":"BQK9RKd9Gm93bkJewCeMcSRCOwKaRNpssf3IvlX9uvU/"},"senderMessageKeys":[]}]