[{"senderKeyId":1376516960,"senderChainKey":{"iteration":2,"seed":"zleHJ+twsB2FZuTxGy3pacOX09306cKfb3rIyYQ/pkU="},"senderSigningKey":{"public":"BS1K4g2ygobycNsjxvEohYpm/1a3zvG/cuHXzs95u4w5"},"senderMessageKeys":[]},{"senderKeyId":2094244784,"senderChainKey":{"iteration":1,"seed":"pNx0bzLBjOBrtBTVcwkucyxcWmf5+OZmaSzDpvd7XnA="},"senderSigningKey":{"public":"BXCE5N5YX4coOtUY4JvjhiONl6KOTEAZD6uNn6kYl6hO"},"senderMessageKeys":[]},{"senderKeyId":2094244784,"senderChainKey":{"iteration":1,"seed":"pNx0bzLBjOBrtBTVcwkucyxcWmf5+OZmaSzDpvd7XnA="},"senderSigningKey":{"public":"BXCE5N5YX4coOtUY4JvjhiONl6KOTEAZD6uNn6kYl6hO"},"senderMessageKeys":[]},{"senderKeyId":2065506721,"senderChainKey":{"iteration":5,"seed":"xbALD08qoPBiLLRlji1bIjLCKECQEXJc86HguyWGD0U="},"senderSigningKey":{"public":"BXKSPibpA3iZp1BpM0KbR5d/5P61N9HD4mdUf1vbenJw"},"senderMessageKeys":[]}]