[{"senderKeyId":170295840,"senderChainKey":{"iteration":2837,"seed":"2pVWkS6hibeDOdp5d2vK867RFFRCQVAGSXTaHBI7O0M="},"senderSigningKey":{"public":"BZyoPeG01Go1GCsOaS72Og/CIqST1/i62MF4fJC5jKoV"},"senderMessageKeys":[{},{},{},{},{},{},{},{},{},{},{},{},{},{},{},{},{},{},{},{},{},{},{},{},{},{},{},{},{},{},{},{},{},{},{},{},{},{},{},{},{},{},{},{},{},{},{},{},{},{},{},{},{},{},{},{},{},{},{},{},{},{},{},{},{},{},{},{},{},{},{},{},{},{},{},{},{},{},{},{},{},{},{},{},{},{},{},{},{},{},{},{},{},{},{},{},{},{},{},{},{},{},{},{},{},{},{},{},{},{},{},{},{},{},{},{},{},{},{},{},{},{},{},{},{},{},{},{},{},{},{},{},{},{},{},{},{},{},{},{},{},{},{},{}]},{"senderKeyId":170295840,"senderChainKey":{"iteration":2713,"seed":"64tB7OJqD708jG3rNr7/UtyI5+KAcA45Uq8AXjcnl8g="},"senderSigningKey":{"public":"BZyoPeG01Go1GCsOaS72Og/CIqST1/i62MF4fJC5jKoV"},"senderMessageKeys":[]},{"senderKeyId":170295840,"senderChainKey":{"iteration":2729,"seed":"NTHpx//M7ExsgbYdsKv9bY9gp+U5yNdVXFxDXEnQ3Mo="},"senderSigningKey":{"public":"BZyoPeG01Go1GCsOaS72Og/CIqST1/i62MF4fJC5jKoV"},"senderMessageKeys":[]},{"senderKeyId":170295840,"senderChainKey":{"iteration":2801,"seed":"osu+TGPEEUsdxbRnSeK3hj8AFWw7qm5vSSZQ1ViIh1Q="},"senderSigningKey":{"public":"BZyoPeG01Go1GCsOaS72Og/CIqST1/i62MF4fJC5jKoV"},"senderMessageKeys":[]},{"senderKeyId":170295840,"senderChainKey":{"iteration":2809,"seed":"j0rz6Xdo9m64vDYFYG+82h90yZx/eOgQHs334b5PWx0="},"senderSigningKey":{"public":"BZyoPeG01Go1GCsOaS72Og/CIqST1/i62MF4fJC5jKoV"},"senderMessageKeys":[]}]