[{"senderKeyId":889485326,"senderChainKey":{"iteration":2335,"seed":"9sVA5jVV2W6+MYQPyS35fRxtJ3HVUaqQsV3KSttGIMg="},"senderSigningKey":{"public":"Be/SHwrsqUbDUfXO+4zN2poS7ZWydb4B6mRslfxsTuoI"},"senderMessageKeys":[{},{},{},{},{},{},{},{},{},{},{},{},{},{},{},{},{},{},{},{},{},{},{},{},{},{},{},{},{},{},{},{},{},{},{},{},{},{},{},{},{},{},{},{},{},{},{},{},{},{},{},{},{},{},{},{},{},{},{},{},{},{},{},{},{},{},{},{},{},{},{},{}]},{"senderKeyId":889485326,"senderChainKey":{"iteration":2263,"seed":"CJ2Njp1gEmLUPqbYF8xZe/trPKKM0CyhdhNzICpfZQ0="},"senderSigningKey":{"public":"Be/SHwrsqUbDUfXO+4zN2poS7ZWydb4B6mRslfxsTuoI"},"senderMessageKeys":[]},{"senderKeyId":889485326,"senderChainKey":{"iteration":2265,"seed":"mwmiGe45aD8xRZD0KStBzACswGEC7O/OgLsjxKejG+c="},"senderSigningKey":{"public":"Be/SHwrsqUbDUfXO+4zN2poS7ZWydb4B6mRslfxsTuoI"},"senderMessageKeys":[]},{"senderKeyId":889485326,"senderChainKey":{"iteration":2329,"seed":"t+A0nkqIU2KQeLkVI/nLZ4KweFY7D91xdTRD13W1r5Q="},"senderSigningKey":{"public":"Be/SHwrsqUbDUfXO+4zN2poS7ZWydb4B6mRslfxsTuoI"}},{"senderKeyId":889485326,"senderChainKey":{"iteration":2331,"seed":"Iwj16fmui6QSvnFP1ue7u8xD2osRJsYYdfsPk3NcpC0="},"senderSigningKey":{"public":"Be/SHwrsqUbDUfXO+4zN2poS7ZWydb4B6mRslfxsTuoI"}}]