[{"senderKeyId":1749360653,"senderChainKey":{"iteration":1,"seed":"Iji0eIvDB+IGph1sijFMAV+U+XSCJ0x5dATYld+WMNU="},"senderSigningKey":{"public":"BR0kfAF2nLJ9vxIa5CUB39J+gwolzMQvidxhvftFI3M+"},"senderMessageKeys":[]},{"senderKeyId":1123597123,"senderChainKey":{"iteration":9,"seed":"3z5paWQwG25guvSQw4LYxFaLao36WLaUsP8mQDYl4QQ="},"senderSigningKey":{"public":"BdpDwwJGt0axEjZHIvQgMv46ecbFp7NH26Ktp4y+cgk2"},"senderMessageKeys":[{"iteration":3,"seed":"WknbiZNJP0R4TgWCayeczkqX2epZd7P3os9pjqZy3zk="},{"iteration":5,"seed":"9Cj19eB7b3ysA7XugGg4reXthErgF3SvZlkc48/O4Pw="},{}]},{"senderKeyId":1123597123,"senderChainKey":{"iteration":5,"seed":"7DYxLGGKTWmsAHyywkFB7LqrWCTwe4KP/9vhIyk/Xnc="},"senderSigningKey":{"public":"BdpDwwJGt0axEjZHIvQgMv46ecbFp7NH26Ktp4y+cgk2"},"senderMessageKeys":[]},{"senderKeyId":1123597123,"senderChainKey":{"iteration":7,"seed":"r1DNAP9cIIFkwu+coDRxRDdQYP9VkNDwxa2ocSpSgEE="},"senderSigningKey":{"public":"BdpDwwJGt0axEjZHIvQgMv46ecbFp7NH26Ktp4y+cgk2"}}]