[{"senderKeyId":1900137184,"senderChainKey":{"iteration":39,"seed":"8+b6cT/yI4nbVs705pIXQ49iOiW9W/WamH6YcRJLFso="},"senderSigningKey":{"public":"BW41qLzLy1JS4xQ7N5j1gnih85y0OJzoaj47NYvjY59y"},"senderMessageKeys":[{},{},{},{},{},{},{},{},{},{},{},{},{},{},{},{},{},{},{},{},{},{},{},{},{},{},{},{},{},{}]},{"senderKeyId":1900137184,"senderChainKey":{"iteration":3,"seed":"JSniMJOO6dkXXS1RGFzGKNepJjxOVl+8ug5Bc04dgQk="},"senderSigningKey":{"public":"BW41qLzLy1JS4xQ7N5j1gnih85y0OJzoaj47NYvjY59y"},"senderMessageKeys":[]},{"senderKeyId":1900137184,"senderChainKey":{"iteration":17,"seed":"oXAKpAJ3qCGp2Oux9emQPsaGbsBBhtQ8f2kBzB2bKXY="},"senderSigningKey":{"public":"BW41qLzLy1JS4xQ7N5j1gnih85y0OJzoaj47NYvjY59y"}},{"senderKeyId":1900137184,"senderChainKey":{"iteration":29,"seed":"zg24eSVLYZis2qwt/Tk0SfIkSkYfIEWhSyJY5k+3C4g="},"senderSigningKey":{"public":"BW41qLzLy1JS4xQ7N5j1gnih85y0OJzoaj47NYvjY59y"}},{"senderKeyId":1900137184,"senderChainKey":{"iteration":35,"seed":"O2jZQepUNFmec7DGYy8hE37yJbz5sz0s92MgBCjHgfM="},"senderSigningKey":{"public":"BW41qLzLy1JS4xQ7N5j1gnih85y0OJzoaj47NYvjY59y"}}]