[{"senderKeyId":251768721,"senderChainKey":{"iteration":47,"seed":"Ng5u4h19QCqYOf1bCOb7xZoFJxy79RQ+6oainnyEndU="},"senderSigningKey":{"public":"BQgWIj22PwttNnn7RLCPBq0bFZHXtoqwQlv2fcWUpfpc"},"senderMessageKeys":[{"iteration":1,"seed":"jTkmcXOlvzXFbDT87+MGhMxVFIDXZjqweXkIxjGmHB4="},{},{},{},{},{},{},{},{},{},{},{},{},{},{},{},{},{},{},{},{},{},{},{},{},{},{},{},{},{},{},{},{},{},{}]},{"senderKeyId":251768721,"senderChainKey":{"iteration":11,"seed":"Nf1VkOjPQt7iVjLbxaVuZcY+EQpl5cLx5eB2awxpDXk="},"senderSigningKey":{"public":"BQgWIj22PwttNnn7RLCPBq0bFZHXtoqwQlv2fcWUpfpc"},"senderMessageKeys":[]},{"senderKeyId":251768721,"senderChainKey":{"iteration":19,"seed":"GtgNbCK2/WhU/jOlCe27letm3G0UybLfo47iZ/HG3LQ="},"senderSigningKey":{"public":"BQgWIj22PwttNnn7RLCPBq0bFZHXtoqwQlv2fcWUpfpc"},"senderMessageKeys":[]}]