[{"senderKeyId":254006937,"senderChainKey":{"iteration":5403,"seed":"OgurT5EUJtuI94qHoJPm6hgaWcw8sFgaFJZrsvEKUS4="},"senderSigningKey":{"public":"BV8HygXySC2AOZv6OHatbwqe/SiFt1q+ThndsXuk0aQk"},"senderMessageKeys":[{},{},{},{},{},{},{},{},{},{},{},{},{},{},{},{},{},{},{},{},{},{},{},{},{},{},{},{},{},{},{},{},{},{},{},{},{},{},{},{},{},{},{},{},{},{},{},{},{},{},{},{},{},{},{},{},{},{},{},{},{},{},{},{},{},{},{},{},{},{},{},{},{},{},{},{},{},{},{},{},{},{},{},{},{},{},{},{},{},{},{},{},{},{},{},{},{},{},{},{},{},{},{},{},{},{},{},{},{},{},{},{},{},{},{},{},{},{},{},{},{},{},{},{},{},{},{},{},{},{},{},{},{},{},{},{},{},{},{},{},{},{},{},{},{},{},{},{},{},{},{},{},{},{},{},{},{},{},{},{},{},{},{},{},{},{},{},{},{},{},{},{},{},{},{},{},{},{},{},{},{},{},{},{},{},{},{},{},{},{},{},{},{},{},{},{},{},{},{},{},{},{},{},{},{},{},{},{},{},{},{},{},{},{},{},{},{},{},{},{},{},{},{},{},{},{},{},{},{},{},{},{},{},{},{},{},{},{},{},{},{},{},{},{},{},{},{},{},{},{},{},{},{},{},{},{},{},{},{},{},{},{},{},{},{},{},{},{},{},{},{},{},{},{},{}]},{"senderKeyId":254006937,"senderChainKey":{"iteration":5263,"seed":"e5m7eZfSg/7duTe7hfl0yiKR65i9az4UbZnR3aWFyv4="},"senderSigningKey":{"public":"BV8HygXySC2AOZv6OHatbwqe/SiFt1q+ThndsXuk0aQk"},"senderMessageKeys":[]},{"senderKeyId":254006937,"senderChainKey":{"iteration":5267,"seed":"XtIot9t0f8PhwcwtxkANXmbm8vepJKDVsRwwVmTKgw4="},"senderSigningKey":{"public":"BV8HygXySC2AOZv6OHatbwqe/SiFt1q+ThndsXuk0aQk"},"senderMessageKeys":[]},{"senderKeyId":254006937,"senderChainKey":{"iteration":5339,"seed":"9rB66/Ls5kROfSX+4H9rrl5Fd/8zHZfArzD41EQwDWk="},"senderSigningKey":{"public":"BV8HygXySC2AOZv6OHatbwqe/SiFt1q+ThndsXuk0aQk"},"senderMessageKeys":[]},{"senderKeyId":254006937,"senderChainKey":{"iteration":5375,"seed":"M6uFuFc/w/AQyO7c+12dQEbS1NPXIGug7gJCRWo20aY="},"senderSigningKey":{"public":"BV8HygXySC2AOZv6OHatbwqe/SiFt1q+ThndsXuk0aQk"}}]