[{"senderKeyId":848320352,"senderChainKey":{"iteration":25,"seed":"Z+NpW4YLpbWhFg2KzsuaA1ndv7omXRmnromTs7knhFo="},"senderSigningKey":{"public":"BfrcDmX35LM2//AmPLiqm381MJPn3V1EfugC/pIxv0k3"},"senderMessageKeys":[]},{"senderKeyId":848320352,"senderChainKey":{"iteration":2,"seed":"p++ukQxZfamJPd4+IopafeXAx+NNjJBUD+v28IGi1bQ="},"senderSigningKey":{"public":"BfrcDmX35LM2//AmPLiqm381MJPn3V1EfugC/pIxv0k3"},"senderMessageKeys":[]},{"senderKeyId":848320352,"senderChainKey":{"iteration":18,"seed":"k82OCHXfA1lYyBDbabyomXMYB3+bmAbnAeUJzZxagDc="},"senderSigningKey":{"public":"BfrcDmX35LM2//AmPLiqm381MJPn3V1EfugC/pIxv0k3"}}]