[{"senderKeyId":368953651,"senderChainKey":{"iteration":3,"seed":"cImrI1LDFWV7jCN+df1IMij/Q3FWK+PM64EjQNfi4V0="},"senderSigningKey":{"public":"BWwJ6BxSnkx7rip22gz3a5rs+d7DrzXRZNh2kcSt3yw8"},"senderMessageKeys":[]},{"senderKeyId":1315684974,"senderChainKey":{"iteration":1,"seed":"XVFln0OC1jrx01J+Vv2qalx5RzSGEsumKKCtjtXFEjU="},"senderSigningKey":{"public":"BY5x7EWuxPKkGEhcKCLzgmE60VrD7sYnfMiixEmR4kRQ"},"senderMessageKeys":[]},{"senderKeyId":1425336641,"senderChainKey":{"iteration":12,"seed":"RdE/UKXljmV1+BhELlI5CGp7XuE9ThzsHowsUIIAAjo="},"senderSigningKey":{"public":"BT8UVuOe2IibXa/maDQLpKmpcxQjHXsxaBXCXf9ZIZEM"},"senderMessageKeys":[]},{"senderKeyId":1425336641,"senderChainKey":{"iteration":9,"seed":"5j+HbCXwC3QYpMEZxvUd4dFkkte2bZfeDFykphwl0U0="},"senderSigningKey":{"public":"BT8UVuOe2IibXa/maDQLpKmpcxQjHXsxaBXCXf9ZIZEM"},"senderMessageKeys":[]},{"senderKeyId":434805413,"senderChainKey":{"iteration":2,"seed":"Mf3FWw0NN1meCyg+/CUx0L+pbQh++5qpWpbZrmfUe7c="},"senderSigningKey":{"public":"BeDY2Ep84NxRaAWRQjSYdqLYj+vftsQ+SPYB8KVDeII8"}}]