[{"senderKeyId":569905645,"senderChainKey":{"iteration":2377,"seed":"Vhf7snWULGvhAAv+WrYyM0rqFlbeUvzTMD6PgJsdhas="},"senderSigningKey":{"public":"BQl3e96efmXqOz+GQjS585B2glIhQBiAbzDMdQCDmFFP"},"senderMessageKeys":[{"iteration":2333,"seed":"U1nB8zkwyOOmmpT3rSaUASndTt9RgXGstlwAb0isYmE="},{"iteration":2334,"seed":"Xs7e0s2+vsEAPBPjDiWTvwCeyh4n0v7j/DrnDT2xzrM="},{"iteration":2335,"seed":"Ecgg6pioRpNkQLIX2BAk/R2sa+HmwHDCCJL5kmNxkQs="},{"iteration":2336,"seed":"5urFdi9as9omUJY+Hhzr1aMS26XlN+kutR4UccfJj2o="},{"iteration":2337,"seed":"M7Mm/cTSJsIUm6n4cGmOuFfVbstvu+92xFfqBrDpkeU="},{"iteration":2338,"seed":"e5z+fmBBGwqzaARKpKMOx90Bar3BbbTUgb26/xD4VxY="},{"iteration":2339,"seed":"kt8efmQDez6GyDbMULhpPjGhkNxIz63+8HGWca3uhRw="},{"iteration":2340,"seed":"MXC9ZpV+M871DTfPa5d8vDoS2Jqqle7CqawcA3R3OwE="},{"iteration":2341,"seed":"sXkbJnSW0K4VqJHHcJOG68Scjhfp3hFYVcCBmW7xyPw="},{"iteration":2342,"seed":"ppU17xd2OV2BTTvyWkqOcDhlv5cGnOug4LCD0grN5RI="},{"iteration":2343,"seed":"HGyASa8UL3cRqKg/eaIS3QkH3wyOXVrEY1tggMGgLr0="},{"iteration":2344,"seed":"EVWUM2qND5c1i4/2yhtAFCxJ52zS8+rqLa84TUshWxg="},{"iteration":2345,"seed":"6xiFryp3ABGgIMOJfqqk+xaKmAevfA86YGJuN0AFVVc="},{"iteration":2346,"seed":"FNqWMU5UyTRvISPmUuErjoYTRTcBTt5eJ6CIlrNJSTM="},{"iteration":2347,"seed":"s07bTGHlhbsWnLMnDC2A8a3c0zEhqKBvKnlcr3jL1eQ="},{"iteration":2348,"seed":"XjR33DXGNuo/vItmfWJ0TdlYju/ltA2puEH3xncwu3M="},{"iteration":2349,"seed":"ow11Z7JKse5QQZIkgat94UqalAIWpgH6KF+zY/TiiVQ="},{"iteration":2350,"seed":"ofBPPJp9jqygB2HyKz4oWfnmkZhk1mo1z7RLHuR5HE0="},{"iteration":2351,"seed":"gpdHYkN6zAEhDi/BkMl3xiUNuCi9X8SOMw3nu1FtNvc="},{"iteration":2352,"seed":"uqKH2jY9ueAX92j2vsVvo0jm//U/ao34mJJHJcjXBeo="},{"iteration":2353,"seed":"zOT0ZQjuwdUez6mDiCT/o6DuEDPmutoyW+U5m93D/lc="},{"iteration":2354,"seed":"m8+NIIQgidltgEArulJfAuDcFjkkZLPfD8ih4Vb9rg8="},{"iteration":2355,"seed":"aVRSjP/Bqh4fhBaCXLWfFD2F7vyz9DdkTERuWCKVzTQ="},{"iteration":2356,"seed":"4Vkea4wlG+JY9GpvDNp1rVLJBok3PCu9mwUoHhJoEq0="},{"iteration":2357,"seed":"Y43Ig3sEovIszil4jpZqNzbMWIemXD6ZMEIDY/myEMc="},{"iteration":2358,"seed":"ZWG0L62hwUo2G/jp5vPBxzbDj6ytbkAr/Y61MFoAU9U="},{"iteration":2359,"seed":"aw5XHeNFnfRA+g8jcubDXK7jR2BiaNS37iUf1x1zpdM="},{"iteration":2360,"seed":"N6Jv3vCnZSSD9OOxLAwaKZlss3t1mGME5Z5vUP5z0aw="},{"iteration":2361,"seed":"8Kibu/KWfS7Hlbh7XkXgdE1Hqb/CIyDt1UWtY6vnBgA="},{"iteration":2362,"seed":"+8ff5WosrkqQbT11rt1o1nFLs9CAr4/EKQnDnT5yGqM="},{"iteration":2363,"seed":"Wrgwk4I50wKrZ8oS3s0Y0ICvsIL9hmnZth2JYAJEcI0="},{"iteration":2364,"seed":"VdL+ULmj63LQVvSXMoIXlfNlsueUheqMnizkV5tiewE="},{"iteration":2365,"seed":"yv7Cc6Rj3zp/GDOeb7aRAk6lR9xtXGJJasl4SCbUgYs="},{"iteration":2366,"seed":"uTVbhPX7KWkUHtRLglBgEMPKkubAWwHOWeOU/6QaW94="},{"iteration":2367,"seed":"5azBWSnQbORJYEiR+tLIlqgFePXck/n6A6HpPi0FtrY="},{"iteration":2368,"seed":"TjIvLWgvv2nSWy2dFbAHlW2p9I6ThmLPREDKe1GvFRg="},{"iteration":2369,"seed":"+hi2YuOWQxaCsBwcrhK2hFTJV7uEP5kYvRsQo4VwFuY="},{"iteration":2370,"seed":"6nHNFD2LU9MnJns6PKRmT/Dlkp38Udh3pLe/AXg1520="},{"iteration":2371,"seed":"R7a/+uRPipm9jCrWwdapzR1I9YHtzhZTnrt38jRgI2k="},{"iteration":2372,"seed":"YQHbFedfqxnKUuC0jibVqCJKRVj8phPmbYmAZQBx53Q="},{"iteration":2373,"seed":"M2t1k3O1NqJuQt+iHMWwQhjrreLd2DMddrZoSU7un9Q="},{"iteration":2374,"seed":"x5trdHx1BWr3Nz2Rv08q1wCAXi1y0O5o2B5YhA7HgQo="},{"iteration":2375,"seed":"DtU8Z+7iPW2E9E1/pMpzKeDn4CxUPYC2coDPM9Zny/c="}]},{"senderKeyId":569905645,"senderChainKey":{"iteration":2341,"seed":"3qTlV54wL+WMMyKVXmQ6phhaqk6V0z+oXq/iR2MvOds="},"senderSigningKey":{"public":"BQl3e96efmXqOz+GQjS585B2glIhQBiAbzDMdQCDmFFP"}},{"senderKeyId":569905645,"senderChainKey":{"iteration":2357,"seed":"+7niNv3Obg8/PkK6SVxsvKpeANjiwIVmAxtSOPv6KOs="},"senderSigningKey":{"public":"BQl3e96efmXqOz+GQjS585B2glIhQBiAbzDMdQCDmFFP"}},{"senderKeyId":569905645,"senderChainKey":{"iteration":2367,"seed":"v4Jwb91Ukl6AIYf3lV0W0P/4n+O9bbo2bnc3T0Dak9g="},"senderSigningKey":{"public":"BQl3e96efmXqOz+GQjS585B2glIhQBiAbzDMdQCDmFFP"}},{"senderKeyId":569905645,"senderChainKey":{"iteration":2375,"seed":"qsXP2G08PBi08BdYLB6w49HC6ACGhr6aUjzi4v4vbDw="},"senderSigningKey":{"public":"BQl3e96efmXqOz+GQjS585B2glIhQBiAbzDMdQCDmFFP"}}]