[{"senderKeyId":231689737,"senderChainKey":{"iteration":263,"seed":"4ls6OzlGgHyv7oWGfYl/oWpni2TOryln2vYYlhy10j4="},"senderSigningKey":{"public":"BYp4HmXvp+WDOk2UtUnQpUXhijreqARAqD3xVrqKUc8P"},"senderMessageKeys":[{"iteration":237,"seed":"wM2T+pZI9TFqrWfieiCOe5OuuU+76SR0ig3a0UYzWEU="},{"iteration":238,"seed":"c61yZGm2GgJKBf6KOaG4/cLNEiCgRCShq/SLGOq4uAY="},{"iteration":239,"seed":"8UX62nNa3hlkccPtvSdUxaU/Np7jXtZVCnVPgN8tbVo="},{"iteration":240,"seed":"MvBcWE7b95c0gmuoIbcmr41FpcbVdkqZ4SyN5dyGR80="},{"iteration":241,"seed":"5d19TEzGq5b5mzrrdOpzsEBBhyJcCJ5q+IwF2+Bte54="},{"iteration":242,"seed":"YZehnQwLXjT4NHD9CbQVn2OA6mpoYkBPYzyt5BAr7Es="},{"iteration":243,"seed":"3CFt1da1j0VcdfDVAa2XQDngc9bcBwV9dGlwkuYU2kE="},{"iteration":244,"seed":"zAjls9YhDKFWJt3RGCz2zb2fwAB59OOdBX5o7qYe8CQ="},{"iteration":245,"seed":"ZSCsra6C8vHI8oFLmCrQs8veYynuxow6jwGeGJA2uPg="},{"iteration":246,"seed":"ebh93r6iWCA5bjrjXYaJFGs+RMiSN0b3DJXY9vc8Uuc="},{"iteration":247,"seed":"R0hFO9vCni7jTZJPKJfqgTw2lnc23PlqUkov0bVL8vo="},{"iteration":248,"seed":"Wl8J9QdgCH71FdfjcJtehn1LxRqnC47O7W3mK7AonN4="},{"iteration":249,"seed":"t5/VdQjn0l1UgOPmQ3HsNpP1jRJPYzVp6EKs0XevNpo="},{"iteration":250,"seed":"DY0X1GHjNosYc4EPTZw5SuBi9gb7p2a1g+nWFzhqmAs="},{"iteration":251,"seed":"Td3KlhLzJbBDaQpdeE+mBpY81Axa+HfZ7GzAGWp4J54="},{"iteration":252,"seed":"R9pTakIL8yQ4kSZponyM6zfB9IU4l4se58t8YSGTyFk="},{"iteration":253,"seed":"t1T4x4wP2RUCQjBP+zXUBpAXL4yj5VnDX2h8KoXYKF4="},{"iteration":255,"seed":"nUwaKbatQtG/gIEBxGtjvs24cCjim3i/5yNpu91XDqw="},{"iteration":257,"seed":"bcebKQFdGcKx4wneLdYkBjEL+2E2PU83JgLVibVbQeQ="},{"iteration":258,"seed":"2pBFRuqQEckEv5qsMssohy44vnUkg6fQmrxU/TM8O2c="},{"iteration":259,"seed":"mDInTtnoHbYvh7mRoVlCAjHD29OVseSfUuV/U9wOh7w="},{"iteration":261,"seed":"QziZI5mBdBaKup3Tk+CnTWyv7gBRhr+D8h3vI7YXHXI="}]},{"senderKeyId":231689737,"senderChainKey":{"iteration":241,"seed":"UEWqC0BjwmlTNivPPho+kTHWlLnEc1Aza2ulWRi/AOU="},"senderSigningKey":{"public":"BYp4HmXvp+WDOk2UtUnQpUXhijreqARAqD3xVrqKUc8P"}},{"senderKeyId":231689737,"senderChainKey":{"iteration":245,"seed":"U9Oi+7X589fOY7lcGzpe/lTR9VPnYLEgIcdmwaVeRQQ="},"senderSigningKey":{"public":"BYp4HmXvp+WDOk2UtUnQpUXhijreqARAqD3xVrqKUc8P"}},{"senderKeyId":231689737,"senderChainKey":{"iteration":249,"seed":"otDg4slGfntgAjgrgcnHdoP/9XJXcCsDyON1W5XnQTM="},"senderSigningKey":{"public":"BYp4HmXvp+WDOk2UtUnQpUXhijreqARAqD3xVrqKUc8P"}},{"senderKeyId":231689737,"senderChainKey":{"iteration":253,"seed":"Ak0IaCL7xujc7/ajNY1eOyDT4ISBhOYYTBfWrnfXbUU="},"senderSigningKey":{"public":"BYp4HmXvp+WDOk2UtUnQpUXhijreqARAqD3xVrqKUc8P"}}]