[{"senderKeyId":724357531,"senderChainKey":{"iteration":32,"seed":"0kTS9Hv8JsnWtP23xbnwNyCadWvoMOKG/Xl9B1+4GvA="},"senderSigningKey":{"public":"BTvmojb88l0HlXHJ4tCv49KfKjORHRiEJr1p34Hcu2YC"},"senderMessageKeys":[]},{"senderKeyId":283677631,"senderChainKey":{"iteration":10,"seed":"FD2EP7K8oN/gfmWhNAWAIltIMC2Mj9bfdZknaGGB7jg="},"senderSigningKey":{"public":"BbqKEhoPOvhvVJlmeHaRcNhfXaZlyVe1GEIKz4s837wE"},"senderMessageKeys":[{}]},{"senderKeyId":283677631,"senderChainKey":{"iteration":1,"seed":"qNwuh+ZGGYalV+FsKI70miRWzFPV+ClsVgomeXnFeao="},"senderSigningKey":{"public":"BbqKEhoPOvhvVJlmeHaRcNhfXaZlyVe1GEIKz4s837wE"},"senderMessageKeys":[]},{"senderKeyId":283677631,"senderChainKey":{"iteration":3,"seed":"8uxM5PhZN+KgWk6N3Sy5uTCh/ZG6WzzfnpFblh8c3gE="},"senderSigningKey":{"public":"BbqKEhoPOvhvVJlmeHaRcNhfXaZlyVe1GEIKz4s837wE"},"senderMessageKeys":[]}]