[{"senderKeyId":777276604,"senderChainKey":{"iteration":1,"seed":"jp/Nv/k0ixTDcaxY5LU1ez7pKYL/2PtjUjlNrhwMhKU="},"senderSigningKey":{"public":"BSpLJ+ZouhQ+2/FQ19TlPMV1031mIhRsV6k00pQ28G0m"},"senderMessageKeys":[]},{"senderKeyId":1040666446,"senderChainKey":{"iteration":2,"seed":"JuwCfRT5w3qT3Yj6c/4UGIJUaiZOEG7Qs6JjTMsrPhQ="},"senderSigningKey":{"public":"BYxlkWanEEHCaSsSt8Imh23Ogu2rgU5psMoLNQa/z0ks"},"senderMessageKeys":[]},{"senderKeyId":106555252,"senderChainKey":{"iteration":5,"seed":"YL+FG7kglNs11xBEuoLJTaiyKAGUx520I/YvkWGAKPI="},"senderSigningKey":{"public":"BeT9rn3txu8SmK0AfchJP9Eu5S/Mzo0m0Eq0H1Tekg4r"},"senderMessageKeys":[]},{"senderKeyId":106555252,"senderChainKey":{"iteration":2,"seed":"9r3MFTwzdfzMG+Bq2eTNMFi/rHmuvRGzJMyxXkU01SU="},"senderSigningKey":{"public":"BeT9rn3txu8SmK0AfchJP9Eu5S/Mzo0m0Eq0H1Tekg4r"},"senderMessageKeys":[]},{"senderKeyId":1590438248,"senderChainKey":{"iteration":1,"seed":"6leFvMZSyLOGIAD3mrHfu1TVD4jevjxglLeS029u+uU="},"senderSigningKey":{"public":"BQct9FRsyxIcGtzP7DhIdO9vUvJcW8wUbJDlGOZqgYo+"}}]