[{"senderKeyId":749613013,"senderChainKey":{"iteration":939,"seed":"xjMFk278Kj4+jaBQnZd05L4r0ajX/uebrRYudSTa5k8="},"senderSigningKey":{"public":"BSnUSdDhM2MGpgA+8MOVQ0Zcmbx5GDu5CZJNWYWhqhxR"},"senderMessageKeys":[{},{},{},{},{},{},{},{},{},{},{},{},{},{},{},{},{},{},{},{},{},{},{},{},{},{},{},{},{},{},{},{},{},{},{},{},{},{},{},{},{},{},{},{},{},{},{},{},{},{},{},{},{},{},{},{},{},{},{},{},{},{},{},{},{},{},{},{},{},{},{},{},{},{},{},{},{},{},{},{},{},{},{},{},{},{},{}]},{"senderKeyId":749613013,"senderChainKey":{"iteration":861,"seed":"UYn6H5QUlem/zBF5mOyWF1xYEZuJZrylnqgTJ5jEQLs="},"senderSigningKey":{"public":"BSnUSdDhM2MGpgA+8MOVQ0Zcmbx5GDu5CZJNWYWhqhxR"},"senderMessageKeys":[]},{"senderKeyId":749613013,"senderChainKey":{"iteration":905,"seed":"697Nfam0O01DNQvck6R5bgw714gBYG7KSi2C2SDN/Wc="},"senderSigningKey":{"public":"BSnUSdDhM2MGpgA+8MOVQ0Zcmbx5GDu5CZJNWYWhqhxR"},"senderMessageKeys":[]},{"senderKeyId":749613013,"senderChainKey":{"iteration":909,"seed":"yxR8WXeRScnlclQ+UTB1dukcGDP6zALdljU69FfpmfI="},"senderSigningKey":{"public":"BSnUSdDhM2MGpgA+8MOVQ0Zcmbx5GDu5CZJNWYWhqhxR"},"senderMessageKeys":[]},{"senderKeyId":749613013,"senderChainKey":{"iteration":913,"seed":"AAUuK12c77yGzSJFcRxOErvpP8mBxeiZEfjw64jqfNE="},"senderSigningKey":{"public":"BSnUSdDhM2MGpgA+8MOVQ0Zcmbx5GDu5CZJNWYWhqhxR"},"senderMessageKeys":[]}]