[{"senderKeyId":2078813419,"senderChainKey":{"iteration":25,"seed":"cOgNyLX6xWQG1BJjW9n6Vx9xJLH4NKLDsBAuBGmKZxg="},"senderSigningKey":{"public":"BbMoZgQNYAAJErFJcA2rh5QgcLjXcTIlZW6fY1OJSBUI"},"senderMessageKeys":[{"iteration":1,"seed":"LgFeLBc20CnQ+0TlAigOkliEcLXSVi95HSMXvO8WuEA="},{"iteration":3,"seed":"jXr4UA+hla3HnXTHC3Wazifg4n4ElgogmHb0Shh/pos="},{},{},{},{},{},{},{},{},{},{},{},{},{},{},{}]},{"senderKeyId":2078813419,"senderChainKey":{"iteration":1,"seed":"d4cT88ykvgH4Q8eooP+fz/FjJ7DKVo8U6fsyhDDPJGo="},"senderSigningKey":{"public":"BbMoZgQNYAAJErFJcA2rh5QgcLjXcTIlZW6fY1OJSBUI"},"senderMessageKeys":[]},{"senderKeyId":2078813419,"senderChainKey":{"iteration":3,"seed":"QjaxQILxPnt8Q+jy6Mb+DGS4SmYK1xoRZ6ujI3WvSGg="},"senderSigningKey":{"public":"BbMoZgQNYAAJErFJcA2rh5QgcLjXcTIlZW6fY1OJSBUI"},"senderMessageKeys":[]}]