[{"senderKeyId":429711032,"senderChainKey":{"iteration":8,"seed":"pExPaHQQCV0NDT4r0PdIcB4MbkjIswsWbKsHYVi/Cko="},"senderSigningKey":{"public":"BZux6Jj4prxzOLGTxZu0Lnw14YzYNIx+sk67V97ZEQgA"},"senderMessageKeys":[]},{"senderKeyId":429711032,"senderChainKey":{"iteration":3,"seed":"SF7OCDQFgZH3b27YMVGlU7/IAHgLWz1WDP3v31HYb9g="},"senderSigningKey":{"public":"BZux6Jj4prxzOLGTxZu0Lnw14YzYNIx+sk67V97ZEQgA"},"senderMessageKeys":[]},{"senderKeyId":429711032,"senderChainKey":{"iteration":4,"seed":"osWFoYZxly7RxMGh/i6MWHYmbSd+oAmuua7J6wQP1Og="},"senderSigningKey":{"public":"BZux6Jj4prxzOLGTxZu0Lnw14YzYNIx+sk67V97ZEQgA"},"senderMessageKeys":[]},{"senderKeyId":2089890217,"senderChainKey":{"iteration":2,"seed":"8zZq/KOqXc38n7uZbgH1LtzSD3uzhVbuSBImylzZxaU="},"senderSigningKey":{"public":"BR+Z/Sl+beKpcwxnkDB0EMq3Xm+mKjB9zLhFRiCb8JZE"},"senderMessageKeys":[]},{"senderKeyId":2058541387,"senderChainKey":{"iteration":1,"seed":"bSWwkYXgfR8S/IkcSBlz1alOMhRSbA6jpe/Vk8FWbgI="},"senderSigningKey":{"public":"BekbyjXQZuqcnhpeEBKC3wEA3wNTv7yKjROh/YtHcDp/"}}]