[{"senderKeyId":2122683572,"senderChainKey":{"iteration":4,"seed":"bLvVWnPYqlNitffCrXnw6jGsJjzb5koil7fHkszt5OA="},"senderSigningKey":{"public":"BQR6CHRphDb7DDehNtioOhcul4ISC8U4A3W0oUEX7r8R"},"senderMessageKeys":[]},{"senderKeyId":2122683572,"senderChainKey":{"iteration":1,"seed":"Q7WmUhs5H8wpomEnenpRxJDCWb30PqCkoOJvobIcHp4="},"senderSigningKey":{"public":"BQR6CHRphDb7DDehNtioOhcul4ISC8U4A3W0oUEX7r8R"},"senderMessageKeys":[]},{"senderKeyId":2033758673,"senderChainKey":{"iteration":3,"seed":"TguWrQB9Ax1S1rFTnKK7bCKE8PN6aewUPBIhitbyvYI="},"senderSigningKey":{"public":"BQXbCTOa9h/VFI/SHNKDek/IZvwSiJYeBzCb27M0xq81"},"senderMessageKeys":[]},{"senderKeyId":1513044827,"senderChainKey":{"iteration":1,"seed":"TFp1tCKeaitCgjcsGTe4//Hvm7LxsL/lSrl5Yfwdrg4="},"senderSigningKey":{"public":"BZh+h+NXe5EdWpefrlEX2jS8fdAw2gkLn0xeOentSz97"},"senderMessageKeys":[]},{"senderKeyId":1322480778,"senderChainKey":{"iteration":1,"seed":"nvcEBo2egvFXnaRVFPdmb2u0IH3EUrhgepaasfzkHsQ="},"senderSigningKey":{"public":"BYXW1BlyBW3dqYZb0knWEsd6NU2NDDlQR3i4T/crXRJF"}}]