[{"senderKeyId":340014877,"senderChainKey":{"iteration":255,"seed":"T/aU0NZrxFmWTadGCDbMFk00y7ZBF3SOmgOVPDeOWq4="},"senderSigningKey":{"public":"BSVOXpJ0ij2ejfx4eihHXdun32Xqbv229L+2/XuJvBNG"},"senderMessageKeys":[{},{},{},{},{},{},{},{},{},{},{},{},{},{},{},{},{},{},{},{},{},{},{},{},{},{},{},{},{},{},{},{},{},{},{},{},{},{},{},{},{},{},{},{},{},{},{},{},{},{},{},{},{},{},{},{},{}]},{"senderKeyId":340014877,"senderChainKey":{"iteration":195,"seed":"xDcPjp2qNXQwNqbCWX49IsmUOfH0h61DgI4Me4X6540="},"senderSigningKey":{"public":"BSVOXpJ0ij2ejfx4eihHXdun32Xqbv229L+2/XuJvBNG"},"senderMessageKeys":[]},{"senderKeyId":340014877,"senderChainKey":{"iteration":201,"seed":"GbzPoNfDHVtIlEYbAmSLKxwt9koYfZ33eIscKrg7faE="},"senderSigningKey":{"public":"BSVOXpJ0ij2ejfx4eihHXdun32Xqbv229L+2/XuJvBNG"},"senderMessageKeys":[]},{"senderKeyId":340014877,"senderChainKey":{"iteration":209,"seed":"Nk5AvdAmlWn4YRbBhZdEf8/FXu9oxxSUk0EHDpT8P9I="},"senderSigningKey":{"public":"BSVOXpJ0ij2ejfx4eihHXdun32Xqbv229L+2/XuJvBNG"},"senderMessageKeys":[]},{"senderKeyId":340014877,"senderChainKey":{"iteration":221,"seed":"YSGR+SGVVPj6ceabSgQhctW4thYe2CY916IO10pDIwo="},"senderSigningKey":{"public":"BSVOXpJ0ij2ejfx4eihHXdun32Xqbv229L+2/XuJvBNG"},"senderMessageKeys":[]}]