[{"senderKeyId":387678552,"senderChainKey":{"iteration":32765,"seed":"MP+4/Sm23TIMtcb5NUKC5bYELB2hPH0zcOwqJCO+31Q="},"senderSigningKey":{"public":"BVK1/HvJkuKlM3IqywRhelji1C4KX8sdZvsblshrgula"},"senderMessageKeys":[{},{},{},{},{},{},{},{},{},{},{},{},{},{},{},{},{},{},{},{},{},{},{},{},{},{},{},{},{},{},{},{},{},{},{},{},{},{},{},{},{},{},{},{},{},{},{},{},{},{},{},{},{},{},{},{},{},{},{},{},{},{},{},{},{},{},{},{},{},{},{},{},{},{},{},{},{},{},{},{},{},{},{},{},{},{},{},{},{},{},{},{},{},{},{},{},{},{},{},{},{},{}]},{"senderKeyId":387678552,"senderChainKey":{"iteration":32701,"seed":"U+0Yomltlr9F8b7fgDRkpGUWzVnhlxNXWXN3ZHw6Pfc="},"senderSigningKey":{"public":"BVK1/HvJkuKlM3IqywRhelji1C4KX8sdZvsblshrgula"},"senderMessageKeys":[]},{"senderKeyId":387678552,"senderChainKey":{"iteration":32709,"seed":"lcRLDc8g/Lg8ZLQ1J1F+wrb33jhMCYHdRkd5So7hK5Y="},"senderSigningKey":{"public":"BVK1/HvJkuKlM3IqywRhelji1C4KX8sdZvsblshrgula"},"senderMessageKeys":[]},{"senderKeyId":387678552,"senderChainKey":{"iteration":32725,"seed":"SL/e/g7qRvJa5JD0vqAAtILM4z9zzEsgZY+k0DZc65E="},"senderSigningKey":{"public":"BVK1/HvJkuKlM3IqywRhelji1C4KX8sdZvsblshrgula"},"senderMessageKeys":[]},{"senderKeyId":387678552,"senderChainKey":{"iteration":32733,"seed":"9XgSB7Q61xCkM5OS77SJ6oLJ3DAUbI6KSB67TVumUcE="},"senderSigningKey":{"public":"BVK1/HvJkuKlM3IqywRhelji1C4KX8sdZvsblshrgula"},"senderMessageKeys":[]}]