[{"senderKeyId":110604689,"senderChainKey":{"iteration":3,"seed":"g0+QfvGdn1S7IKbdnGG6kexmUxnAvwxzgEzouU7AaEQ="},"senderSigningKey":{"public":"BWdWMrm2mFgwm6FF1oaMKbRQvT6jmsRZjyTOFTFlF/4F"},"senderMessageKeys":[]},{"senderKeyId":965578699,"senderChainKey":{"iteration":2,"seed":"4+2CNVwm66Pm0VvQqSGBzK7Y2junuXuUs0O0uWd3AhE="},"senderSigningKey":{"public":"Bap5qeUcFoBo+ASqKhdZUWJiJ4MxUtSTnYyHoTG/3k4i"},"senderMessageKeys":[]},{"senderKeyId":965578699,"senderChainKey":{"iteration":1,"seed":"bRGa92M3wSqUsJRnP8xMJTFDWZM1vt7PQ3XtlIUMYdk="},"senderSigningKey":{"public":"Bap5qeUcFoBo+ASqKhdZUWJiJ4MxUtSTnYyHoTG/3k4i"},"senderMessageKeys":[]},{"senderKeyId":274433953,"senderChainKey":{"iteration":2,"seed":"CCtIxN2tWcrkUEUrJk6tc6Hnxp+CuGWJKp0pocIHA/Q="},"senderSigningKey":{"public":"BdwCfjKVVrZuS2pHXDj7PE7+XyLwwTWYbQxym0omFK0H"},"senderMessageKeys":[]},{"senderKeyId":1289769456,"senderChainKey":{"iteration":1,"seed":"P1Esb0EjRBytLUjcT+SwnS3iZCdQIgHyuWk4SBLR+iw="},"senderSigningKey":{"public":"BTPOPe3M4bmaIzBjqwwgg3TCwuZw/17cR4kWg5/Co1tG"}}]