[{"senderKeyId":1641918948,"senderChainKey":{"iteration":4,"seed":"fNcFBcDhpuQGWHUB7EZI2JSX91ATP+LWkIy6SlAvHKE="},"senderSigningKey":{"public":"BSmjH0YIFiAyshFEiMhefANsuhMW75aLCpLEWn5la2or"},"senderMessageKeys":[]},{"senderKeyId":332606428,"senderChainKey":{"iteration":2,"seed":"EySn76Ip0PsVaHoCc/kKHyRWsuruJ5N/O49A0qFj1UY="},"senderSigningKey":{"public":"BX1qQldrGvyrGYPP5ziDDtLJREDZFw3M3BDcvZY+dVR0"},"senderMessageKeys":[]},{"senderKeyId":1080053276,"senderChainKey":{"iteration":1,"seed":"Hrj2YWspkEpBDdKu5Z3NDJCNvuffXUml5vLq+drkv6E="},"senderSigningKey":{"public":"BY+jAir73VTbBtfZQtaK/YN1IDgqlIlY+ZtoLMhZckAS"},"senderMessageKeys":[]},{"senderKeyId":136700081,"senderChainKey":{"iteration":3,"seed":"iVEFxvTaZBj2iNkV6CQntBdat4oi7lAr798zX1yD4+0="},"senderSigningKey":{"public":"BdW0LFwADqXhv1D2QtJRNELroaHXql3YrNN24AF5vHYl"},"senderMessageKeys":[]},{"senderKeyId":1969458028,"senderChainKey":{"iteration":1,"seed":"E5jDl+SnUX8XTpm5/0i+IcYdoeHJZ0hOHs5a5BliBAY="},"senderSigningKey":{"public":"BawW6kIpy378dz5dIgJhsLb4lzGU36RNY02uMDUqb9pE"}}]