[{"senderKeyId":15675505,"senderChainKey":{"iteration":1103,"seed":"+Vr5MrW6rSL8Tl/Lv11EaoAZPeW5849flW7M8yYvp8I="},"senderSigningKey":{"public":"BUeEJAi5BkI5hDyPa5mOC2cLOIL+PWhlGqrDT76LnFNG"},"senderMessageKeys":[{"iteration":1083,"seed":"ZqKGIC75xTQ4MMAFedGn6JuSzXANXeTJEFHGKbllbks="},{"iteration":1085,"seed":"hVwMtapNnwRs/a1jatUQ/gtWPbxXIsTucJkrp+RrDxo="},{"iteration":1087,"seed":"CEhzp2eTefI7NzzZrHpPmDjc+CTD2t0ho3xw0CKvA1E="},{"iteration":1089,"seed":"58yyTXC3jj98c5fn4rlOPnbTGSjFSdN99y5rUuZCQK8="},{"iteration":1091,"seed":"ZIPGMmNbzWDQ6uQkOHSWBA7AlW1fieB/D6tnpVU8JFU="},{"iteration":1093,"seed":"gHsJOM5Xc9HqNguJZvPKOhnixrhsreZUgK6KMQQLLSU="},{"iteration":1095,"seed":"d9BLZAruCuHYp5irI9x5ryEW+lAvu1qW5eNlKW8LsHQ="},{"iteration":1097,"seed":"3QCfbn2ccoG9hqr8sCBOjYcg0w2OJ66EMoPPSSOxWTo="},{},{}]},{"senderKeyId":15675505,"senderChainKey":{"iteration":1085,"seed":"iZSNDmYX3RB6R2ZhdCb/OFgP4cZDeZV46oNTwTVE5ag="},"senderSigningKey":{"public":"BUeEJAi5BkI5hDyPa5mOC2cLOIL+PWhlGqrDT76LnFNG"},"senderMessageKeys":[]},{"senderKeyId":15675505,"senderChainKey":{"iteration":1087,"seed":"zMN/nVL9WlFd3Ik7PMs2inbkCD8v4FvZfJ8XOgK2SqE="},"senderSigningKey":{"public":"BUeEJAi5BkI5hDyPa5mOC2cLOIL+PWhlGqrDT76LnFNG"},"senderMessageKeys":[]}]