[{"senderKeyId":1360002055,"senderChainKey":{"iteration":1,"seed":"uASooYVLFsJkuL2LJ2jEsZj5taB5j3MQihhT/idDedc="},"senderSigningKey":{"public":"BR790T6Rkq5LdI2C7lT5jwR5u/31i1HKgD9BDKlDDTlf"},"senderMessageKeys":[]},{"senderKeyId":1255322944,"senderChainKey":{"iteration":3,"seed":"UnFTBtYBcwbNpgiT6PkHPZW/7qP9+0PenHvOGVJr0Ro="},"senderSigningKey":{"public":"BaRhK+Yi8tTNWxo57Si8lqUedfkl3Xmm200/DiP/YcZy"},"senderMessageKeys":[]},{"senderKeyId":1396775518,"senderChainKey":{"iteration":12,"seed":"+Y26R/lF/avVXb1rEuAFCv6cZF1CFb+vfgGVQT2YZJ4="},"senderSigningKey":{"public":"BYATOLkEV8dOIKhgKFK1wFx85I7nhegKf9/dHffiE8xK"},"senderMessageKeys":[]},{"senderKeyId":1396775518,"senderChainKey":{"iteration":11,"seed":"eusNnjSI2g87DsDNUublKNjtq67SPG+dyD0HGBwKcOU="},"senderSigningKey":{"public":"BYATOLkEV8dOIKhgKFK1wFx85I7nhegKf9/dHffiE8xK"}},{"senderKeyId":2114349937,"senderChainKey":{"iteration":1,"seed":"VRA02pSxbPnuFUr8Dva8H+NcbeIFeD8hLE0cv+lm1bE="},"senderSigningKey":{"public":"BWdpMXXESbbL46SP9XtervsWO52C5/eavdAqxAR8Xu55"}}]