[{"senderKeyId":1829403541,"senderChainKey":{"iteration":5,"seed":"61uttAtFQnsfCSemuODtbXRl3lLqqpfLg/OuzO1ovOM="},"senderSigningKey":{"public":"BS9GaK4mRE7FDUJr6jfBfeIF5t0oStHfWunhN+jVQiVb"},"senderMessageKeys":[{"iteration":1,"seed":"kk19uB5ovRGj/cq+VZXNMILPMli32t4nUT1Vnk20VnY="},{"iteration":2,"seed":"1SjQLWlNhe3nWQ4Ac8KFLldb3YE4CcDjNkrIyvSg6SQ="},{"iteration":3,"seed":"QrX7SdpA9GxlJwZ0u/ltGBaHZuSOgLwB1yB0D/JWQNA="}]},{"senderKeyId":1829403541,"senderChainKey":{"iteration":3,"seed":"urm3csMdQoFGr9qbo0vRA5RNQtsi2nxQqXKRDnufW1c="},"senderSigningKey":{"public":"BS9GaK4mRE7FDUJr6jfBfeIF5t0oStHfWunhN+jVQiVb"}}]