[{"senderKeyId":1475341466,"senderChainKey":{"iteration":0,"seed":"dpIqDQhZkO2zRt79d9BukDpB/op3cVTMFIfccHE7irw="},"senderSigningKey":{"public":"BS7E1TVRQ/2sFvJ5vRAHGanf/+0Vg6gSeUWPdtEwzYlA"},"senderMessageKeys":[]},{"senderKeyId":196150128,"senderChainKey":{"iteration":0,"seed":"6kPB5DzhPqxC31oclVN9Q1rezfrY5zAVUJ2G9RAOXD4="},"senderSigningKey":{"public":"BeAkmpsDRA0f2FtetVjqe8Z6RyifdjMjfxF6UNqdSckO"},"senderMessageKeys":[]},{"senderKeyId":511335546,"senderChainKey":{"iteration":0,"seed":"sR09TX6dX27ZcK5YG45tq5LX68BQ87FhWhjmhoeQksQ="},"senderSigningKey":{"public":"BfbEx3SxHYlurPiKfaYnPbJxzspFg7tmG0XMImmeGCwC"}}]