[{"senderKeyId":1258406247,"senderChainKey":{"iteration":941,"seed":"W7pWG+wze4VKxfXLSiMcXDPfRTNDb/5oEH1tayB8ovc="},"senderSigningKey":{"public":"BVw03RmKVqVTe1lky5YSXxvCktTVSlzF93RrB3DK9BYq"},"senderMessageKeys":[{},{},{},{},{},{},{},{},{},{},{},{},{},{},{},{},{},{},{},{},{},{},{},{},{},{},{},{},{},{},{},{},{},{},{},{},{},{},{},{},{},{},{},{},{},{},{},{},{},{},{},{},{},{},{},{},{},{},{},{},{},{},{},{},{},{},{},{},{},{},{},{},{},{},{},{},{},{},{},{},{},{},{},{},{},{},{},{},{},{},{},{},{},{},{},{},{},{},{},{},{},{},{},{},{},{},{},{},{},{},{},{},{},{},{}]},{"senderKeyId":1258406247,"senderChainKey":{"iteration":889,"seed":"NRECZd6TfanQCaXSnzxCUDfl54HnocOXFzVj1cLabys="},"senderSigningKey":{"public":"BVw03RmKVqVTe1lky5YSXxvCktTVSlzF93RrB3DK9BYq"},"senderMessageKeys":[]},{"senderKeyId":1258406247,"senderChainKey":{"iteration":895,"seed":"qSHpBqvDZq3I3UKcNWCx7Qn6yk4KhxKFts8Ge65gL0M="},"senderSigningKey":{"public":"BVw03RmKVqVTe1lky5YSXxvCktTVSlzF93RrB3DK9BYq"},"senderMessageKeys":[]},{"senderKeyId":1258406247,"senderChainKey":{"iteration":905,"seed":"bHyfrvNJiikaENyxyYQH07AH939mQAirKtgF/lyA1PM="},"senderSigningKey":{"public":"BVw03RmKVqVTe1lky5YSXxvCktTVSlzF93RrB3DK9BYq"},"senderMessageKeys":[]},{"senderKeyId":1258406247,"senderChainKey":{"iteration":921,"seed":"TvSilyd0u/4h8HGgIKDJBu88TF4O4NpQVjqloLkDjKI="},"senderSigningKey":{"public":"BVw03RmKVqVTe1lky5YSXxvCktTVSlzF93RrB3DK9BYq"}}]