[{"senderKeyId":814845749,"senderChainKey":{"iteration":215,"seed":"3hzsa/G5Td0SpHTN+Y9o5g7RwBOyjT8Gx+y6E8CuyEA="},"senderSigningKey":{"public":"BaoBvCoTH/Bh4izcb9DBqvtQVimrZONq9OhOzM1KT0cA"},"senderMessageKeys":[{},{},{},{},{},{},{},{},{},{},{},{},{}]},{"senderKeyId":814845749,"senderChainKey":{"iteration":205,"seed":"+L/Jkt7u4Plqi0KIxn/aCNFWCB/93iPmgPjF4ZUeFuU="},"senderSigningKey":{"public":"BaoBvCoTH/Bh4izcb9DBqvtQVimrZONq9OhOzM1KT0cA"},"senderMessageKeys":[]},{"senderKeyId":814845749,"senderChainKey":{"iteration":207,"seed":"FkMBWSJbksUm+pWMPlaNj2pGzBIQw67CQlWkuMnWSgQ="},"senderSigningKey":{"public":"BaoBvCoTH/Bh4izcb9DBqvtQVimrZONq9OhOzM1KT0cA"}},{"senderKeyId":814845749,"senderChainKey":{"iteration":211,"seed":"lD4fC8Yl8W6vkWE3kM4Mbje7RAtfAkUnSEmm2mUngf8="},"senderSigningKey":{"public":"BaoBvCoTH/Bh4izcb9DBqvtQVimrZONq9OhOzM1KT0cA"}},{"senderKeyId":814845749,"senderChainKey":{"iteration":213,"seed":"xVmJV8lUq0MyXZ45ZdiJfrX2chY1SEpTTg+3wig68nQ="},"senderSigningKey":{"public":"BaoBvCoTH/Bh4izcb9DBqvtQVimrZONq9OhOzM1KT0cA"}}]