[{"senderKeyId":1839453651,"senderChainKey":{"iteration":8,"seed":"u3b7e9T4suEYscTQIa33lykdRLFseetS/RyfmwyVBCM="},"senderSigningKey":{"public":"BWCSmeTHcBAz8Ul2hel4p6H/bgho319T7zi+0jQlAm9J"},"senderMessageKeys":[]},{"senderKeyId":1839453651,"senderChainKey":{"iteration":6,"seed":"Ff8rPapT/uQRt1eK5O5uREW0LZY64mrIj63+fRthaTI="},"senderSigningKey":{"public":"BWCSmeTHcBAz8Ul2hel4p6H/bgho319T7zi+0jQlAm9J"},"senderMessageKeys":[]},{"senderKeyId":1119590714,"senderChainKey":{"iteration":3,"seed":"qImT2Vo8jTbnn1g582/ApgalL4Y2Le1eAQdjJBSdmX8="},"senderSigningKey":{"public":"BfMkv4wQAZckAc7ipVeR9S/SoxFr9adm6bIT5A+5zLYb"}}]