[{"senderKeyId":292391967,"senderChainKey":{"iteration":2,"seed":"ZgyfTk+ZVYsrEgEoEvmA4pRJawYKLaq/guV5ogCm3pI="},"senderSigningKey":{"public":"BScSK0fyxP9p/GFVFWAjOgHCt+7kfBy9Z3surB0S8DJ8"},"senderMessageKeys":[]},{"senderKeyId":675149453,"senderChainKey":{"iteration":18,"seed":"0tx7HRsvFX7zLlJlWNCOXWLUptO8sfAIEg/6WRD5yYc="},"senderSigningKey":{"public":"BXsdf48F1Fz3ivcurN6OMCx3dDgLOGpuiXYKszyjLtdE"},"senderMessageKeys":[]},{"senderKeyId":675149453,"senderChainKey":{"iteration":6,"seed":"6SlTKtLA5Ckri6WBwyFjioTlePygzdeEpg6717h33o0="},"senderSigningKey":{"public":"BXsdf48F1Fz3ivcurN6OMCx3dDgLOGpuiXYKszyjLtdE"},"senderMessageKeys":[]},{"senderKeyId":675149453,"senderChainKey":{"iteration":17,"seed":"KMTGvdCyYqL1MSTDgG2S4d2ysYPxj1Rvk1o1tJfOu9k="},"senderSigningKey":{"public":"BXsdf48F1Fz3ivcurN6OMCx3dDgLOGpuiXYKszyjLtdE"}}]