[{"senderKeyId":346014151,"senderChainKey":{"iteration":33,"seed":"I6QShLWledZ6BjPrI338sfguUcxaIbUYQoCsNl2otqQ="},"senderSigningKey":{"public":"BTxHeSXhEAN/xa92j1rDMRc7CUXoSPTnCs2pN85Yico2"},"senderMessageKeys":[{"iteration":23,"seed":"NC4n0VG8JSuh9H7orErjtbcL+IFUjXxn0fneEXjk+yA="},{"iteration":25,"seed":"y9YJ1ce2XBgcMEDAizDw6Jkb4iO870yaCouzS3duaRQ="},{"iteration":26,"seed":"LecgdQZiUCbKK0ir0ZPKXCJZ7OnzGqJ2aVaoIEjSUoQ="},{"iteration":27,"seed":"d+skfa0Yu4fKuPz5c4rheXCUgnwuKeZ3C/AMq0FJ3R4="},{},{},{}]}]