[{"senderKeyId":1886543333,"senderChainKey":{"iteration":1,"seed":"749zKOF0unuOg1r376v2ZSdF0Sv2MPyTD1/CTRmONTM="},"senderSigningKey":{"public":"BZ33KfLfqEg5wz70B7eX9aAbMeopaDcWhvp6Ngnect1p"},"senderMessageKeys":[]},{"senderKeyId":786340815,"senderChainKey":{"iteration":1,"seed":"eJQoQpxDZNZ4D1zMX6cb6tUTFbTvJoYJ+8pg+hJIuYQ="},"senderSigningKey":{"public":"BQMwrf3OrL3VRY4VCiMsYSSyDeBUSR1juf/1hwkQcGxa"},"senderMessageKeys":[]},{"senderKeyId":1581422118,"senderChainKey":{"iteration":2,"seed":"d2ryWER5C6EoGU48HOusavCkmG7iqO9jiETy3m+ETW4="},"senderSigningKey":{"public":"BV+TDKhE6ens1mfEb73g8VP7fECHVqzquBnteA83SW8h"},"senderMessageKeys":[]},{"senderKeyId":1951096903,"senderChainKey":{"iteration":2,"seed":"WgFjjnpaF8QiXqPg23NuQzFe/8lIBKeRVUK0Ib2gHhM="},"senderSigningKey":{"public":"BQM7bzpQK7Yex0To5P5Ye/aae7rrOD3pHRYTm6joorE2"},"senderMessageKeys":[]},{"senderKeyId":566535987,"senderChainKey":{"iteration":1,"seed":"vhf5wLI1jleYRaEvafophHP1n3+dsmBbBTJpxP0NQy8="},"senderSigningKey":{"public":"BSswLQMNyPbSDExgJ2pl7wCfuJp9IJze8SoDHdzaFiNB"}}]