[{"senderKeyId":366529355,"senderChainKey":{"iteration":93,"seed":"oLf3kUvGRrWkIhtelFhpPqVTjuJMd7iBmYBUeC26DzY="},"senderSigningKey":{"public":"Bb5UL/mAqN6c0dkDzbMjRlNifhAFAF0HkoXXE3EGJMRm","private":"eL81MayYP43TweTrGBapYCb4egyFjw1gslKBkhsPcFI="},"senderMessageKeys":[{"iteration":1,"seed":"SN6P43N+BDWrle5HJbYuFmHpCP4aLBCnWenl5ZUN4yw="},{"iteration":3,"seed":"2J0VlDAtvO+QdiN7PXvsde44mkUbBYwZ4yNdPVIuGVA="},{"iteration":5,"seed":"4mdUJ9myUqathdady/Db3BCdpLF9oZbmSL8uVhJ+CHg="},{"iteration":7,"seed":"R1125L6JlBoWhw7v8mLJMq/TxR7dCaDjZHYCzRcKSYg="},{"iteration":9,"seed":"OGSHOe0yuEl8wwY3WSIDYf3UByox7zhKMghs/Hh+Qes="},{},{},{},{},{},{},{},{},{},{},{},{},{},{},{},{},{},{},{},{},{},{},{},{},{},{},{},{},{},{},{},{},{},{},{},{},{},{},{},{},{}]}]