[{"senderKeyId":1577769733,"senderChainKey":{"iteration":73,"seed":"KF+URty5kNZMMdLy4dQ+qeDPgnl8kxLVOHTZXtj6wnc="},"senderSigningKey":{"public":"BfWoK4dDuc1K1vRKbxNJ4JYC8/OSo5X0e/DpL5yZWNoy"},"senderMessageKeys":[{},{},{},{},{},{},{},{},{},{},{},{},{},{},{},{},{},{},{},{},{},{},{},{},{},{},{},{},{},{},{},{},{},{},{},{},{},{},{},{},{},{},{},{},{},{},{},{},{},{},{}]},{"senderKeyId":1577769733,"senderChainKey":{"iteration":39,"seed":"Ikf9rpsR25T1dB9cGmiEjhgQCKp/CGZ3Z8VCEaOodSY="},"senderSigningKey":{"public":"BfWoK4dDuc1K1vRKbxNJ4JYC8/OSo5X0e/DpL5yZWNoy"},"senderMessageKeys":[]},{"senderKeyId":1577769733,"senderChainKey":{"iteration":47,"seed":"x+uGXUDM6zep+6H/d0/e2E4/H+oPl2Y91sHq9mkdzGo="},"senderSigningKey":{"public":"BfWoK4dDuc1K1vRKbxNJ4JYC8/OSo5X0e/DpL5yZWNoy"},"senderMessageKeys":[]},{"senderKeyId":1577769733,"senderChainKey":{"iteration":53,"seed":"SlqZezB2gdxIEMMyeP0lEsC8owDne3WC05Agqdp6DJY="},"senderSigningKey":{"public":"BfWoK4dDuc1K1vRKbxNJ4JYC8/OSo5X0e/DpL5yZWNoy"},"senderMessageKeys":[]},{"senderKeyId":1577769733,"senderChainKey":{"iteration":59,"seed":"EdUMYa1sGtQ2V+b70izj0npSrgVp1hkMVVhnJu4vciU="},"senderSigningKey":{"public":"BfWoK4dDuc1K1vRKbxNJ4JYC8/OSo5X0e/DpL5yZWNoy"},"senderMessageKeys":[]}]