[{"senderKeyId":822647748,"senderChainKey":{"iteration":705,"seed":"XZmvEXbeXsrtPdpqDK/hulJyUZFSG19sZTTtTaMIFZM="},"senderSigningKey":{"public":"Be35YglUVWRCJrna6hnQpuEyN1P8NNIrQSuwsPqHRX92"},"senderMessageKeys":[{},{},{},{},{},{},{},{},{},{},{},{},{},{},{},{},{},{},{},{},{},{},{},{},{},{},{},{},{},{},{},{},{},{},{},{},{},{},{},{},{},{},{},{},{},{},{},{},{},{},{},{},{},{},{},{},{},{},{},{},{},{},{},{},{},{},{},{},{},{},{},{},{},{},{},{},{},{},{},{},{},{},{},{},{},{},{},{},{},{},{},{},{},{},{},{},{},{},{},{},{},{},{},{},{},{},{}]},{"senderKeyId":822647748,"senderChainKey":{"iteration":599,"seed":"GClEjskMpWU2Vmz0wfQPvgyRtSxkGKQZ4k7OPryfAmE="},"senderSigningKey":{"public":"Be35YglUVWRCJrna6hnQpuEyN1P8NNIrQSuwsPqHRX92"},"senderMessageKeys":[]},{"senderKeyId":822647748,"senderChainKey":{"iteration":665,"seed":"4ek9rQR1k7afvXlKTjyusBuubSAslrUOliR/FstHaFU="},"senderSigningKey":{"public":"Be35YglUVWRCJrna6hnQpuEyN1P8NNIrQSuwsPqHRX92"},"senderMessageKeys":[]},{"senderKeyId":822647748,"senderChainKey":{"iteration":675,"seed":"9/pgQv9hN926aJAEIXC1b6v25VVTnPHxTIzZyk2w6o4="},"senderSigningKey":{"public":"Be35YglUVWRCJrna6hnQpuEyN1P8NNIrQSuwsPqHRX92"},"senderMessageKeys":[]},{"senderKeyId":822647748,"senderChainKey":{"iteration":695,"seed":"tK/txZXtt4WOMrumuLhEPbtgvZDKBrcZN13xJ6oMrUM="},"senderSigningKey":{"public":"Be35YglUVWRCJrna6hnQpuEyN1P8NNIrQSuwsPqHRX92"},"senderMessageKeys":[]}]