[{"senderKeyId":1877458015,"senderChainKey":{"iteration":637,"seed":"CBpbSozcEL5rkA50BGUEVewctsl1bx7ffg+ZVGDzrW4="},"senderSigningKey":{"public":"BazfPNCwfkRZPEBtOKE9lcS5uBKVgX62ITZ4KSgW1gJc"},"senderMessageKeys":[{"iteration":615,"seed":"V+2eyKpx7YVeiWDB92sPRAg/hWQMGPEnrtMuf+3Cwk4="},{"iteration":616,"seed":"m/fMqBNl/TuRnsNGKvDKGFUAmD5nuCbfqfY3vNxcmH4="},{"iteration":617,"seed":"ZXz11ojoKvwxy0Gydsc89/sC3MGwjLGkZLpfrEaie+w="},{"iteration":618,"seed":"UcT+tiTdvxUZckTLgSA5wMqYcJLvAhdAL7BeNFDNLVw="},{"iteration":619,"seed":"pCFtUA8EtuV03X7d8z3IxQSHXSXHBmFHTwEhGeoFy4s="},{"iteration":620,"seed":"Te06pIrZafbHquLH1/ZoE0UcieM6PDMVsTiO2+26fk4="},{"iteration":621,"seed":"KnM3A3N0u6NIdYl9yQ2pVwtP1sd8Sl1Cv63+RVOxwGM="},{"iteration":622,"seed":"jU5Y/W0dgESkB2CwU8LYOBohE0TYO3+8/AOIzhLcoeE="},{"iteration":623,"seed":"XqZwUFnOmD8KfpbKEcgQvKAeKHCBSBPtuG6IlURntr8="},{"iteration":624,"seed":"rk6BANpxxqcBe7XHq0x6tSEepUyOC8/LrDgduTE1KB8="},{"iteration":625,"seed":"8dRDHEzBqktVgdhxHE8JSZD3+ycCzd2xaKzxiTqdPjU="},{"iteration":626,"seed":"3usuwXHg6Srr1sgBA18z0KROwzt1ABHd7d7OvncS8gY="},{"iteration":627,"seed":"YmFL9O/O4Tbcx5AFFCpkYwBN6h8UyhjZax66BaoaAm0="},{"iteration":628,"seed":"Im5NSSW14YdVYj66itVMNKzKfWXwkmRNXcbZ0MmKunQ="},{"iteration":629,"seed":"aKTKRFvPMpwSIfQYC6ck2S1+EevVznqgOYlx+fzIC+s="},{"iteration":630,"seed":"xje6JSVHbInSA71ndOxdkIlBwPPgZU9ouZVIvRr9mvE="},{"iteration":631,"seed":"kGL4T2iAxbpiBfSV5Z4+zX9BnUdVSO1eUAqCwlp4NkA="},{"iteration":632,"seed":"C6uL1TdJ2ZS5dt3UeKyuq2wv0a/u5H2EZGDoaDBtwZQ="},{"iteration":633,"seed":"wbzz7dA6H9KuQTVSHnBEFXF1xP4KbSn+x1W+LfRXCkw="},{"iteration":634,"seed":"jUzQsLQisd1cE9470m9T/uSk8nt0YZdBistX6CVi1rc="},{"iteration":635,"seed":"1yF4uo1FdJZHov2zAY6N6iovRLz1jP8PFcuGyQeGLfc="}]},{"senderKeyId":1877458015,"senderChainKey":{"iteration":619,"seed":"saXwZB5jSFteNuYwEfjoXbibik5KZueoWCurVFkirHQ="},"senderSigningKey":{"public":"BazfPNCwfkRZPEBtOKE9lcS5uBKVgX62ITZ4KSgW1gJc"}},{"senderKeyId":1877458015,"senderChainKey":{"iteration":623,"seed":"9L/eqM30TPaG1A8FlowUmYFAAPTJr+wJW3oEg+IuRT0="},"senderSigningKey":{"public":"BazfPNCwfkRZPEBtOKE9lcS5uBKVgX62ITZ4KSgW1gJc"}},{"senderKeyId":1877458015,"senderChainKey":{"iteration":629,"seed":"W1mYED6NlR/Kbg0GL8l5D58Zd1X98gKOYYHWt9N0kbQ="},"senderSigningKey":{"public":"BazfPNCwfkRZPEBtOKE9lcS5uBKVgX62ITZ4KSgW1gJc"}},{"senderKeyId":1877458015,"senderChainKey":{"iteration":635,"seed":"7omd9Zs5ggX4JI/ZFQ7tdIvefQFMajPSvonk3vMMusk="},"senderSigningKey":{"public":"BazfPNCwfkRZPEBtOKE9lcS5uBKVgX62ITZ4KSgW1gJc"}}]