[{"senderKeyId":403623023,"senderChainKey":{"iteration":3,"seed":"O6g265rCoiPSYFf18nKDXUetWVV9T6bWBT7e4LkR6M4="},"senderSigningKey":{"public":"BS3ehqMY4/mii8LNAGTBEgEarv0cwmxze/P19CJBt5wP"},"senderMessageKeys":[]},{"senderKeyId":403623023,"senderChainKey":{"iteration":2,"seed":"KuZC/lgeaC5nujK1KvN/PD2VW1MAa8KMKjRG4m33n/0="},"senderSigningKey":{"public":"BS3ehqMY4/mii8LNAGTBEgEarv0cwmxze/P19CJBt5wP"},"senderMessageKeys":[]},{"senderKeyId":766432767,"senderChainKey":{"iteration":1,"seed":"MJ3OHdjyrtozzit3bnOM8ioGI5KgSueJLCTauNF66+A="},"senderSigningKey":{"public":"BYsqNyKRVsKynKHqyuhWCy/12RO25n/uN4ONhUQKwRYa"}}]