[{"senderKeyId":1643140418,"senderChainKey":{"iteration":7,"seed":"N7Hb6IyuGQy1b8tAZdpTyRsAV4Y4jUdgLq9fxe3Nzfw="},"senderSigningKey":{"public":"BcS+tvknB3//2hqMVLQ+tRMfQ44UYB7D2kTxx5uhSMNy"},"senderMessageKeys":[{},{},{}]},{"senderKeyId":1643140418,"senderChainKey":{"iteration":1,"seed":"+/K7+WdL4KA4QbhJDP4DBIXOTOK4Ailgi3GYxSqzaG0="},"senderSigningKey":{"public":"BcS+tvknB3//2hqMVLQ+tRMfQ44UYB7D2kTxx5uhSMNy"}},{"senderKeyId":1643140418,"senderChainKey":{"iteration":3,"seed":"/hBe7xF0mAbYf7GV5vBfrMiULqa/5BSrND4e4s6bvKY="},"senderSigningKey":{"public":"BcS+tvknB3//2hqMVLQ+tRMfQ44UYB7D2kTxx5uhSMNy"}},{"senderKeyId":1643140418,"senderChainKey":{"iteration":5,"seed":"v5e1qeA7ayjoSncOWxQbKwzSdQyBbR7Pe4IQKHsHatk="},"senderSigningKey":{"public":"BcS+tvknB3//2hqMVLQ+tRMfQ44UYB7D2kTxx5uhSMNy"}}]