[{"senderKeyId":2051383559,"senderChainKey":{"iteration":563,"seed":"0re3JZFHA72mZLiJp5RbrMXpE8KUy9CnViA5eTCsdiU="},"senderSigningKey":{"public":"BeTVYg6HADq3WJpVvC/i24In7I8VEwKvQrSVrzkWtkhq"},"senderMessageKeys":[{},{},{},{},{},{},{},{},{},{},{},{},{},{},{},{},{},{},{},{},{},{},{},{},{},{},{},{},{},{},{},{},{},{},{},{},{}]},{"senderKeyId":2051383559,"senderChainKey":{"iteration":547,"seed":"Q8D0WHKdmQTzNQc3s7YrdBa6nFz2MkhhhVK2kTCDjU8="},"senderSigningKey":{"public":"BeTVYg6HADq3WJpVvC/i24In7I8VEwKvQrSVrzkWtkhq"},"senderMessageKeys":[]},{"senderKeyId":2051383559,"senderChainKey":{"iteration":553,"seed":"B7ZqRo/GhjfkRz1ZaNkrWkh1tB2SAxAZm16RXPAhESw="},"senderSigningKey":{"public":"BeTVYg6HADq3WJpVvC/i24In7I8VEwKvQrSVrzkWtkhq"}},{"senderKeyId":2051383559,"senderChainKey":{"iteration":557,"seed":"BMjdjyi7a2prE9zGWugjOR1yVq+yXPGBmChjQGtkONE="},"senderSigningKey":{"public":"BeTVYg6HADq3WJpVvC/i24In7I8VEwKvQrSVrzkWtkhq"}},{"senderKeyId":2051383559,"senderChainKey":{"iteration":561,"seed":"aypa972G7GWFLI+AH/jtFwVEszq90NnIcT1Bt4O2DMs="},"senderSigningKey":{"public":"BeTVYg6HADq3WJpVvC/i24In7I8VEwKvQrSVrzkWtkhq"}}]