[{"senderKeyId":1662106378,"senderChainKey":{"iteration":5,"seed":"KYJOu9mLWgmQAmGDoh0J9hST6bDR9au/1xkeyaQpfH4="},"senderSigningKey":{"public":"BX8crpS1iRKDpYRqCvYpCv+G9Ae4TuQHKU9A5UoadWQg"},"senderMessageKeys":[{"iteration":2,"seed":"aKyfNANmV8yE9doKEHZfWJcutaxWqwi9VVG3XlHTp+s="}]},{"senderKeyId":336930611,"senderChainKey":{"iteration":2,"seed":"pqxQVsRVEN0sBdrEcwdONOLjET4n8iuUBNrjrw5KyHY="},"senderSigningKey":{"public":"BYg2hBYnEwxWNmVVnwMWvHYWNc+lGKZRZsjJ3eIEOAUA"},"senderMessageKeys":[]},{"senderKeyId":331462267,"senderChainKey":{"iteration":3,"seed":"2NEZl27UsWAn1L0w9TYbU4D3gPaXbakti525pSRpd6U="},"senderSigningKey":{"public":"BYpkKs5VZJw+Q4Cyni6Srt2Dx6WfjXGeJ96xxxxZb2AC"},"senderMessageKeys":[]},{"senderKeyId":331462267,"senderChainKey":{"iteration":1,"seed":"oo2bFdw4xaF0lbVRGJ0ej0Q+x9oXKFUgp2FpjzMyzHs="},"senderSigningKey":{"public":"BYpkKs5VZJw+Q4Cyni6Srt2Dx6WfjXGeJ96xxxxZb2AC"},"senderMessageKeys":[]},{"senderKeyId":1687560695,"senderChainKey":{"iteration":1,"seed":"2yTXrWrwnazjQ7FdHiG++mnvvgeZ3Ua7jZDxGdoFdeA="},"senderSigningKey":{"public":"BbkJkYahxWg9sj4w7PcSIGuHoqC9EtlOT0wzkG/AFVlU"}}]