[{"senderKeyId":437360576,"senderChainKey":{"iteration":413,"seed":"imFqHdEHPN7LL15Thg0oCOmL2dW+mbRMPmGXPEAqe0Q="},"senderSigningKey":{"public":"BSpmKbErotNGuhTYiJArYEf4WXxbrxuBeSCvkgVbVxxX"},"senderMessageKeys":[{"iteration":405,"seed":"nqlZFTfV6YHCNgDbmnuVp0PzU28aU0Yc4Q9MQQc/M3U="},{"iteration":407,"seed":"w3apsvanmLCmNaeX3eoxaTFQwijABQpsjSdn7YUgjXs="},{"iteration":409,"seed":"QU+6/43kYhzhjjd0FmKve4ooWMz9ZdAV+tmb0EQCY5s="},{"iteration":411,"seed":"6YCKa90AMWnCDEdB9k5GkdOjPyQFTlqutHNSRTkCAEA="}]},{"senderKeyId":437360576,"senderChainKey":{"iteration":407,"seed":"+qBELZeMC92vMo0hdfx79VkRKetw+3+/DjFi/W8w9gE="},"senderSigningKey":{"public":"BSpmKbErotNGuhTYiJArYEf4WXxbrxuBeSCvkgVbVxxX"}},{"senderKeyId":437360576,"senderChainKey":{"iteration":409,"seed":"4EBVt2ha/B0L9FAH3d1lKNk4BSShoJbJ4e86xcixHuA="},"senderSigningKey":{"public":"BSpmKbErotNGuhTYiJArYEf4WXxbrxuBeSCvkgVbVxxX"}}]