[{"senderKeyId":1740618579,"senderChainKey":{"iteration":1,"seed":"ru/QwZe+IeGuRnca9amMjpWGpCLvdKHI68VnBNV84LE="},"senderSigningKey":{"public":"BSUyRYhFNtlXveXhOTBlZ06RVbNuO6RprREILh6qOkQx"},"senderMessageKeys":[]},{"senderKeyId":1300774929,"senderChainKey":{"iteration":6,"seed":"weyllEteXXeC9+SToJH1WuzPKrSpv4NC0YnQCyMosiw="},"senderSigningKey":{"public":"BQ7xQjXHjQkb1v4isjPsvzHkATwzvotkvzMwHS96svsO"},"senderMessageKeys":[]},{"senderKeyId":1300774929,"senderChainKey":{"iteration":2,"seed":"n57obgGxkyvJNM4xl5/GeYX8USpfFrZLaelF7cGJjhU="},"senderSigningKey":{"public":"BQ7xQjXHjQkb1v4isjPsvzHkATwzvotkvzMwHS96svsO"},"senderMessageKeys":[]},{"senderKeyId":1300774929,"senderChainKey":{"iteration":3,"seed":"wrV9wntU8n4Ssg1OPpZs14MS+qsnkXNZScWkayguGOg="},"senderSigningKey":{"public":"BQ7xQjXHjQkb1v4isjPsvzHkATwzvotkvzMwHS96svsO"},"senderMessageKeys":[]},{"senderKeyId":1300774929,"senderChainKey":{"iteration":4,"seed":"x0HhYXxZ6Fmp/LhlYko18PMKOIgCg2wHA5FIwbUB5dc="},"senderSigningKey":{"public":"BQ7xQjXHjQkb1v4isjPsvzHkATwzvotkvzMwHS96svsO"}}]