[{"senderKeyId":29280479,"senderChainKey":{"iteration":41,"seed":"v4v+WdAQmAuf8DZZQHsLQGZ2kiqOo/pImb3OWtP2PdI="},"senderSigningKey":{"public":"BbZE3ZIwytjgnQ9kTCvn7WdfmR6cgqxbtiwbj0wrCCZv"},"senderMessageKeys":[{"iteration":1,"seed":"S23eEqD8zIx4KnSUodgukPQ4YU4lLAHoGbFBaIZdizQ="},{},{},{},{},{},{},{},{},{},{},{},{},{},{},{},{},{},{},{}]},{"senderKeyId":29280479,"senderChainKey":{"iteration":3,"seed":"RNxfKLT2v1YNeR59XnuQLR+9XFoiDtKQMhHJO7gojWg="},"senderSigningKey":{"public":"BbZE3ZIwytjgnQ9kTCvn7WdfmR6cgqxbtiwbj0wrCCZv"}},{"senderKeyId":29280479,"senderChainKey":{"iteration":23,"seed":"pGahR8cDO69FGd905EnRGzW2llZeZ7FLpEO6hJnevOw="},"senderSigningKey":{"public":"BbZE3ZIwytjgnQ9kTCvn7WdfmR6cgqxbtiwbj0wrCCZv"}},{"senderKeyId":29280479,"senderChainKey":{"iteration":25,"seed":"2Lma3poGwUNKHxCAO6K+QQ2GtsksFW5QMJIVBjGSPIc="},"senderSigningKey":{"public":"BbZE3ZIwytjgnQ9kTCvn7WdfmR6cgqxbtiwbj0wrCCZv"}}]