[{"senderKeyId":757301725,"senderChainKey":{"iteration":0,"seed":"h/XTC7IoasofKPNGK5u0DXyS04Rn14GWvwwSjvt0be4="},"senderSigningKey":{"public":"BXEP33nhvgNQvRkPm0+0ha+PmCwUWxIkGlUtQCcAik9j"},"senderMessageKeys":[]},{"senderKeyId":922518020,"senderChainKey":{"iteration":1,"seed":"rFbYRku3VBDReeGsRsCWJUkejJKXvOSCdRdb+7IH74s="},"senderSigningKey":{"public":"BcXzZ2QZuV8WrbCP4pgAkr951Am9UvetG0GnXAnt09Rd"},"senderMessageKeys":[]},{"senderKeyId":272774427,"senderChainKey":{"iteration":0,"seed":"iRgOeeDUU5nexwMQf6ufW3SdXHPvnpLQSHEVhz38dn0="},"senderSigningKey":{"public":"Bb6h8248S6a2znXpnC1zzYOf6G+SlXa8vRU3SYRUwVBa"},"senderMessageKeys":[]},{"senderKeyId":316480989,"senderChainKey":{"iteration":0,"seed":"AmSKE0KWs2LtiXoiSWpNrj95/sv/dURb1e3y/ZFXAOs="},"senderSigningKey":{"public":"Bd6+8j3HX7TF1Oy430qgimK0MD6L7FFNEdWGvWraWeU9"}}]