[{"senderKeyId":423234321,"senderChainKey":{"iteration":117,"seed":"tDXyO6cKEEjhX0Ntro3MOQtxMoN2O02Tu5v4SsEu+Po="},"senderSigningKey":{"public":"BQkrbLhkpZKvHrJwO7GJv21a3jOL3Wp+vbz9bMrQ9Toa"},"senderMessageKeys":[{},{},{},{},{},{},{},{},{},{},{},{},{},{},{},{},{},{},{},{},{},{},{},{},{},{},{},{},{},{},{},{},{},{},{},{},{},{},{},{},{},{},{},{},{},{},{},{},{},{},{},{},{},{},{},{},{},{},{},{},{},{},{},{},{},{},{},{},{},{},{},{},{},{},{},{},{},{},{},{}]},{"senderKeyId":423234321,"senderChainKey":{"iteration":59,"seed":"kRz4AFkp76OwWziSPNvRHF/lp65GUs06Q393z+SQbCk="},"senderSigningKey":{"public":"BQkrbLhkpZKvHrJwO7GJv21a3jOL3Wp+vbz9bMrQ9Toa"},"senderMessageKeys":[]},{"senderKeyId":423234321,"senderChainKey":{"iteration":65,"seed":"IndsIPhoNWsq4YC0lOWDf4rbnqWsu0/C85PSKf/3AxI="},"senderSigningKey":{"public":"BQkrbLhkpZKvHrJwO7GJv21a3jOL3Wp+vbz9bMrQ9Toa"},"senderMessageKeys":[]},{"senderKeyId":423234321,"senderChainKey":{"iteration":103,"seed":"mR6Rh0ZETO4DDL3RobBUCyF07b5laWtqFK/81XiEO34="},"senderSigningKey":{"public":"BQkrbLhkpZKvHrJwO7GJv21a3jOL3Wp+vbz9bMrQ9Toa"},"senderMessageKeys":[]},{"senderKeyId":423234321,"senderChainKey":{"iteration":113,"seed":"bkE1oinJJJGCa6K7jSdkFi5boWtH2BU5WxoFf88cW6w="},"senderSigningKey":{"public":"BQkrbLhkpZKvHrJwO7GJv21a3jOL3Wp+vbz9bMrQ9Toa"}}]