[{"senderKeyId":494304500,"senderChainKey":{"iteration":33,"seed":"V6I2i6knBrITnNSveKN+bRKMbGdni4td2brFTja2EBM="},"senderSigningKey":{"public":"BXeaWaUF9jiXhLZpbeVKZDUrsczCngFWPLRlRwIVMKNH"},"senderMessageKeys":[]},{"senderKeyId":494304500,"senderChainKey":{"iteration":41,"seed":"0y8mdA190RjWOslGFs0C4BrCnSSNmtqceKiMtQH/ftc="},"senderSigningKey":{"public":"BXeaWaUF9jiXhLZpbeVKZDUrsczCngFWPLRlRwIVMKNH"},"senderMessageKeys":[]},{"senderKeyId":494304500,"senderChainKey":{"iteration":53,"seed":"Trqc0KsLI5IpPncmeak9OCR7nmOjI0G6DVM4Yjcu6c0="},"senderSigningKey":{"public":"BXeaWaUF9jiXhLZpbeVKZDUrsczCngFWPLRlRwIVMKNH"},"senderMessageKeys":[]},{"senderKeyId":918967356,"senderChainKey":{"iteration":7,"seed":"VelrWH7fnAkEPEgRST7LOHxr4TSrsK3AWyarHvId+5k="},"senderSigningKey":{"public":"BUBO3Ka79KpCBK0Jz+hUq6BbIr2/f/Ud9/Vr1FX99qZU"},"senderMessageKeys":[{"iteration":1,"seed":"sJg8X2K2JbCwijS5n9EVUeVAoECSDIrKJ9PkS8R6boo="},{"iteration":2,"seed":"4kqCFSeZVXqzCHFXFxsQlzkrR30H8fSHglBq80buYrk="},{"iteration":3,"seed":"LAh9ZnVN8k19dbA8R3NbZCgZSr+RA+F0MOMyG3LxHL8="},{"iteration":4,"seed":"X35X/PACtvexBVlIxZPar43VKEwR51NRM37COKhrtZA="},{"iteration":5,"seed":"679O7GdCR+2kP8hWiNhmdD2ZsV4Okkkn0YfObVdBIo8="}]},{"senderKeyId":918967356,"senderChainKey":{"iteration":5,"seed":"8zRQZxlM/GeN3sI+48BH8ATWQ6/v4gY33cXQIdVyUrM="},"senderSigningKey":{"public":"BUBO3Ka79KpCBK0Jz+hUq6BbIr2/f/Ud9/Vr1FX99qZU"}}]