[{"senderKeyId":2019694811,"senderChainKey":{"iteration":2,"seed":"78npNL91iCQKE1b5hsciEG49SrfFERaVOk8V782V2h8="},"senderSigningKey":{"public":"BToW1xOPV79WzLNn8d1lnu9Oh/uRUF3i8gqpVigSVmRD"},"senderMessageKeys":[]},{"senderKeyId":1973024602,"senderChainKey":{"iteration":3,"seed":"WGxM+UxueqQiHHZY5j3mtO2F12pBL3+r60ibIZ5LZ+U="},"senderSigningKey":{"public":"BSc9t3W3bMX0j9FPqESzC+gpLjN3M6X8ZR5xOjiX4wRt"},"senderMessageKeys":[]},{"senderKeyId":2118399238,"senderChainKey":{"iteration":1,"seed":"7JucL+8Kuz8uPbsvKjfdO67ewAeq9GFv6J52C+ssw3M="},"senderSigningKey":{"public":"BU2iTQrEy7Zu7LwzqeTL7Ydb6OhVNdPWZO/NY85A66ER"}}]