[{"senderKeyId":1223435536,"senderChainKey":{"iteration":41,"seed":"5BVNbjPJ7TYugK+fkSItQNfB1NRN2rBPooC7HHEG0/g="},"senderSigningKey":{"public":"BbR6EAYoNn8Z1guA7Vj6qi589TzhIBqdVsMCnCYMuOYZ"},"senderMessageKeys":[{"iteration":33,"seed":"/Z0PQ0KZUDhQ/36IpnIqI7abKXRhGJDTWB35ScLMLRs="},{"iteration":35,"seed":"XrYTzQDk9hbfvM6iNxlAhVSxNBBVo6W5F+Sn1dWuFlQ="},{"iteration":36,"seed":"IW3aW8bLVBriUOXyj1onzhYzGopSkL8j25/zm+erOsM="},{"iteration":37,"seed":"gcbcL2GaMGSQ2KxPxuYx/DQ0GhFFyWBzR25WtG9DS+w="},{"iteration":39,"seed":"A/ffXqznA3nbEKk+r9iPISj9oT3nK6imZQuZXbz+oPc="}]}]