[{"senderKeyId":460916419,"senderChainKey":{"iteration":1,"seed":"rxQdt5wWoYduwMrEnVqcHwET96JCdo1gXQmU3iUTnxA="},"senderSigningKey":{"public":"BUVlaCrLW2Pfk8rI8OFQgNATaIYq8xY5MGLYsjkRc+pV"},"senderMessageKeys":[]},{"senderKeyId":179175424,"senderChainKey":{"iteration":1,"seed":"EGXFVHAkX99PylaOyzBY+mwZs384PKpeZCN+U0qngGc="},"senderSigningKey":{"public":"BbiQiAF0RwfO+X9tLe3Aj19/3Xa0uUNJi/lnU4D8iWMj"},"senderMessageKeys":[]},{"senderKeyId":849354098,"senderChainKey":{"iteration":9,"seed":"C9nzmehLWlSKEi04WD2VazORmnw2vUgDzi4mwOvzCVo="},"senderSigningKey":{"public":"BeNCLV+jpT5EYOzTEGNcYd6L6V9bG8Vf+cmJlYUCsrYb"},"senderMessageKeys":[]},{"senderKeyId":849354098,"senderChainKey":{"iteration":2,"seed":"R9zoCT6HY3j7wHg0aMksWO+35U+oN68asSWe7Y3oGb0="},"senderSigningKey":{"public":"BeNCLV+jpT5EYOzTEGNcYd6L6V9bG8Vf+cmJlYUCsrYb"},"senderMessageKeys":[]},{"senderKeyId":849354098,"senderChainKey":{"iteration":8,"seed":"bg9zX18RgzwvtYlZPNBn2buck+G9v9CmeBp81ma9A4k="},"senderSigningKey":{"public":"BeNCLV+jpT5EYOzTEGNcYd6L6V9bG8Vf+cmJlYUCsrYb"}}]