[{"senderKeyId":1846999748,"senderChainKey":{"iteration":3,"seed":"MWKhFYUotq4Oj8KwC1GxxCiuTpo0JuuaEY84bm0K0I0="},"senderSigningKey":{"public":"BdQT+RtTLq95HccC2dMFmqShfLSsj1ysfYG2yrRieMhS"},"senderMessageKeys":[]},{"senderKeyId":547553206,"senderChainKey":{"iteration":5,"seed":"2SwpKKL1NOfDJzCdtK7Ijs2zHX3GoEaXFJzsMBQDrxQ="},"senderSigningKey":{"public":"BXHvTkL9PZ1aMSCe8xn8XZDOxIu1HZOt0wZ70ziGc3R7"},"senderMessageKeys":[]},{"senderKeyId":547553206,"senderChainKey":{"iteration":1,"seed":"7rp8Rh+fcfyTwDVBbJZ2/IgW1Yq3wH6ic4lLghrp6Bk="},"senderSigningKey":{"public":"BXHvTkL9PZ1aMSCe8xn8XZDOxIu1HZOt0wZ70ziGc3R7"},"senderMessageKeys":[]},{"senderKeyId":873561556,"senderChainKey":{"iteration":3,"seed":"TgmMOtq91PG5ZQI2JN2UNS9VyPjT3S5kpp2iuje/HtY="},"senderSigningKey":{"public":"BeQmm9auITZTzOsTNfP4Xly5ODYFcPhfTUZNWh9EoDxI"},"senderMessageKeys":[]},{"senderKeyId":873561556,"senderChainKey":{"iteration":1,"seed":"JdoNpRLWlx/5SF3u3raNEZJ/8jPtir7l0xg9uE+TgGA="},"senderSigningKey":{"public":"BeQmm9auITZTzOsTNfP4Xly5ODYFcPhfTUZNWh9EoDxI"}}]