[{"senderKeyId":969557710,"senderChainKey":{"iteration":307,"seed":"EOA6tC0Rp7CGAS8IMXf+BEO0V7I4OeMpDm4K7xnwAis="},"senderSigningKey":{"public":"BQSuK/RKbSpwr0KKhVdv4QTjPuVjmuG6Bv0IQf6j7rxq"},"senderMessageKeys":[{},{},{},{},{},{},{},{},{},{},{},{},{},{},{},{},{},{},{},{},{},{},{},{},{},{},{},{},{},{},{},{},{},{},{},{},{},{},{},{},{},{},{},{},{},{},{},{},{},{},{},{}]},{"senderKeyId":969557710,"senderChainKey":{"iteration":189,"seed":"f+kEa56BL20VmMjeo2asQt0BrxsktNFgRAANO5gvwnY="},"senderSigningKey":{"public":"BQSuK/RKbSpwr0KKhVdv4QTjPuVjmuG6Bv0IQf6j7rxq"},"senderMessageKeys":[]},{"senderKeyId":969557710,"senderChainKey":{"iteration":271,"seed":"iyPCN2s0qFueczMo5NWRblQze498ulaA3L538v0JqHE="},"senderSigningKey":{"public":"BQSuK/RKbSpwr0KKhVdv4QTjPuVjmuG6Bv0IQf6j7rxq"}},{"senderKeyId":969557710,"senderChainKey":{"iteration":291,"seed":"e/efajl9PFE76KlKh1GsQi1xJp/ejJlgkF1wru8frus="},"senderSigningKey":{"public":"BQSuK/RKbSpwr0KKhVdv4QTjPuVjmuG6Bv0IQf6j7rxq"}},{"senderKeyId":969557710,"senderChainKey":{"iteration":301,"seed":"f7fKsjrFnV0IRvYakcLGCxznujkbjBMGSJAM7qd/+VY="},"senderSigningKey":{"public":"BQSuK/RKbSpwr0KKhVdv4QTjPuVjmuG6Bv0IQf6j7rxq"}}]