[{"senderKeyId":2010573212,"senderChainKey":{"iteration":11,"seed":"ojT9+keb4M0MGmHTWQacC6Z2k5I27/BqyjXAWnPDchc="},"senderSigningKey":{"public":"BbAM5kANtn3YhoZST8+QCA4LC8ltd1UH1KW7WgLqJb4I"},"senderMessageKeys":[]},{"senderKeyId":2010573212,"senderChainKey":{"iteration":0,"seed":"YpzPc5vZjNPa7037GD+HNkD96VCw4SMOPZPJetw72oE="},"senderSigningKey":{"public":"BbAM5kANtn3YhoZST8+QCA4LC8ltd1UH1KW7WgLqJb4I"},"senderMessageKeys":[]},{"senderKeyId":2010573212,"senderChainKey":{"iteration":1,"seed":"1at+p/mpvF18qFQPb4yZeNbYFb2k9si7NPiCyHTQWh0="},"senderSigningKey":{"public":"BbAM5kANtn3YhoZST8+QCA4LC8ltd1UH1KW7WgLqJb4I"},"senderMessageKeys":[]},{"senderKeyId":2010573212,"senderChainKey":{"iteration":10,"seed":"wKdt5OP7k7pHGP/b2KlE7aqKFu854ltCx6NrB/glIcM="},"senderSigningKey":{"public":"BbAM5kANtn3YhoZST8+QCA4LC8ltd1UH1KW7WgLqJb4I"}}]