[{"senderKeyId":122424460,"senderChainKey":{"iteration":577,"seed":"unkdhPclwzqQA0aPBicqDlInpJkXwBXbdlGS/i5oUTY="},"senderSigningKey":{"public":"BdWpdJr0wh8N9BrfFQiRUpZHj/YahIaOlY1+JY4j+vNb"},"senderMessageKeys":[]},{"senderKeyId":122424460,"senderChainKey":{"iteration":591,"seed":"1BbEBmycAQjladcSGCVZJE/yv5MGwz8cpjqZWq76BJM="},"senderSigningKey":{"public":"BdWpdJr0wh8N9BrfFQiRUpZHj/YahIaOlY1+JY4j+vNb"},"senderMessageKeys":[]},{"senderKeyId":122424460,"senderChainKey":{"iteration":597,"seed":"hiFt58qdP3bVFWlBS5JQNq+hgC25D4SYuUA+bnCagZc="},"senderSigningKey":{"public":"BdWpdJr0wh8N9BrfFQiRUpZHj/YahIaOlY1+JY4j+vNb"},"senderMessageKeys":[]},{"senderKeyId":122424460,"senderChainKey":{"iteration":609,"seed":"L0Qb2pRFdry+IJiFMjSu1uaVUNtuHe4kAeY8vAAu2VE="},"senderSigningKey":{"public":"BdWpdJr0wh8N9BrfFQiRUpZHj/YahIaOlY1+JY4j+vNb"},"senderMessageKeys":[]},{"senderKeyId":122424460,"senderChainKey":{"iteration":551,"seed":"c1CxMIZYoLwO+U0ysMmHS3Kr4W/tEnNIIMHqrk+/W9Y="},"senderSigningKey":{"public":"BdWpdJr0wh8N9BrfFQiRUpZHj/YahIaOlY1+JY4j+vNb"}}]