[{"senderKeyId":315476109,"senderChainKey":{"iteration":967,"seed":"VDXCfl8Jqzq50hpe8OJGcuo7mKfhL+fzyLu49XX8XA8="},"senderSigningKey":{"public":"BYm4LTgEcqfjkZzsgwJa+ciRSG83b1JnUAi6JsVfS51U"},"senderMessageKeys":[{},{},{},{},{},{},{},{},{},{},{},{},{},{},{},{},{},{},{},{},{},{},{},{},{},{},{},{},{},{},{},{},{}]},{"senderKeyId":315476109,"senderChainKey":{"iteration":951,"seed":"Lj4CQ/bjB2TAPHg1Qz0cJNDR6cVt4t8jzUg4mZ8FjpA="},"senderSigningKey":{"public":"BYm4LTgEcqfjkZzsgwJa+ciRSG83b1JnUAi6JsVfS51U"},"senderMessageKeys":[]},{"senderKeyId":315476109,"senderChainKey":{"iteration":953,"seed":"7j9IwsOXatjwJaYAQCG8ejoRmaQjrZVifQPRbVDi8RM="},"senderSigningKey":{"public":"BYm4LTgEcqfjkZzsgwJa+ciRSG83b1JnUAi6JsVfS51U"},"senderMessageKeys":[]},{"senderKeyId":315476109,"senderChainKey":{"iteration":963,"seed":"WGxtSHdiOxxx0eH9FAnYkP33IvN9oBpQhn6XZy6rKXU="},"senderSigningKey":{"public":"BYm4LTgEcqfjkZzsgwJa+ciRSG83b1JnUAi6JsVfS51U"}},{"senderKeyId":315476109,"senderChainKey":{"iteration":965,"seed":"U4immzKL0N8zW7hG0iU6by43E8pkg05P8zBNHHcLYzo="},"senderSigningKey":{"public":"BYm4LTgEcqfjkZzsgwJa+ciRSG83b1JnUAi6JsVfS51U"}}]