[{"senderKeyId":1373270003,"senderChainKey":{"iteration":141,"seed":"C0ONaVbyo9cXE5FZN5GKlPQmZx+85v/c2HoFxjY3+KA="},"senderSigningKey":{"public":"BRuFtS5e0QgeZwFbDdPjc6dpSuUIfGV6i1ajmaLeXUUF"},"senderMessageKeys":[{},{},{},{},{},{},{},{},{},{},{},{},{},{},{},{},{},{},{},{},{},{},{},{},{},{},{},{},{},{},{},{},{},{},{},{},{},{},{},{},{},{},{},{},{},{},{},{},{},{},{},{},{},{}]},{"senderKeyId":1373270003,"senderChainKey":{"iteration":91,"seed":"1Hf33aEqdczfWnE+qcFjYX+YAewE03DfQfO5mF6xRSg="},"senderSigningKey":{"public":"BRuFtS5e0QgeZwFbDdPjc6dpSuUIfGV6i1ajmaLeXUUF"}},{"senderKeyId":1373270003,"senderChainKey":{"iteration":111,"seed":"hew9G5kY13vksCf6Axqmm8RymBy7j5s/TTdrqwr/7eI="},"senderSigningKey":{"public":"BRuFtS5e0QgeZwFbDdPjc6dpSuUIfGV6i1ajmaLeXUUF"}},{"senderKeyId":1373270003,"senderChainKey":{"iteration":127,"seed":"ZCnz/pbVOP3uxi6jtJcLYXg1cokzBcmCfB2jmn8MidU="},"senderSigningKey":{"public":"BRuFtS5e0QgeZwFbDdPjc6dpSuUIfGV6i1ajmaLeXUUF"}},{"senderKeyId":1373270003,"senderChainKey":{"iteration":137,"seed":"aTnNY2DJzOnj9sO9CPb0EAH4PPKocvgGaxywyq+3i1Y="},"senderSigningKey":{"public":"BRuFtS5e0QgeZwFbDdPjc6dpSuUIfGV6i1ajmaLeXUUF"}}]