[{"senderKeyId":2115843782,"senderChainKey":{"iteration":19,"seed":"tpR0JkFYgC8Qc0K6dAaPlVorA5Do8qRN6AEaNo+gfO8="},"senderSigningKey":{"public":"BU4KsvzlimSLGQY/xA5VvVNZlOvJOQFFmGkQ9BcwL7JP"},"senderMessageKeys":[{"iteration":1,"seed":"8JoSytHN5xMAdV8xenODPwf0Op5awnWbeUzY6WztHzE="},{"iteration":2,"seed":"EQ84WFEYsrv0D1XbhkxMIoJkYJLBE+Elcnj83gGA3/4="},{"iteration":3,"seed":"tOvKvZFeWfC/gtz8dpj/UJ4ss3mlFkoB04DbJwiuMVM="},{"iteration":5,"seed":"Mw5t4KxOSOX4fHNj9Xz08HXWBmzMiwUbk2maHEPt0b4="},{"iteration":6,"seed":"T5MHCYFIgfSxa2N6IOtlDlH5+/rL7Uuv4C8MCLqQic4="},{"iteration":7,"seed":"H/dddRcUFjxePLS3C93w5FOlxz9oxLoz4lX62VUB04M="},{"iteration":8,"seed":"enDCYGsKPMB/xUFplJYZAMIuXucCWx/3MvJQPn8gGKU="},{"iteration":9,"seed":"HLXIr7loQngM1/7djGFrqDRFsIF26c6acBzm3niCpIw="},{"iteration":11,"seed":"5hGDiVEhK9GyHqiHD6GxpulXBmUSuGOBau7f9a8Xyxw="},{"iteration":12,"seed":"7wS3JyHhqC4CcWA/CrWOh1nZ7xSi4FTUSxJfsOY2A4E="},{"iteration":13,"seed":"3YVRTX7z7k3KcHsM+hYnGfruy31mBClqTryFJkMyHfE="},{"iteration":15,"seed":"Hh0Epe7uOYX+asE+PtA4OWs4JO1NUSWbsXbq67Hsh0w="},{"iteration":16,"seed":"Tksb/dTj2bRYyE+rikKt+IzgWl7BgIX1ol3BvHgkeZU="},{"iteration":17,"seed":"MsNsBqfnqFEY8uvYdCRrvnpwWqyAFvwbMjj6We+6T2E="}]},{"senderKeyId":2115843782,"senderChainKey":{"iteration":9,"seed":"xhBuCovJUpPbdlztO6GM7U/45tew5dr6BrfyOymzGxk="},"senderSigningKey":{"public":"BU4KsvzlimSLGQY/xA5VvVNZlOvJOQFFmGkQ9BcwL7JP"}}]