[{"senderKeyId":600272286,"senderChainKey":{"iteration":1,"seed":"merVOR0Rlfe76U2135+WWfMLWyEmsoogB64TLSAcC8g="},"senderSigningKey":{"public":"BfA7o7vxwM1OZiVKfQMt/lpu8McLuoh5VjjyxEOzzN0N"},"senderMessageKeys":[]},{"senderKeyId":481562941,"senderChainKey":{"iteration":3,"seed":"EaCXhY5Xuc9j545NtL3WLzgabIX0DGFQwmLCn4PLIXI="},"senderSigningKey":{"public":"BQymVK4d3Y4beZPXeHx7L0xuRRx8AhlgH/+yQv4IAIdW"},"senderMessageKeys":[]},{"senderKeyId":481562941,"senderChainKey":{"iteration":2,"seed":"eRejDhSbKvxRr4ZiV55GxgGAKSSDU93J+I25e+XzayY="},"senderSigningKey":{"public":"BQymVK4d3Y4beZPXeHx7L0xuRRx8AhlgH/+yQv4IAIdW"},"senderMessageKeys":[]},{"senderKeyId":1685960959,"senderChainKey":{"iteration":3,"seed":"N2XMG+koQb4iP+kEpk8+q1hc4j8xjejyz5YAvt9cnWE="},"senderSigningKey":{"public":"BbGs/VZADzFzokRTYYt9q7BLcJG+Xf3nkj8ZWcaTfC4P"},"senderMessageKeys":[]},{"senderKeyId":1685960959,"senderChainKey":{"iteration":1,"seed":"E1i3sF8KiJpTi2xJVnrLtpOvpuuF27/vkobdq5tAM/4="},"senderSigningKey":{"public":"BbGs/VZADzFzokRTYYt9q7BLcJG+Xf3nkj8ZWcaTfC4P"}}]