[{"senderKeyId":1158887043,"senderChainKey":{"iteration":10,"seed":"t90ZIRn3JCy5Wqyg0dHauMVh7I4SoCFnsR6evtElXYk="},"senderSigningKey":{"public":"BZrjAKqEWZGZM7RVsp83GH+fFkSjTFqH/xSJQuSFEHAW"},"senderMessageKeys":[]},{"senderKeyId":1158887043,"senderChainKey":{"iteration":7,"seed":"BkYlP/WQi1DkUeHSYsEUfWN0ZXDXQ3hW8gktT/9kqzg="},"senderSigningKey":{"public":"BZrjAKqEWZGZM7RVsp83GH+fFkSjTFqH/xSJQuSFEHAW"},"senderMessageKeys":[]},{"senderKeyId":1158887043,"senderChainKey":{"iteration":8,"seed":"Iy9AHIFGt4kIsmIGNm2Oi+ymEtWXSbGehlYo/7fW+0U="},"senderSigningKey":{"public":"BZrjAKqEWZGZM7RVsp83GH+fFkSjTFqH/xSJQuSFEHAW"},"senderMessageKeys":[]},{"senderKeyId":1759798668,"senderChainKey":{"iteration":1,"seed":"SkVoPtnJcYmJox4cSgx7jBL0Njbr9fmU5xl5+NWaZNk="},"senderSigningKey":{"public":"BYDHseHjkZkg/H0WOXSM+Gha6Gace1d9Fy9iitI5ESdl"}}]