[{"senderKeyId":1647364907,"senderChainKey":{"iteration":921,"seed":"Ovjnkf4kzYfPfK9I6SmKhMvfsT0Q7oXghZbkgd/Tb8Y="},"senderSigningKey":{"public":"BX4qvfaJQz35eLFIfNiA79XeSzQ6RXwtzT+T8eqDmLoz"},"senderMessageKeys":[{},{},{},{},{},{},{},{},{},{},{},{},{},{},{},{},{},{},{},{},{},{},{},{},{},{},{},{},{},{},{},{},{},{},{},{},{},{},{},{},{},{},{},{},{},{},{},{},{},{},{},{},{},{},{},{},{},{},{},{},{},{},{},{},{},{},{},{}]},{"senderKeyId":1647364907,"senderChainKey":{"iteration":851,"seed":"+dUA+XiR2Oca7WvuqeD1bponW+pyNYbjEyDn7U/gLmU="},"senderSigningKey":{"public":"BX4qvfaJQz35eLFIfNiA79XeSzQ6RXwtzT+T8eqDmLoz"},"senderMessageKeys":[]},{"senderKeyId":1647364907,"senderChainKey":{"iteration":881,"seed":"jMy5EkW9Y3han44QOPmJX89euIrSrcchYZA1ojORI8Q="},"senderSigningKey":{"public":"BX4qvfaJQz35eLFIfNiA79XeSzQ6RXwtzT+T8eqDmLoz"},"senderMessageKeys":[]},{"senderKeyId":1647364907,"senderChainKey":{"iteration":893,"seed":"c7ekeJy5OHFvqMz/opmNNai4/PqcAzZEnZFvlgs6Bxs="},"senderSigningKey":{"public":"BX4qvfaJQz35eLFIfNiA79XeSzQ6RXwtzT+T8eqDmLoz"},"senderMessageKeys":[]},{"senderKeyId":1647364907,"senderChainKey":{"iteration":903,"seed":"D2bAxmn8yCiW4RkUr8fXyF70fexnhZhGfGtNhW7yZDU="},"senderSigningKey":{"public":"BX4qvfaJQz35eLFIfNiA79XeSzQ6RXwtzT+T8eqDmLoz"},"senderMessageKeys":[]}]