[{"senderKeyId":1582802453,"senderChainKey":{"iteration":17,"seed":"KxC8+GyleEBBZ6yGWzydp6VjCJiqNzinv8d75hRgHWY="},"senderSigningKey":{"public":"BbgJ15T/u36FswFvMw4DfyVD2jU8Bvdw3VFVt5Dx1lA3"},"senderMessageKeys":[{"iteration":1,"seed":"XS40AYCeBaGDhwTu+v7b/M6xGTiZBzEmNNDQz9hD3a0="},{"iteration":3,"seed":"n3lkKdtJR2Br1PRyg2pfoJVAwiQEUuKuOOzdtNIy/tE="},{"iteration":5,"seed":"xaiqrKaV4uyDvQXwuU5NG7Wtnft7difXyJhUqOZRaEI="},{"iteration":7,"seed":"J+T1u1b1lhWYVgVy9DqJ27uVCM/jzKRlV1n5Bw150EI="},{"iteration":9,"seed":"bGRGG+Uj/PDI1JVaewVt9F3syVtV0AtUpGmN4t10xNc="},{"iteration":11,"seed":"Q7h8MI00DXlincSd5QoKbIC57j8CB81g9Z8dvHko9sg="},{"iteration":13,"seed":"6+se3phmmUGRNxc1eFXGd0Pu9IqeFJzWQGNvDO1LlX4="},{"iteration":15,"seed":"luglt+OVQNokkmE/Agjwb/3jvXHXtQ+CZxzOF88mCqY="}]},{"senderKeyId":1582802453,"senderChainKey":{"iteration":11,"seed":"DD4peprCIm/e0k4AHaJcbxsfGr/br+CLdWRcnIGCBBM="},"senderSigningKey":{"public":"BbgJ15T/u36FswFvMw4DfyVD2jU8Bvdw3VFVt5Dx1lA3"}},{"senderKeyId":1582802453,"senderChainKey":{"iteration":13,"seed":"w7TBkDqcN6u6B/Co2M0YfwSE+T/KgfwPOjrFvCcoY2E="},"senderSigningKey":{"public":"BbgJ15T/u36FswFvMw4DfyVD2jU8Bvdw3VFVt5Dx1lA3"}}]