[{"senderKeyId":1212841502,"senderChainKey":{"iteration":295,"seed":"TceCreyNpn8JIfglIjgboQZ/SG54KUjBvjuWwuGuOw8="},"senderSigningKey":{"public":"BaVIYxpoypLPINtjvoFE9E+Bvc3HlXGKKR6bAL4PVN93"},"senderMessageKeys":[{},{},{},{},{},{},{},{},{},{},{},{},{},{},{},{},{},{},{},{},{},{},{},{},{},{},{},{},{},{},{},{},{},{},{},{},{},{},{},{},{},{},{},{},{},{},{},{},{},{},{},{},{},{},{},{},{},{},{},{},{},{},{},{},{},{},{},{},{},{},{},{},{},{},{},{},{},{}]},{"senderKeyId":1212841502,"senderChainKey":{"iteration":231,"seed":"zoqWliqkyRht4BbF6Drc/fpVxMBNih/KWK/bf1uzF+0="},"senderSigningKey":{"public":"BaVIYxpoypLPINtjvoFE9E+Bvc3HlXGKKR6bAL4PVN93"},"senderMessageKeys":[]},{"senderKeyId":1212841502,"senderChainKey":{"iteration":245,"seed":"10M4kxZt7S2J+v2elQFiwK4M/310DgEMK0n3Raask64="},"senderSigningKey":{"public":"BaVIYxpoypLPINtjvoFE9E+Bvc3HlXGKKR6bAL4PVN93"},"senderMessageKeys":[]},{"senderKeyId":1212841502,"senderChainKey":{"iteration":263,"seed":"7OG5hlgG0JCl0ZDuvCRS9I79Fvzh5JPrpq8i0YRM7NY="},"senderSigningKey":{"public":"BaVIYxpoypLPINtjvoFE9E+Bvc3HlXGKKR6bAL4PVN93"},"senderMessageKeys":[]},{"senderKeyId":1212841502,"senderChainKey":{"iteration":291,"seed":"X3UiGKhptFw0XfJVn4A35D7U7AKfTTQGVDw2KuMy4RA="},"senderSigningKey":{"public":"BaVIYxpoypLPINtjvoFE9E+Bvc3HlXGKKR6bAL4PVN93"}}]