[{"senderKeyId":1006160875,"senderChainKey":{"iteration":295,"seed":"e+bJzK6f3sfB5qPKRgzhrC87y9sp14jVR8G0KCDKGvA="},"senderSigningKey":{"public":"BUWYU/kM/TRV3rOSWSWiJQ93lwyNz3ld3Wq+Kr5OPGs7"},"senderMessageKeys":[{"iteration":261,"seed":"5eyJQpZ179u9rM6DEhJ5SfMSJbzXbwWlw9DN5IfRmso="},{"iteration":262,"seed":"6TNgntarZS1S0eENoDKWXxkDRLR5nZD9a70Gkjx5foM="},{"iteration":263,"seed":"ZcCwIzNMpSPEh0jv1lU+nTI8GHrzIMeUvCBO9qEd1YE="},{"iteration":264,"seed":"N9cT1hNXwNVy+wIJMpiOJrUI/ovsLVWdqLtxQZaxUf4="},{"iteration":265,"seed":"hhHbuPh4b5LneZTxUEcuyKWepHrygXpMMzPYlsDSe6Y="},{"iteration":266,"seed":"KZErT7TreUNPCPGdzYw4UuEXPmzXrkeYM9rVRCogjyg="},{"iteration":267,"seed":"44YoLdW6cfkv6EoLSusgNF1Ua238Z6OlzNWp0XnsjDY="},{"iteration":268,"seed":"33rIwGs8V87j+Y7y73aV0lHUyssK7/XWD/DH1WWxMUc="},{"iteration":269,"seed":"BBwgwfrz6E3WzAyGA8HLhC8KOuK2+jT6shTrIYcRH2A="},{"iteration":270,"seed":"2uErpHFH009etlD8P/56B9yI8SJyirRteEGTP72N2Y4="},{"iteration":271,"seed":"aLcD9dI/8E5uPamsMGHA+addfXTzN+Gtsdtb61nn5sM="},{"iteration":272,"seed":"TrQ8TGpn13zHh9Xf5mIKvRRMYEwBl5y4bDyR3XVSCvI="},{"iteration":273,"seed":"HpDdeuaDF3KPHjq/4hQcYVbWnJE0qABhe1bnguNpgQI="},{"iteration":274,"seed":"nuAX5AGJBHcK0YHW7ybasAy2JJxgdZ1IHJXYinPp5sc="},{"iteration":275,"seed":"MMDbye6SVv11TSrz4rKJIYW/X9eWb0yMO+1KpCSgqrI="},{"iteration":276,"seed":"3yaH67xxvc62s27E7/cfCSBLIrqYDHNgVa2O2Zylh3o="},{"iteration":277,"seed":"QpVPE1AbGNJVmbjhx4AJZL8ifZUfS7/IBv0HgILPXzo="},{"iteration":278,"seed":"5LfkD/y/VbjV06WCiOB841qz8s37MhooLZ2ckbxhqUE="},{"iteration":279,"seed":"x5amPBnvohwVBsFJx1GxwPgasJR9gqB5RpOiqovby6E="},{"iteration":280,"seed":"wUPLEDc2rHBQGVIJ3lMSYR0qJCE6Ttmr/esEJyrpg18="},{"iteration":281,"seed":"6RJd97859QTJf27UlVJMs3GZB0b0FOHGrq+RMbL7LiU="},{"iteration":282,"seed":"sO4/LGOOP5t2Qhc65h0fEJ72HWCOy7WJrN7q8RDfhBc="},{"iteration":283,"seed":"6cJWuOiyCcVquLVGSyFVFcANtrAhdEjhDxR1h+SVh5Y="},{"iteration":284,"seed":"uLqG3PwHLKByltJR1qlaSJsJjILSV9H1FJPDyfEYyU4="},{"iteration":285,"seed":"yGBhoqJKJg1BsqOU3P/qAAong0NWxxffLejnzE1SGV0="},{"iteration":286,"seed":"4fywU4W76sctHiUAUowvlstgVPpxDHch0pp4Qqo8JKk="},{"iteration":287,"seed":"5ER++SXxX7I/LO2D/3hhkOedg9Ug7eGtQ7wTriZkK0s="},{"iteration":288,"seed":"WVEAY+ounTTHqpPS/eN+7hyE53t0PRsN+f+eIOQ9xv8="},{"iteration":289,"seed":"zGAD0vMxR7Y5Km/c1lo7gklpeO/8M6kDCviezzjelZ8="},{"iteration":291,"seed":"/rkmU+zQniaB/dagjNEYe4e6le/gqNR1I1+Rsef9zAg="},{"iteration":292,"seed":"XtvIXX3dU6az+tp7qvgY19uFog3J+ZYpjowtnWQx+No="},{"iteration":293,"seed":"g36Jec/6djvZ8HStlBFb5Ma/xFYQPmdPsDeTmeoieIk="}]},{"senderKeyId":1006160875,"senderChainKey":{"iteration":271,"seed":"Rj9jJ2UvLcWs1DqEpHb0y6qlYub3JMBMEm5EVq/Kcs4="},"senderSigningKey":{"public":"BUWYU/kM/TRV3rOSWSWiJQ93lwyNz3ld3Wq+Kr5OPGs7"}},{"senderKeyId":1006160875,"senderChainKey":{"iteration":277,"seed":"S8PsAy9TNvsK7sICAqR2sOU+3PF9ta2/7QSoEPgIGcw="},"senderSigningKey":{"public":"BUWYU/kM/TRV3rOSWSWiJQ93lwyNz3ld3Wq+Kr5OPGs7"}},{"senderKeyId":1006160875,"senderChainKey":{"iteration":283,"seed":"LP2AIA0pOxGj/lNw2aVnRHBD1ly++YA0MI/+YH/TEzk="},"senderSigningKey":{"public":"BUWYU/kM/TRV3rOSWSWiJQ93lwyNz3ld3Wq+Kr5OPGs7"}},{"senderKeyId":1006160875,"senderChainKey":{"iteration":289,"seed":"EjG7aJD/oDVY3JAwP3KrjhF6OB0brXRZhIS+s4QMcL8="},"senderSigningKey":{"public":"BUWYU/kM/TRV3rOSWSWiJQ93lwyNz3ld3Wq+Kr5OPGs7"}}]