[{"senderKeyId":722175710,"senderChainKey":{"iteration":1,"seed":"UgGyWhULVSUwT5MD6Wlw4cnl8Fj0mhvTEzgwluaKZHQ="},"senderSigningKey":{"public":"BcPSvAgrupueelFd02hhocW1w/XE0JSJXa+nLxDsLYc6"},"senderMessageKeys":[]},{"senderKeyId":722175710,"senderChainKey":{"iteration":4,"seed":"fyeh2at6ZK57wHGSo5lVkXPjKBPdMlN1MpxuApThbJg="},"senderSigningKey":{"public":"BcPSvAgrupueelFd02hhocW1w/XE0JSJXa+nLxDsLYc6"},"senderMessageKeys":[]},{"senderKeyId":529903597,"senderChainKey":{"iteration":2,"seed":"tcy9Qe4IpLg1mp+sosoCQr+lJaF25IiZCBxvtDafkHY="},"senderSigningKey":{"public":"BVUOfqsdaqw63K3fDiHdzYH9omtzbtSf3aEVAgdo1XVB"},"senderMessageKeys":[]},{"senderKeyId":529903597,"senderChainKey":{"iteration":1,"seed":"JqjQesbGDaFYTl+CwVKFpscyhkghcIi3KYhGhQdq+1Q="},"senderSigningKey":{"public":"BVUOfqsdaqw63K3fDiHdzYH9omtzbtSf3aEVAgdo1XVB"},"senderMessageKeys":[]},{"senderKeyId":163353249,"senderChainKey":{"iteration":2,"seed":"GMNl8ln5QWl6dVvgN9knLzOg9jaYm97l1AtiJkGoA/Q="},"senderSigningKey":{"public":"BeV06dou5WiHzsepuhNEk+9pMAQcwLRDFLVqnhTKMKZA"}}]