[{"senderKeyId":1814746816,"senderChainKey":{"iteration":3691,"seed":"OQN1idc8vQtNp3sN/3Zko1e7ttEZQh29dU0P3nwJtXw="},"senderSigningKey":{"public":"BRL1Gr9t6vNaszz6b9IKsCwGPZ06L3i3wAOLrz2KMwtS"},"senderMessageKeys":[{},{},{},{},{},{},{},{},{},{},{},{},{},{},{},{},{},{},{},{},{},{},{},{},{},{},{},{},{},{},{},{},{},{},{},{},{},{},{},{},{},{},{},{},{},{},{},{},{},{},{},{},{},{},{},{}]},{"senderKeyId":1814746816,"senderChainKey":{"iteration":3645,"seed":"qD46pltS0gJPgtU9l9431MLvVqEcvHTuk5KqwhdQmx8="},"senderSigningKey":{"public":"BRL1Gr9t6vNaszz6b9IKsCwGPZ06L3i3wAOLrz2KMwtS"},"senderMessageKeys":[]},{"senderKeyId":1814746816,"senderChainKey":{"iteration":3669,"seed":"h/fjoDGZroHfGFme5V7/bzCGVoUyjCKo8QQxnFf4hTs="},"senderSigningKey":{"public":"BRL1Gr9t6vNaszz6b9IKsCwGPZ06L3i3wAOLrz2KMwtS"},"senderMessageKeys":[]},{"senderKeyId":1814746816,"senderChainKey":{"iteration":3681,"seed":"zBTG8S3mDCvRoHZU+W7bc7n3fPmt+iKOqm8M8jnaySQ="},"senderSigningKey":{"public":"BRL1Gr9t6vNaszz6b9IKsCwGPZ06L3i3wAOLrz2KMwtS"},"senderMessageKeys":[]},{"senderKeyId":1814746816,"senderChainKey":{"iteration":3687,"seed":"2kJnGflSQ89Vvhp7FSpkfff76ONnM/sVDHpvqYOHE+w="},"senderSigningKey":{"public":"BRL1Gr9t6vNaszz6b9IKsCwGPZ06L3i3wAOLrz2KMwtS"}}]