[{"senderKeyId":397172073,"senderChainKey":{"iteration":2,"seed":"LeKGV5K8P0g9I4abHKvlwbIMuXhhOy5ZKYfKSAaIZlc="},"senderSigningKey":{"public":"BaNd/dKWv/J+ltA9Hrb+YVLiYuWVpiN0nFw5GNVX+8VI"},"senderMessageKeys":[]},{"senderKeyId":1953661330,"senderChainKey":{"iteration":5,"seed":"FO4i3fRBI6yA7mu/L+1KIk0FFUZ2gizTU9MXHkDVGg0="},"senderSigningKey":{"public":"BYdaajsF72XGKbLTETeof9G8YoboXyIoTFJsHvu9EAlF"},"senderMessageKeys":[]},{"senderKeyId":1953661330,"senderChainKey":{"iteration":1,"seed":"O9gce/PpwuAN0fNzz8E4auU+KfhHSgHLEHHhd/8TQXo="},"senderSigningKey":{"public":"BYdaajsF72XGKbLTETeof9G8YoboXyIoTFJsHvu9EAlF"},"senderMessageKeys":[]},{"senderKeyId":1953661330,"senderChainKey":{"iteration":2,"seed":"xZ77klDQQeoxbtloq609V7wgFMw99P8dkvoBvpfKnSM="},"senderSigningKey":{"public":"BYdaajsF72XGKbLTETeof9G8YoboXyIoTFJsHvu9EAlF"},"senderMessageKeys":[]},{"senderKeyId":1953661330,"senderChainKey":{"iteration":3,"seed":"FM5oQ97zaNTcwFGkDhO+od6TgTJgEMNb24Ty9vU13AM="},"senderSigningKey":{"public":"BYdaajsF72XGKbLTETeof9G8YoboXyIoTFJsHvu9EAlF"},"senderMessageKeys":[]}]