[{"senderKeyId":1947765895,"senderChainKey":{"iteration":1919,"seed":"kVqAS93Psuip+zuYs9fwjINFFzZjSdQwvF0VeY8rmvU="},"senderSigningKey":{"public":"BRD2N8WQorfbZQf9Lyh/oofat+vJTkeKLXvLaAtZdpE1"},"senderMessageKeys":[{},{},{},{},{},{},{},{},{},{},{},{},{},{},{},{},{},{},{},{},{},{},{},{},{},{},{},{},{},{},{},{},{},{},{},{},{}]},{"senderKeyId":1947765895,"senderChainKey":{"iteration":1891,"seed":"pwTeZZpE9j6GoNKGV2EGh7N9Ph2rPTXeizwMkxAhGHk="},"senderSigningKey":{"public":"BRD2N8WQorfbZQf9Lyh/oofat+vJTkeKLXvLaAtZdpE1"},"senderMessageKeys":[]},{"senderKeyId":1947765895,"senderChainKey":{"iteration":1909,"seed":"KKwEaHfAXF7YQ9rJvu5nIfSDXJ09pkSBdp/TZUYLOnA="},"senderSigningKey":{"public":"BRD2N8WQorfbZQf9Lyh/oofat+vJTkeKLXvLaAtZdpE1"},"senderMessageKeys":[]},{"senderKeyId":1947765895,"senderChainKey":{"iteration":1915,"seed":"3BHRFbCb0LG8j5hWmtjaweVi0qSZWVcCgQeeofXmT4E="},"senderSigningKey":{"public":"BRD2N8WQorfbZQf9Lyh/oofat+vJTkeKLXvLaAtZdpE1"}},{"senderKeyId":1947765895,"senderChainKey":{"iteration":1917,"seed":"EkwrH1fCyltRjCznXJYNncjhiHA9xxsB4Y1khnYmN4M="},"senderSigningKey":{"public":"BRD2N8WQorfbZQf9Lyh/oofat+vJTkeKLXvLaAtZdpE1"}}]