[{"senderKeyId":1837451474,"senderChainKey":{"iteration":29,"seed":"vWPyTmz4SfT+5gfEWt9xqdN7A8d4iWWjYfI1WiLGqYs="},"senderSigningKey":{"public":"Ba06Hrt1OSQLL8NDGeCXCgniPWUGonFuF5p8rpX4F4Q1"},"senderMessageKeys":[{},{},{},{},{},{},{},{},{},{},{},{},{},{},{},{},{},{},{},{},{},{},{}]},{"senderKeyId":1837451474,"senderChainKey":{"iteration":11,"seed":"4FkInWKAbdFqiSAE88svirftzTDafa9QKuGDF2Xnsfc="},"senderSigningKey":{"public":"Ba06Hrt1OSQLL8NDGeCXCgniPWUGonFuF5p8rpX4F4Q1"},"senderMessageKeys":[]},{"senderKeyId":1837451474,"senderChainKey":{"iteration":27,"seed":"s+npNE+6GOjZxGZPAA7YbrDsYxVXdqVVogZ+Ap2OKiU="},"senderSigningKey":{"public":"Ba06Hrt1OSQLL8NDGeCXCgniPWUGonFuF5p8rpX4F4Q1"}}]