[{"senderKeyId":1109532896,"senderChainKey":{"iteration":5997,"seed":"wyQHOOKqLZTByqEqpQDCma5SC9EXmOLs6P6Mwe3ytsg="},"senderSigningKey":{"public":"Bdyap1EuzPXuAj7/llKzIZ1FTXoZTzdBNjARRUyFiCpt"},"senderMessageKeys":[{"iteration":5943,"seed":"U6p5us9Z64i7ey1ycw5LsnNYSPVj8HBD9MySgfOLwOM="},{"iteration":5944,"seed":"MYOD2bPWV8TxSC4WoJJBlh6C5elW8z4vaMfCvtiO+y4="},{"iteration":5945,"seed":"uih2W1WcP88ZJVjCjnUfaHVbJoOCFbpJ+jlgX6Mm8XQ="},{"iteration":5946,"seed":"tbYuM+5OqlqqP/beNg6/TygjXhgnef5IQYC0WEnoqT4="},{"iteration":5947,"seed":"NfEijY+o84Y8pCedvrwt8th72gfW0r/lIl6mQ9Oa1oY="},{"iteration":5948,"seed":"XG9++LmyXtCXIclua6YY7vBa4S814jdbnIQ6uS2cMF8="},{"iteration":5949,"seed":"Bvy/H5pVMr9KoaTQwtXIF2+gpSMoHxyY/s/AQRl3su4="},{"iteration":5950,"seed":"YCZDQuwNWix0t9m8WQrDcBUNaMbhEP+DEbB8nUm95Cw="},{"iteration":5951,"seed":"LOGUsS4bjE4G2KwPBcemEe1db8rS3GBjCIxE6xLJoRM="},{"iteration":5952,"seed":"fILXiI6tDXo2pbBYuFy13XkzNdyHTZAdx2ge3NnRQv4="},{"iteration":5953,"seed":"9eld/faQYzzrvGYFuek/8tlZZAW76bLiFpoMih57TFM="},{"iteration":5954,"seed":"7VvdFzpzHeXf/7+e+bPM3B1HmjLDP9OaTQ2ZRDXs+CI="},{"iteration":5955,"seed":"kIz1h4xyt8/SqqiNPY3CJJic1tQLLKLfzsXKr/BaIDw="},{"iteration":5956,"seed":"Ab7LKzUdBsbIfpgL/KrlloEWGifKQJB2b0Xwcw3Dw5A="},{"iteration":5957,"seed":"SAaOuwQR5A8bO158+CqW2YMB0LfY8OGaXNppouhTHss="},{"iteration":5958,"seed":"98CAeebU2kxbkLpLPWrzl4LUuTC1DKZHCNW/lZbb3Io="},{"iteration":5959,"seed":"h6n4XOF8zfSDB2MsmH6ND722Yn0jSuWSK5TONboStvE="},{"iteration":5960,"seed":"l6tskYKTKX9T2HfPpBFEcbfgvFczD7FdB/vqlIN7FhU="},{"iteration":5961,"seed":"M4En4g/Bop2KlRbVfULpxmeW91uqtNxiX/5IiE2jL/k="},{"iteration":5962,"seed":"fi9T8LSeSvpV9x4K43XEv0IRrPfhsHY8OFSlznwCvNk="},{"iteration":5963,"seed":"t6hfY6s7+q5OSZMFqUWfL9NCEB0MIuSP6KafUNwKoKk="},{"iteration":5964,"seed":"1zomirhDcwONk3HTDQY264PNTR6PgBN1N7arsOdTkYY="},{"iteration":5965,"seed":"P1K/qTz7ftUB3qROfhiIO4VCwLiz09ZI+vinvB8JjFo="},{},{},{},{},{},{},{},{},{},{},{},{},{},{},{},{},{},{},{},{},{},{},{},{}]},{"senderKeyId":1109532896,"senderChainKey":{"iteration":5975,"seed":"6WTkUqpyEpAEeqcyTdgOTghz112+/15Bh5/3gUIaP7s="},"senderSigningKey":{"public":"Bdyap1EuzPXuAj7/llKzIZ1FTXoZTzdBNjARRUyFiCpt"},"senderMessageKeys":[{},{},{},{},{},{},{},{},{},{},{},{},{},{},{},{},{},{},{},{},{},{},{},{},{}]},{"senderKeyId":1109532896,"senderChainKey":{"iteration":5955,"seed":"7SpHs5IPnGwuPm2WHa3KM7eXm5/bIf2zrMB5OlI5W4U="},"senderSigningKey":{"public":"Bdyap1EuzPXuAj7/llKzIZ1FTXoZTzdBNjARRUyFiCpt"},"senderMessageKeys":[]},{"senderKeyId":1109532896,"senderChainKey":{"iteration":5959,"seed":"9nEw9/HfKux1Ex3nihl424AGNDldP5sPQUCB8Wi38a4="},"senderSigningKey":{"public":"Bdyap1EuzPXuAj7/llKzIZ1FTXoZTzdBNjARRUyFiCpt"},"senderMessageKeys":[]},{"senderKeyId":1109532896,"senderChainKey":{"iteration":5965,"seed":"zyt0GE46ZEC84F6cPM5+XjI5U2fQn59XnI3YzS1XMKU="},"senderSigningKey":{"public":"Bdyap1EuzPXuAj7/llKzIZ1FTXoZTzdBNjARRUyFiCpt"},"senderMessageKeys":[]}]