[{"senderKeyId":412721467,"senderChainKey":{"iteration":219,"seed":"98wawTyUauByyntLSpM9WK50KBuBzW69+zWk2DNUjrU="},"senderSigningKey":{"public":"BT++5E59Tw0WRKPr9XWEMehr5hy+Lq0IBSR7JFDCVT0h"},"senderMessageKeys":[{},{},{},{},{},{},{},{},{},{},{},{},{},{},{},{},{},{},{},{},{},{},{},{},{},{},{},{},{},{},{},{},{},{},{},{},{},{},{},{},{},{},{},{},{},{},{},{},{},{},{},{},{},{},{},{},{},{},{},{},{},{},{},{},{},{},{},{},{}]},{"senderKeyId":412721467,"senderChainKey":{"iteration":151,"seed":"neAA5EO9Ur6UU8t2lR1D5Q9L2hqDzU73OvfekgUnuME="},"senderSigningKey":{"public":"BT++5E59Tw0WRKPr9XWEMehr5hy+Lq0IBSR7JFDCVT0h"}},{"senderKeyId":412721467,"senderChainKey":{"iteration":171,"seed":"4fhOt5gdf9ee7dKm7RwnqwtXrfFwoTFxV+5tdeOl7Pc="},"senderSigningKey":{"public":"BT++5E59Tw0WRKPr9XWEMehr5hy+Lq0IBSR7JFDCVT0h"}},{"senderKeyId":412721467,"senderChainKey":{"iteration":177,"seed":"cGVbiKM6zuwtymLUdcqMmAkkFyUDvCWKDocLWsVLfR4="},"senderSigningKey":{"public":"BT++5E59Tw0WRKPr9XWEMehr5hy+Lq0IBSR7JFDCVT0h"}},{"senderKeyId":412721467,"senderChainKey":{"iteration":187,"seed":"EKyGshmuRkj5Y6pdJ/A3tjOESVEjMWpiZCfnmLOxLA8="},"senderSigningKey":{"public":"BT++5E59Tw0WRKPr9XWEMehr5hy+Lq0IBSR7JFDCVT0h"}}]