[{"senderKeyId":345359928,"senderChainKey":{"iteration":2,"seed":"qS/So8u+Cdz6DpsOpyOixd5ypWJQAvvn7CZmDpnoI1E="},"senderSigningKey":{"public":"Ba7OSzsLHYS9ezRFXZs0+DCU89CBdPGmPkmmgvn10tls"},"senderMessageKeys":[]},{"senderKeyId":345359928,"senderChainKey":{"iteration":1,"seed":"jSHZqeAXJA4skIGY4U1KlEo39KaBiAPS3ADfWrpKi8U="},"senderSigningKey":{"public":"Ba7OSzsLHYS9ezRFXZs0+DCU89CBdPGmPkmmgvn10tls"},"senderMessageKeys":[]},{"senderKeyId":1955305680,"senderChainKey":{"iteration":1,"seed":"tNDHOR8LtxryMHA/DanVAqQ13y9zeMpmdVQHy+jarwY="},"senderSigningKey":{"public":"BXBbE6DQ0h5GKBqpPHHG00WSHYwhGTRGbpMBu6hD6XZH"},"senderMessageKeys":[]},{"senderKeyId":2101698222,"senderChainKey":{"iteration":0,"seed":"fxjzhT2715lyDl9y8ZI7j/He3ykNhsn01l69r/mdAjI="},"senderSigningKey":{"public":"BWfvMBpwiA32iiMSOoWLaVq6+Wo/tPFBsbleKM/iFylx"},"senderMessageKeys":[]},{"senderKeyId":402607803,"senderChainKey":{"iteration":2,"seed":"N549Ho5Ma7FJdBntDzJt9eWxCPiT8crtwY2rcB70mVM="},"senderSigningKey":{"public":"BRSnQJy3yBXU4Me6xYu+0XAHutt0y6uH6EdRUdCqJvQQ"}}]