[{"senderKeyId":1390893548,"senderChainKey":{"iteration":2,"seed":"34a4KEQ1Zb8/OhdYgIKuamCMaNiEsC5OvrU+Cw5f1jA="},"senderSigningKey":{"public":"BSFnqj6E2Jb0ELibOvnBG9pGv6RsCZbg2afRxYr3c70V"},"senderMessageKeys":[]},{"senderKeyId":1390893548,"senderChainKey":{"iteration":1,"seed":"E1paBdq9/cN7I9E7L/iPTeaxqHaQOLRGdykNIncmooM="},"senderSigningKey":{"public":"BSFnqj6E2Jb0ELibOvnBG9pGv6RsCZbg2afRxYr3c70V"},"senderMessageKeys":[]},{"senderKeyId":321232031,"senderChainKey":{"iteration":5,"seed":"f2nFXdRlqnG6K0TIreNCC06F9G3YJQ+DSIwOkX12oEU="},"senderSigningKey":{"public":"BaK95wSdCsIkLD6V5IQ4zlbK5L/80KcAokGBv2z1+Usf"},"senderMessageKeys":[]},{"senderKeyId":321232031,"senderChainKey":{"iteration":1,"seed":"e2IRK6OH+Zh3kDqvdZf7IRtVToAoqsICacZo9DEFAW4="},"senderSigningKey":{"public":"BaK95wSdCsIkLD6V5IQ4zlbK5L/80KcAokGBv2z1+Usf"}},{"senderKeyId":321232031,"senderChainKey":{"iteration":2,"seed":"v19WxukKuozmanLZEj9z591vt7CcvFXWqggupr0KZYI="},"senderSigningKey":{"public":"BaK95wSdCsIkLD6V5IQ4zlbK5L/80KcAokGBv2z1+Usf"}}]