[{"senderKeyId":2112861305,"senderChainKey":{"iteration":0,"seed":"RQTfAl5RaWNQDF8vJN69l/L6+OQeCE4pUeNsmGiTgs8="},"senderSigningKey":{"public":"Bf7D0LycEXEoPBqXX2euyvCQMAHbEme+JcShANTnQwYB"},"senderMessageKeys":[]},{"senderKeyId":1988309096,"senderChainKey":{"iteration":5,"seed":"JrBfIOn3zbSu/8nBYZyBwdZFJhv5Qae9BtWhnH0v4FE="},"senderSigningKey":{"public":"BbCeW0ClKq9y8DT14xoXj4IGEZWEQ1Lo5Xoil7uD7iwl"},"senderMessageKeys":[]},{"senderKeyId":667517259,"senderChainKey":{"iteration":2,"seed":"yOcM8r57J13we/XComv+oGqTMvFBVUk4ijuabV10wwc="},"senderSigningKey":{"public":"BQq2zPfcwiIhZvpMR/i7O4BaN2PiMURh2uWv7ikNZcdl"},"senderMessageKeys":[]},{"senderKeyId":1510464018,"senderChainKey":{"iteration":2,"seed":"4SZg27n4U2dtlED3tQrB/phrvBh7hz6GdN2Zsou8E9I="},"senderSigningKey":{"public":"Bcg6c026hw0U7ADy/EB9bm+juEdHI82/IrggzE1Ws6Ym"},"senderMessageKeys":[]},{"senderKeyId":254220449,"senderChainKey":{"iteration":2,"seed":"23KpsvdrYF7XihgSrHA1lgJNVvVz+SmZRtp8L9emLh8="},"senderSigningKey":{"public":"BdNpKa94I+ee69LxevS324HaW4JnWWBqkfGGxq/p5hA6"}}]