[{"senderKeyId":159770018,"senderChainKey":{"iteration":7,"seed":"OEj1FXOCdx4VtSoPCdA3enABLxLadLPO/RhWKw9/MSw="},"senderSigningKey":{"public":"BXi76xJPT+F4JXN52PtmHxLNHgfy+Dksr/2Vr7e7j3QM"},"senderMessageKeys":[]},{"senderKeyId":159770018,"senderChainKey":{"iteration":1,"seed":"qhvW1rkq0NqERKFcounNo5+Zy2BHsPCyeOpV0CQHVEc="},"senderSigningKey":{"public":"BXi76xJPT+F4JXN52PtmHxLNHgfy+Dksr/2Vr7e7j3QM"},"senderMessageKeys":[]},{"senderKeyId":159770018,"senderChainKey":{"iteration":3,"seed":"dBKlZzaxwwnCIgn6w57IwUJOmzwDa7dqnJzryHoaLD0="},"senderSigningKey":{"public":"BXi76xJPT+F4JXN52PtmHxLNHgfy+Dksr/2Vr7e7j3QM"},"senderMessageKeys":[]},{"senderKeyId":159770018,"senderChainKey":{"iteration":3,"seed":"dBKlZzaxwwnCIgn6w57IwUJOmzwDa7dqnJzryHoaLD0="},"senderSigningKey":{"public":"BXi76xJPT+F4JXN52PtmHxLNHgfy+Dksr/2Vr7e7j3QM"},"senderMessageKeys":[]},{"senderKeyId":2070972321,"senderChainKey":{"iteration":8,"seed":"iw+gzOCqa08IwWk+x+asXyn58EO1KYanQq5BgbnwBo0="},"senderSigningKey":{"public":"BZ4VhLfJjx7qAe7s+2KtzdnY/ofgZDPF5mZTSOYneYtx"},"senderMessageKeys":[]}]