[{"senderKeyId":328881174,"senderChainKey":{"iteration":391,"seed":"MpxjhN1IHCO7exuYfLQcVq29m/4FyZisdxqbwscPSxw="},"senderSigningKey":{"public":"BZ7M9bTtkhChhrQHUSKS3dQtebXxHApAve6ChsNydWlI"},"senderMessageKeys":[{},{},{},{},{},{},{},{},{},{},{},{},{},{},{},{},{},{},{},{},{},{},{},{},{},{},{},{},{},{},{},{},{}]},{"senderKeyId":328881174,"senderChainKey":{"iteration":367,"seed":"H3XI87c+NhsRi2Jg7D5mFo4sODz39zvXmGpCQOKnDm4="},"senderSigningKey":{"public":"BZ7M9bTtkhChhrQHUSKS3dQtebXxHApAve6ChsNydWlI"},"senderMessageKeys":[]},{"senderKeyId":328881174,"senderChainKey":{"iteration":375,"seed":"eiGecYTMJeNl54YSRKq+5ZXgspACe6u4Q1JStGkwhU4="},"senderSigningKey":{"public":"BZ7M9bTtkhChhrQHUSKS3dQtebXxHApAve6ChsNydWlI"},"senderMessageKeys":[]},{"senderKeyId":328881174,"senderChainKey":{"iteration":383,"seed":"ccCziVhyeyPAXlTHkDeT9enFgJ/ouJUsWnGFGUxqLd0="},"senderSigningKey":{"public":"BZ7M9bTtkhChhrQHUSKS3dQtebXxHApAve6ChsNydWlI"}},{"senderKeyId":328881174,"senderChainKey":{"iteration":389,"seed":"BhrdmJ9Ev3BAIFIz272K9xyvkq4sZE0IhYC4KWHLqN0="},"senderSigningKey":{"public":"BZ7M9bTtkhChhrQHUSKS3dQtebXxHApAve6ChsNydWlI"}}]