[{"senderKeyId":2102280719,"senderChainKey":{"iteration":3,"seed":"+M9ocj3TBbaZnBzobPIOknJRodVvARXuEixG97f5V88="},"senderSigningKey":{"public":"BZtqlooR8A6tWqZWAkOkeio7nulfT9jxk90JG9yykoYB"},"senderMessageKeys":[]},{"senderKeyId":2102280719,"senderChainKey":{"iteration":3,"seed":"+M9ocj3TBbaZnBzobPIOknJRodVvARXuEixG97f5V88="},"senderSigningKey":{"public":"BZtqlooR8A6tWqZWAkOkeio7nulfT9jxk90JG9yykoYB"},"senderMessageKeys":[]},{"senderKeyId":38791997,"senderChainKey":{"iteration":1,"seed":"gUZ6J73iKHFG/vxhoghelb1+7PPCftuSFY9KO7VdexY="},"senderSigningKey":{"public":"BbIwrnHs0af08+/Q5J7PNSAAT9Vs2Wwn+d8DpbVWWxhq"},"senderMessageKeys":[]},{"senderKeyId":2068002550,"senderChainKey":{"iteration":2,"seed":"pdv+d0ZSZMItLPxaPdPAWXTv/ngaw0zmVf7kb+wuH78="},"senderSigningKey":{"public":"Be4gu35k97XFIVDwQFwJ5nXx7P/EjkItFdzahTX5oeBN"},"senderMessageKeys":[]}]